c0b58536a5f1:1906493:1906493 [1] NCCL INFO cudaDriverVersion 12040
c0b58536a5f1:1906493:1906493 [1] NCCL INFO NCCL_SOCKET_IFNAME set by environment to eth0
c0b58536a5f1:1906493:1906493 [1] NCCL INFO NCCL_SOCKET_IFNAME set to eth0
c0b58536a5f1:1906493:1906493 [1] NCCL INFO Bootstrap : Using eth0:172.17.0.2<0>
c0b58536a5f1:1906493:1906493 [1] NCCL INFO NET/Plugin: Failed to find ncclNetPlugin_v7 symbol.
c0b58536a5f1:1906493:1906493 [1] NCCL INFO NET/Plugin: Loaded net plugin NCCL RDMA Plugin v6 (v6)
c0b58536a5f1:1906493:1906493 [1] NCCL INFO NET/Plugin: Failed to find ncclCollNetPlugin_v7 symbol.
c0b58536a5f1:1906493:1906493 [1] NCCL INFO NET/Plugin: Loaded coll plugin SHARP (v6)
c0b58536a5f1:1906493:1906493 [1] NCCL INFO init.cc:1627 Cuda Host Alloc Size 4 pointer 0x7fba53400000
c0b58536a5f1:1906493:1906953 [1] NCCL INFO Plugin Path : /opt/hpcx/nccl_rdma_sharp_plugin/lib/libnccl-net.so
c0b58536a5f1:1906493:1906953 [1] NCCL INFO P2P plugin IBext
c0b58536a5f1:1906493:1906953 [1] NCCL INFO NCCL_SOCKET_IFNAME set by environment to eth0
c0b58536a5f1:1906493:1906953 [1] NCCL INFO NCCL_SOCKET_IFNAME set to eth0
c0b58536a5f1:1906493:1906953 [1] NCCL INFO NET/IB : No device found.
c0b58536a5f1:1906493:1906953 [1] NCCL INFO NCCL_SOCKET_IFNAME set by environment to eth0
c0b58536a5f1:1906493:1906953 [1] NCCL INFO NET/IB : No device found.
c0b58536a5f1:1906493:1906953 [1] NCCL INFO NCCL_SOCKET_IFNAME set by environment to eth0
c0b58536a5f1:1906493:1906953 [1] NCCL INFO NET/Socket : Using [0]eth0:172.17.0.2<0>
c0b58536a5f1:1906493:1906953 [1] NCCL INFO Using non-device net plugin version 0
c0b58536a5f1:1906493:1906953 [1] NCCL INFO Using network Socket
c0b58536a5f1:1906493:1906953 [1] NCCL INFO comm 0x55f3ea289900 rank 1 nrc0b58536a5f1:1906492:1906920 [0] NCCL INFO comm 0x56328a97bc90 rank 0 nranks 2c0b58536a5f1:1906493:1906953 [1] NCCL INFO NET/Socket : GPU Direct RDMA Disabled for HCA 0 'eth0'
c0b58536a5f1:1906493:1906953 [1] NCCL INFO === System : maxBw 160.0 totalBw 160.0 ===
c0b58536a5f1:1906493:1906953 [1] NCCL INFO CPU/0 (1/1/2)
c0b58536a5f1:1906493:1906953 [1] NCCL INFO + PCI[5000.0] - NIC/0
c0b58536a5f1:1906493:1906953 [1] NCCL INFO + PCI[24.0] - PCI/14000 (1000c01010000000)
c0b58536a5f1:1906493:1906953 [1] NCCL INFO               + PCI[24.0] - PCI/25000 (1000c01010de13b8)
c0b58536a5f1:1906493:1906953 [1] NCCL INFO                             + PCI[24.0] - GPU/27000 (0)
c0b58536a5f1:1906493:1906953 [1] NCCL INFO                                           + NVL[160.0] - NVS/0
c0b58536a5f1:1906493:1906953 [1] NCCL INFO               + PCI[24.0] - PCI/2B000 (1000c01010de13b8)
c0b58536a5f1:1906493:1906953 [1] NCCL INFO                             + PCI[24.0] - GPU/2D000 (1)
c0b58536a5f1:1906493:1906953 [1] NCCL INFO                                           + NVL[160.0] - NVS/0
c0b58536a5f1:1906493:1906953 [1] NCCL INFO ==========================================
c0b58536a5f1:1906493:1906953 [1] NCCL INFO GPU/27000 :GPU/27000 (0/5000.000000/LOC) GPU/2D000 (2/160.000000/NVL) NVS/0 (1/160.000000/NVL) CPU/0 (3/24.000000/PHB) 
c0b58536a5f1:1906493:1906953 [1] NCCL INFO GPU/2D000 :GPU/27000 (2/160.000000/NVL) GPU/2D000 (0/5000.000000/LOC) NVS/0 (1/160.000000/NVL) CPU/0 (3/24.000000/PHB) 
c0b58536a5f1:1906493:1906953 [1] NCCL INFO Setting affinity for GPU 1 to ffffffff,00000000,ffffffff
c0b58536a5f1:1906493:1906953 [1] NCCL INFO Pattern 4, crossNic 0, nChannels 8, bw 20.000000/20.000000, type NVL/PIX, sameChannels 1
c0b58536a5f1:1906493:1906953 [1] NCCL INFO  0 : GPU/0 GPU/1
c0b58536a5f1:1906493:1906953 [1] NCCL INFO  1 : GPU/0 GPU/1
c0b58536a5f1:1906493:1906953 [1] NCCL INFO  2 : GPU/0 GPU/1
c0b58536a5f1:1906493:1906953 [1] NCCL INFO  3 : GPU/0 GPU/1
c0b58536a5f1:1906493:1906953 [1] NCCL INFO  4 : GPU/0 GPU/1
c0b58536a5f1:1906493:1906953 [1] NCCL INFO  5 : GPU/0 GPU/1
c0b58536a5f1:1906493:1906953 [1] NCCL INFO  6 : GPU/0 GPU/1
c0b58536a5f1:1906493:1906953 [1] NCCL INFO  7 : GPU/0 GPU/1
c0b58536a5f1:1906493:1906953 [1] NCCL INFO Pattern 1, crossNic 0, nChannels 8, bw 40.000000/40.000000, type NVL/PIX, sameChannels 0
c0b58536a5f1:1906493:1906953 [1] NCCL INFO  0 : GPU/0 GPU/1
c0b58536a5f1:1906493:1906953 [1] NCCL INFO  1 : GPU/0 GPU/1
c0b58536a5f1:1906493:1906953 [1] NCCL INFO  2 : GPU/0 GPU/1
c0b58536a5f1:1906493:1906953 [1] NCCL INFO  3 : GPU/0 GPU/1
c0b58536a5f1:1906493:1906953 [1] NCCL INFO  4 : GPU/1 GPU/0
c0b58536a5f1:1906493:1906953 [1] NCCL INFO  5 : GPU/1 GPU/0
c0b58536a5f1:1906493:1906953 [1] NCCL INFO  6 : GPU/1 GPU/0
c0b58536a5f1:1906493:1906953 [1] NCCL INFO  7 : GPU/1 GPU/0
c0b58536a5f1:1906493:1906953 [1] NCCL INFO Tree 0 : 0 -> 1 -> -1/-1/-1
c0b58536a5f1:1906493:1906953 [1] NCCL INFO Tree 8 : 0 -> 1 -> -1/-1/-1
c0b58536a5f1:1906493:1906953 [1] NCCL INFO Tree 1 : 0 -> 1 -> -1/-1/-1
c0b58536a5f1:1906493:1906953 [1] NCCL INFO Tree 9 : 0 -> 1 -> -1/-1/-1
cc0b58536a5f1:1906492:1906920 [0] NCCL INFO Tree 9 : -1 -> 0 -> 1/-1/-1cc0b58536a5f1:1906492:1906920 [0] NCCL INFO Tree 2 : -1 -> 0 -> 1/-1/-1
c0b58536a5f1:1906492:1906920 [0] NCCL INFO Tree 10 : -1 -> 0 -> 1/-1/-1
c0b58536a5f1:1906492:1906920 [0] NCCL INFO Tree 3 : -1 -> 0 -> 1/-1/-1
c0b58536a5f1:1906492:1906920 [0] NCCL INFO Tree 11 : -1 -> 0 -> 1/-1/-1
c0b58536a5f1:1906492:1906920 [0] NCCL INFO Tree 4 : 1 -> 0 -> -1/-1/-1
c0b58536a5f1:1906492:1906920 [0] NCCL INFO Tree 12 : 1 -> 0 -> -1/-1/-1
c0b58536a5f1:1906492:1906920 [0] NCCL INFO Tree 5 : 1 -> 0 -> -1/-1/-1
c0b58536a5f1:1906492:1906920 [0] NCCL INFO Tree 13 : 1 -> 0 -> -1/-1/-1
c0b58536a5f1:1906492:1906920 [0] NCCL INFO Tree 6 : 1 -> 0 -> -1/-1/-1
c0b58536a5f1:1906492:1906920 [0] NCCL INFO Tree 14 : 1 -> 0 -> -1/-1/-1
c0b58536a5f1:1906492:1906920 [0] NCCL INFO Tree 7 : 1 -> 0 -> -1/-1/-1
c0b58536a5f1:1906492:1906920 [0] NCCL INFO Tree 15 : 1 -> 0 -> -1/-1/-1
c0b58536a5f1:1906492:1906920 [0] NCCL INFO Channel 00/16 :    0   1
c0b58536a5f1:1906492:1906920 [0] NCCL INFO Channel 01/16 :    0   1
c0b58536a5f1:1906492:1906920 [0] NCCL INFO Channel 02/16 :    0   1
c0b58536a5f1:1906492:1906920 [0] NCCL INFO Channel 03/16 :    0   1
c0b58536a5f1:1906492:1906920 [0] NCCL INFO Channel 04/16 :    0   1
c0b58536a5f1:1906492:1906920 [0] NCCL INFO Channel 05/16 :    0   1
c0b58536a5f1:1906492:1906920 [0] NCCL INFO Channel 06/16 :    0   1
c0b58536a5f1:1906492:1906920 [0] NCCL INFO Channel 07/16 :    0   1
c0b58536a5f1:1906492:1906920 [0] NCCL INFO Channel 08/16 :    0   1
c0b58536a5f1:1906492:1906920 [0] NCCL INFO Channel 09/16 :    0   1
c0b58536a5f1:1906492:1906920 [0] NCCL INFO Channel 10/16 :    0   1
c0b58536a5f1:1906492:1906920 [0] NCCL INFO Channel 11/16 :    0   1
c0b58536a5f1:1906492:1906920 [0] NCCL INFO Channel 12/16 :    0   1
c0b58536a5f1:1906492:1906920 [0] NCCL INFO Channel 13/16 :    0   1
c0b58536a5f1:1906492:1906920 [0] NCCL INFO Channel 14/16 :    0   1
c0b58536a5f1:1906492:1906920 [0] NCCL INFO Channel 15/16 :    0   1
c0b58536a5f1:1906492:1906920 [0] NCCL INFO Ring 00 : 1 -> 0 -> 1
c0b58536a5f1:1906492:1906920 [0] NCCL INFO Ring 01 : 1 -> 0 -> 1
c0b58536a5f1:1906492:1906920 [0] NCCL INFO Ring 02 : 1 -> 0 -> 1
c0b58536a5f1:1906492:1906920 [0] NCCL INFO Ring 03 : 1 -> 0 -> 1
c0b58536a5f1:1906492:1906920 [0] NCCL INFO Ring 04 : 1 -> 0 -> 1
c0b58536a5f1:1906492:1906920 [0] NCCL INFO Ring 05 : 1 -> 0 -> 1
c0b58536a5f1:c0b58536a5f1:1906493:1906953 [1] NCCL INFO channel.cc:40 Cuda Alloc Size 1216 pointer 0x7fb9e4600000
c0b58536a5f1:1906493:1906953 [1] NCCL INFO channel.cc:43 Cuda Alloc Size 40 pointer 0x7fb9e4800000
c0b58536a5f1:1906493:1906953 [1] NCCL INFO channel.cc:54 Cuda Alloc Size 8 pointer 0x7fb9e4a00000
c0b58536a5f1:1906493:1906953 [1] NCCL INFO channel.cc:40 Cuda Alloc Size 1216 pointer 0x7fb9e4c00000
c0b58536a5f1:1906493:1906953 [1] NCCL INFO channel.cc:43 Cuda Alloc Size 40 pointer 0x7fb9e4e00000
c0b58536a5f1:1906493:1906953 [1] NCCL INFO channel.cc:54 Cuda Alloc Size 8 pointer 0x7fb9e5000000
c0b58536a5f1:1906493:1906953 [1] NCCL INFO channel.cc:40 Cuda Alloc Size 1216 pointer 0x7fb9e5200000
c0b58536a5f1:1906493:1906953 [1] NCCL INFO channel.cc:43 Cuda Alloc Size 40 pointer 0x7fb9e5400000
c0b58536a5f1:1906493:1906953 [1] NCCL INFO channel.cc:54 Cuda Alloc Size 8 pointer 0x7fb9e5600000
c0b58536a5f1:1906493:1906953 [1] NCCL INFO channel.cc:40 Cuda Alloc Size 1216 pointer 0x7fb9e5800000
c0b58536a5f1:1906493:1906953 [1] NCCL INFO channel.cc:43 Cuda Alloc Size 40 pointer 0x7fb9e5a00000
c0b58536a5f1:1906493:1906953 [1] NCCL INFO channel.cc:54 Cuda Alloc Size 8 pointer 0x7fb9e5c00000
c0b58536a5f1:1906493:1906953 [1] NCCL INFO channel.cc:40 Cuda Alloc Size 1216 pointer 0x7fb9e5e00000
c0b58536a5f1:1906493:1906953 [1] NCCL INFO channel.cc:43 Cuda Alloc Size 40 pointer 0x402000000
c0b58536a5f1:1906493:1906953 [1] NCCL INFO channel.cc:54 Cuda Alloc Size 8 pointer 0x402200000
c0b58536a5f1:1906493:1906953 [1] NCCL INFO channel.cc:40 Cuda Alloc Size 1216 pointer 0x402400000
c0b58536a5f1:1906493:1906953 [1] NCCL INFO channel.cc:43 Cuda Alloc Size 40 pointer 0x402600000
c0b58536a5f1:1906493:1906953 [1] NCCL INFO channel.cc:54 Cuda Alloc Size 8 pointer 0x402800000
c0b58536a5f1:1906493:1906953 [1] NCCL INFO channel.cc:40 Cuda Alloc Size 1216 pointer 0x402a00000
c0b58536a5f1:1906493:1906953 [1] NCCL INFO channel.cc:43 Cuda Alloc Size 40 pointer 0x402c00000
c0b58536a5f1:1906493:1906953 [1] NCCL INFO channel.cc:54 Cuda Alloc Size 8 pointer 0x402e00000
c0b58536a5f1:1906493:1906953 [1] NCCL INFO channel.cc:40 Cuda Alloc Size 1216 pointer 0x403000000
c0b58536a5f1:1906493:1906953 [1] NCCL INFO channel.cc:43 Cuda Alloc Size 40 pointer 0x403200000
c0b58536a5f1:1906493:1906953 [1] NCCL INFO channel.cc:54 Cuda Alloc Size 8 pointer 0x403400000
c0b58536a5f1:1906493:1906953 [1] NCCL INFO channel.cc:40 Cuda Alloc Size 1216 pointer 0x403600000
c0b58536a5f1:1906493:1906953 [1] NCCL INFO channel.cc:43 Cuda Alloc Size 40 pointer 0x403800000
c0b58536a5f1:1906493:1906953 [1] NCCL INFO channel.cc:54 Cuda Alloc Size 8 pointer 0x403a00000
c0b58536a5f1:1906493:1906953 [1] NCCL INFO channel.cc:40 Cuda Alloc Size 1216 pointer 0x403c00000
c0b58536a5f1:1906493:1906953 [1] NCCL INFO channel.cc:43 Cuda Alloc Size 40 pointer 0x403e00000
c0b58536a5f1:1906493:1906953 [1] NCCL INFO channel.cc:54 Cuda Alloc Size 8 pointer 0x404000000
c0b58536a5f1:1906493:1906953 [1] NCCL INFO channel.cc:40 Cuda Alloc Size 1216 pointer 0x404200000
c0b58536a5f1:1906493:1906953 [1] NCCL INFO channel.cc:43 Cuda Alloc Size 40 pointer 0x404400000
c0b58536a5f1:1906493:1906953 [1] NCCL INFO channel.cc:54 Cuda Alloc Size 8 pointer 0x404600000
c0b58536a5f1:1906493:1906953 [1] NCCL INFO channel.cc:40 Cuda Alloc Size 1216 pointer 0x404800000
c0b58536a5f1:1906493:1906953 [1] NCCL INFO channel.cc:43 Cuda Alloc Size 40 pointer 0x404a00000
c0b58536a5f1:1906493:1906953 [1] NCCL INFO channel.cc:54 Cuda Alloc Size 8 pointer 0x404c00000
c0b58536a5f1:1906493:1906953 [1] NCCL INFO channel.cc:40 Cuda Alloc Size 1216 pointer 0x404e00000
c0b58536a5f1:1906493:1906953 [1] NCCL INFO channel.cc:43 Cuda Alloc Size 40 pointer 0x405000000
c0b58536a5f1:1906493:1906953 [1] NCCL INFO channel.cc:54 Cuda Alloc Size 8 pointer 0x405200000
c0b58536a5f1:1906493:1906953 [1] NCCL INFO channel.cc:40 Cuda Alloc Size 1216 pointer 0x405400000
c0b58536a5f1:1906493:1906953 [1] NCCL INFO channel.cc:43 Cuda Alloc Size 40 pointer 0x405600000
c0b58536a5f1:1906493:1906953 [1] NCCL INFO channel.cc:54 Cuda Alloc Size 8 pointer 0x405800000
c0b58536a5f1:1906493:1906953 [1] NCCL INFO channel.cc:40 Cuda Alloc Size 1216 pointer 0x405a00000
c0b58536a5f1:1906493:1906953 [1] NCCL INFO channel.cc:43 Cuda Alloc Size 40 pointer 0x405c00000
c0b58536a5f1:1906493:1906953 [1] NCCL INFO channel.cc:54 Cuda Alloc Size 8 pointer 0x405e00000
c0b58536a5f1:1906493:1906953 [1] NCCL INFO channel.cc:40 Cuda Alloc Size 1216 pointer 0x406000000
c0b58536a5f1:1906493:1906953 [1] NCCL INFO channel.cc:43 Cuda Alloc Size 40 pointer 0x406200000
c0b58536a5f1:1906493:1906953 [1] NCCL INFO channel.cc:54 Cuda Alloc Size 8 pointer 0x406400000
c0b58536a5f1:1906493:1906965 [1] NCCL INFO Mem Realloc old size 0, new size 8 pointer 0x7fb92c004f20
c0b58536a5f1:1906493:1906965 [1] NCCL INFO New proxy recv connection 0 from local rank 1, transport 0
c0b58536a5f1:1906493:1906965 [1] NCCL INFO proxyProgressAsync opId=0x7fb93b4d9d70 op.type=1 op.reqBuff=0x7fb92c004ee0 op.respSize=16 done
c0b58536a5f1:1906493:1906953 [1] NCCL INFO ncclPollProxyResponse Received new opId=0x7fb93b4d9d70
c0b58536a5f1:1906493:1906953 [1] NCCL INFO resp.opId=0x7fb93b4d9d70 matches expected opId=0x7fb93b4d9d70
c0b58536a5f1:1906493:1906953 [1] NCCL INFO Connected to proxy localRank 1 -> connection 0x7fb92c004f40
c0b58536a5f1:1906493:1906965 [1] NCCL INFO Received and initiated operation=Init res=0
c0b58536a5f1:1906493:1906965 [1] NCCL INFO Allocated shareable buffer 0x406600000 size 6291456 ipcDesc 0x7fb92c008bc0
c0b58536a5f1:190649c0b58536a5f1:1906492:1906920 [0] NCCL INFO channel.cc:40 Cuda Alloc Size 1216 pointer 0x406000000
c0b58536a5f1:1906492:1906920 [0] NCCL INFO channel.cc:43 Cuda Alloc Size 40 pointer 0x406200000
c0b58536a5f1:1906492:1906920 [0] NCCL INFO channel.cc:54 Cuda Alloc Size 8 pointer 0x406400000
c0b58536a5f1:1906492:1906966 [0] NCCL INFO Mem Realloc old size 0, new size 8 pointer 0x7fe2c0000bf0
c0b58536a5f1:1906492:1906966 [0] NCCL INFO New proxy recv connection 0 from local rank 0, transport 0
c0b58536a5f1:1906492:1906966 [0] NCCL INFO proxyProgressAsync opId=0x7fe2b74d9d70 op.type=1 op.reqBuff=0x7fe2c0000bb0 op.respSize=16 done
c0b58536a5f1:1906492:1906920 [0] NCCL INFO ncclPollProxyResponse Received new opId=0x7fe2b74d9d70
c0b58536a5f1:1906492:1906966 [0] NCCL INFO Received and initiated operation=Init res=0
c0b58536a5f1:1906492:1906920 [0] NCCL INFO resp.opId=0x7fe2b74d9d70 matches expected opId=0x7fe2b74d9d70
c0b58536a5f1:1906492:1906920 [0] NCCL INFO Connected to proxy localRank 0 -> connection 0x7fe2c0004f50
c0b58536a5f1:1906492:1906966 [0] NCCL INFO Allocated shareable buffer 0x406600000 size 6291456 ipcDesc 0x7fe2c0008bd0
c0b58536a5f1:1906492:1906966 [0] NCCL INFO proxyProgressAsync opId=0x7fe2b74d9d70 op.type=3 op.reqBuff=0x7fe2c0008ba0 op.respSize=80 done
c0b58536a5f1:1906492:1906920 [0] NCCL INFO ncclPollProxyResponse Received new opId=0x7fe2b74d9d70
c0b58536a5f1:1906492:1906966 [0] NCCL INFO Received and initiated operation=Setup res=0
c0b58536a5f1:1906492:1906920 [0] NCCL INFO resp.opId=0x7fe2b74d9d70 matches expected opId=0x7fe2b74d9d70
c0b58536a5f1:1906492:1906966 [0] NCCL INFO New proxy recv connection 1 from local rank 0, transport 0
c0b58536a5f1:1906492:1906966 [0] NCCL INFO proxyProgressAsync opId=0x7fe2b74d9d70 op.type=1 op.reqBuff=0x7fe2c000a300 op.respSize=16 done
c0b58536a5f1:1906492:1906920 [0] NCCL INFO ncclPollProxyResponse Received new opId=0x7fe2b74d9d70
c0b58536a5f1:1906492:1906966 [0] NCCL INFO Received and initiated operation=Init res=0
c0b58536a5f1:1906492:1906920 [0] NCCL INFO resp.opId=0x7fe2b74d9d70 matches expected opId=0x7fe2b74d9d70
c0b58536a5f1:1906492:1906920 [0] NCCL INFO Connected to proxy localRank 0 -> connection 0x7fe2c0004fc8
c0b58536a5f1:1906492:1906966 [0] NCCL INFO Allocated shareable buffer 0x406c00000 size 6291456 ipcDesc 0x7fe2c000a3b0
c0b58536a5f1:1906492:1906966 [0] NCCL INFO proxyProgressAsync opId=0x7fe2b74d9d70 op.type=3 op.reqBuff=0x7fe2c000a380 op.respSize=80 done
c0b58536a5f1:1906492:1906920 [0] NCCL INFO ncclPollProxyResponse Received new opId=0x7fe2b74d9d70
c0b58536a5f1:1906492:1906966 [0] NCCL INFO Received and initiated operation=Setup res=0
c0b58536a5f1:1906492:1906920 [0] NCCL INFO resp.opId=0x7fe2b74d9d70 matches expected opId=0x7fe2b74d9d70
c0b58536a5f1:1906492:1906966 [0] NCCL INFO New proxy recv connection 2 from local rank 0, transport 0
c0b58536a5f1:1906492:1906966 [0] NCCL INFO proxyProgressAsync opId=0x7fe2b74d9d70 op.type=1 op.reqBuff=0x7fe2c000ba80 op.respSize=16 done
c0b58536a5f1:1906492:1906920 [0] NCCL INFO ncclPollProxyResponse Received new opId=0x7fe2b74d9d70
c0b58536a5f1:1906492:1906966 [0] NCCL INFO Received and initiated operation=Init res=0
c0b58536a5f1:1906492:1906920 [0] NCCL INFO resp.opId=0x7fe2b74d9d70 matches expected opId=0x7fe2b74d9d70
c0b58536a5f1:1906492:1906920 [0] NCCL INFO Connected to proxy localRank 0 -> connection 0x7fe2c0005040
c0b58536a5f1:1906492:1906966 [0] NCCL INFO Allocated shareable buffer 0x407200000 size 6291456 ipcDesc 0x7fe2c000bb10
c0b58536a5f1:1906492:1906966 [0] NCCL INFO proxyProgressAsync opId=0x7fe2b74d9d70 op.type=3 op.reqBuff=0x7fe2c000baa0 op.respSize=80 done
c0b58536a5f1:1906492:1906920 [0] NCCL INFO ncclPollProxyResponse Received new opId=0x7fe2b74d9d70
c0b58536a5f1:1906492:1906966 [0] NCCL INFO Received and initiated operation=Setup res=0
c0b58536a5f1:1906492:1906920 [0] NCCL INFO resp.opId=0x7fe2b74d9d70 matches expected opId=0x7fe2b74d9d70
c0b58536a5f1:1906492:1906966 [0] NCCL INFO New proxy recv connection 3 from local rank 0, transport 0
c0b58536a5f1:1906492:1906966 [0] NCCL INFO proxyProgressAsync opId=0x7fe2b74d9d70 op.type=1 op.reqBuff=0x7fe2c000baa0 op.respSize=16 done
c0b58536a5f1:1906492:1906920 [0] NCCL INFO ncclPollProxyResponse Received new opId=0x7fe2b74d9d70
c0b58536a5f1:1906492:1906966 [0] NCCL INFO Received and initiated operation=Init res=0
c0b58536a5f1:1906492:1906920 [0] NCCL INFO resp.opId=0x7fe2b74d9d70 matches expected opId=0x7fe2b74d9d70
c0b58536a5f1:1906492:1906920 [0] NCCL INFO Connected to proxy localRank 0 -> connection 0x7fe2c00050b8
c0b58536a5f1:1906492:1906966 [0] NCCL INFO Allocated shareable buffer 0x407800000 size 6291456 ipcDesc 0x7fe2c000d250
c0b58536a5f1:1906492:1906966 [0] NCCL INFO proxyProgressAsync opId=0x7fe2b74d9d70 op.type=3 op.reqBuff=0x7fe2c000d1e0 op.respSize=80 done
c0b58536a5f1:1906492:1906920 [0] NCCL INFO ncclPollProxyResponse Received new opId=0x7fe2b74d9d70
c0b58536a5f1:1906492:1906966 [0] NCCL INFO Received and initiated operation=Setup res=0
c0b58536a5f1:1906492:1906920 [0] NCCL INFO resp.opId=0x7fe2b74d9d70 matches expected opId=0x7fe2b74d9d70
c0b58536a5f1:1906492:1906966 [0] NCCL INFO New proxy recv connection 4 from local rank 0, transport 0
c0b58536a5f1:1906492:1906966 [0] NCCL INFO proxyProgressAsync opId=0x7fe2b74d9d70 op.type=1 op.reqBuff=0x7fe2c000d1e0 op.respSize=16 done
c0b58536a5f1:1906492:1906920 [0] NCCL INFO ncclPollProxyResponse Received new opId=0x7fe2b74d9d70
c0b58536a5f1:1906492:1906966 [0] NCCL INFO Received and initiated operation=Init res=0
c0b58536a5f1:1906492:1906920 [0] NCCL INFO resp.opId=0x7fe2b74d9d70 matches expected opId=0x7fe2b74d9d70
c0b58536a5f1:1906492:1906920 [0] NCCL INFO Connected to proxy localRank 0 -> connection 0x7fe2c0005130
c0b58536a5f1:1906492:1906966 [0] NCCL INFO Allocated shareable buffer 0x408000000 size 6291456 ipcDesc 0x7fe2c000e970
c0b58536a5f1:1906492:1906966 [0] NCCL INFO proxyProgressAsync opId=0x7fe2b74d9d70 op.type=3 op.reqBuff=0x7fe2c000e900 op.respSize=80 done
c0b58536a5f1:1906492:1906920 [0] NCCL INFO ncclPollProxyResponse Received new opId=0x7fe2b74d9d70
c0b58536a5f1:1906492:1906966 [0] NCCL INFO Received and initiated operation=Setup res=0
c0b58536a5f1:1906492:1906920 [0] NCCL INFO resp.opId=0x7fe2b74d9d70 matches expected opId=0x7fe2b74d9d70
c0b58536a5f1:1906492:1906966 [0] NCCL INFO New proxy recv connection 5 from local rank 0, transport 0
c0b58536a5f1:1906492:1906966 [0] NCCL INFO proxyProgressAsync opId=0x7fe2b74d9d70 op.type=1 op.reqBuff=0x7fe2c000e900 op.respSize=16 done
c0b58536a5f1:1906492:1906920 [0] NCCL INFO ncclPollProxyResponse Received new opId=0x7fe2b74d9d70
c0b58536a5f1:1906492:1906966 [0] NCCL INFO Received and initiated operation=Init res=0
c0b58536a5f1:1906492:1906920 [0] NCCL INFO resp.opId=0x7fe2b74d9d70 matches expected opId=0x7fe2b74d9d70
c0b58536a5f1:1906492:1906920 [0] NCCL INFO Connected to proxy localRank 0 -> connection 0x7fe2c00051a8
c0b58536a5f1:1906492:1906966 [0] NCCL INFO Allocated shareable buffer 0x408600000 size 6291456 ipcDesc 0x7fe2c00104e0
c0b58536a5f1:1906492:1906966 [0] NCCL INFO proxyProgressAsync opId=0x7fe2b74d9d70 op.type=3 op.reqBuff=0x7fe2c0010470 op.respSize=80 done
c0b58536a5f1:1906492:1906920 [0] NCCL INFO ncclPollProxyResponse Received new opId=0x7fe2b74d9d70
c0b58536a5f1:1906492:1906966 [0] NCCL INFO Received and initiated operation=Setup res=0
c0b58536a5f1:1906492:1906920 [0] NCCL INFO resp.opId=0x7fe2b74d9d70 matches expected opId=0x7fe2b74d9d70
c0b58536a5f1:1906492:1906966 [0] NCCL INFO New proxy recv connection 6 from local rank 0, transport 0
c0b58536a5f1:1906492:1906966 [0] NCCL INFO proxyProgressAsync opId=0x7fe2b74d9d70 op.type=1 op.reqBuff=0x7fe2c0010470 op.respSize=16 done
c0b58536a5f1:1906492:1906920 [0] NCCL INFO ncclPollProxyResponse Received new opId=0x7fe2b74d9d70
c0b58536a5f1:1906492:1906966 [0] NCCL INFO Received and initiated operation=Init res=0
c0b58536a5f1:1906492:1906920 [0] NCCL INFO resp.opId=0x7fe2b74d9d70 matches expected opId=0x7fe2b74d9d70
c0b58536a5f1:1906492:1906920 [0] NCCL INFO Connected to proxy localRank 0 -> connection 0x7fe2c0005220
c0b58536a5f1:1906492:1906966 [0] NCCL INFO Allocated shareable buffer 0x408c00000 size 6291456 ipcDesc 0x7fe2c0011c00
c0b58536a5f1:1906492:1906966 [0] NCCL INFO proxyProgressAsync opId=0x7fe2b74d9d70 op.type=3 op.reqBuff=0x7fe2c0011b90 op.respSize=80 done
c0b58536a5f1:1906492:1906920 [0] NCCL INFO ncclPollProxyResponse Received new opId=0x7fe2b74d9d70
c0b58536a5f1:1906492:1906966 [0] NCCL INFO Received and initiated operation=Setup res=0
c0b58536a5f1:1906492:1906920 [0] NCCL INFO resp.opId=0x7fe2b74d9d70 matches expected opId=0x7fe2b74d9d70
c0b58536a5f1:1906492:1906966 [0] NCCL INFO New proxy recv connection 7 from local rank 0, transport 0
c0b58536a5f1:1906492:1906966 [0] NCCL INFO proxyProgressAsync opId=0x7fe2b74d9d70 op.type=1 op.reqBuff=0x7fe2c0011b90 op.respSize=16 done
c0b58536a5f1:1906492:1906920 [0] NCCL INFO ncclPollProxyResponse Received new opId=0x7fe2b74d9d70
c0b58536a5f1:1906492:1906966 [0] NCCL INFO Received and initiated operation=Init res=0
c0b58536a5f1:1906492:1906920 [0] NCCL INFO resp.opId=0x7fe2b74d9d70 matches expected opId=0x7fe2b74d9d70
c0b58536a5f1:1906492:1906920 [0] NCCL INFO Connected to proxy localRank 0 -> connection 0x7fe2c0005298
c0b58536a5f1:1906492:1906966 [0] NCCL INFO Allocated shareable buffer 0x409200000 size 6291456 ipcDesc 0x7fe2c00132e0
c0b58536a5f1:1906492:1906966 [0] NCCL INFO proxyProgressAsync opId=0x7fe2b74d9d70 op.type=3 op.reqBuff=0x7fe2c00132b0 op.respSize=80 done
c0b58536a5f1:1906492:1906920 [0] NCCL INFO ncclPollProxyResponse Received new opId=0x7fe2b74d9d70
c0b58536a5f1:1906492:1906966 [0] NCCL INFO Received and initiated operation=Setup res=0
c0b58536a5f1:1906492:1906920 [0] NCCL INFO resp.opId=0x7fe2b74d9d70 matches expected opId=0x7fe2b74d9d70
c0b58536a5f1:1906492:1906966 [0] NCCL INFO New proxy recv connection 8 from local rank 0, transport 0
c0b58536a5f1:1906492:1906966 [0] NCCL INFO proxyProgressAsync opId=0x7fe2b74d9d70 op.type=1 op.reqBuff=0x7fe2c00132b0 op.respSize=16 done
c0b58536a5f1:1906492:1906920 [0] NCCL INFO ncclPollProxyResponse Received new opId=0x7fe2b74d9d70
c0b58536a5f1:1906492:1906966 [0] NCCL INFO Received and initiated operation=Init res=0
c0b58536a5f1:1906492:1906920 [0] NCCL INFO resp.opId=0x7fe2b74d9d70 matches expected opId=0x7fe2b74d9d70
c0b58536a5f1:1906492:1906920 [0] NCCL INFO Connected to proxy localRank 0 -> connection 0x7fe2c0005310
c0b58536a5f1:1906492:1906966 [0] NCCL INFO Allocated shareable buffer 0x409800000 size 6291456 ipcDesc 0x7fe2c00149c0
c0b58536a5f1:1906492:1906966 [0] NCCL INFO proxyProgressAsync opId=0x7fe2b74d9d70 op.type=3 op.reqBuff=0x7fe2c0014990 op.respSize=80 done
c0b58536a5f1:1906492:1906920 [0] NCCL INFO ncclPollProxyResponse Received new opId=0x7fe2b74d9d70
c0b58536a5f1:1906492:1906966 [0] NCCL INFO Received and initiated operation=Setup res=0
c0b58536a5f1:1906492:1906920 [0] NCCL INFO resp.opId=0x7fe2b74d9d70 matches expected opId=0x7fe2b74d9d70
c0b58536a5f1:1906492:1906966 [0] NCCL INFO New proxy recv connection 9 from local rank 0, transport 0
c0b58536a5f1:1906492:1906966 [0] NCCL INFO proxyProgressAsync opId=0x7fe2b74d9d70 op.type=1 op.reqBuff=0x7fe2c0014990 op.respSize=16 done
c0b58536a5f1:1906492:1906920 [0] NCCL INFO ncclPollProxyResponse Received new opId=0x7fe2b74d9d70
c0b58536a5f1:1906492:1906966 [0] NCCL INFO Received and initiated operation=Init res=0
c0b58536a5f1:1906492:1906920 [0] NCCL INFO resp.opId=0x7fe2b74d9d70 matches expected opId=0x7fe2b74d9d70
c0b58536a5f1:1906492:1906920 [0] NCCL INFO Connected to proxy localRank 0 -> connection 0x7fe2c0005388
c0b58536a5f1:1906492:1906966 [0] NCCL INFO Allocated shareable buffer 0x40a000000 size 6291456 ipcDesc 0x7fe2c00160a0
c0b58536a5f1:1906492:1906966 [0] NCCL INFO proxyProgressAsync opId=0x7fe2b74d9d70 op.type=3 op.reqBuff=0x7fe2c0016070 op.respSize=80 done
c0b58536a5f1:1906492:1906920 [0] NCCL INFO ncclPollProxyResponse Received new opId=0x7fe2b74d9d70
c0b58536a5f1:1906492:1906966 [0] NCCL INFO Received and initiated operation=Setup res=0
c0b58536a5f1:1906492:1906920 [0] NCCL INFO resp.opId=0x7fe2b74d9d70 matches expected opId=0x7fe2b74d9d70
c0b58536a5f1:1906492:1906966 [0] NCCL INFO New proxy recv connection 10 from local rank 0, transport 0
c0b58536a5f1:1906492:1906966 [0] NCCL INFO proxyProgressAsync opId=0x7fe2b74d9d70 op.type=1 op.reqBuff=0x7fe2c0016070 op.respSize=16 done
c0b58536a5f1:1906492:1906920 [0] NCCL INFO ncclPollProxyResponse Received new opId=0x7fe2b74d9d70
c0b58536a5f1:1906492:1906966 [0] NCCL INFO Received and initiated operation=Init res=0
c0b58536a5f1:1906492:1906920 [0] NCCL INFO resp.opId=0x7fe2b74d9d70 matches expected opId=0x7fe2b74d9d70
c0b58536a5f1:1906492:1906920 [0] NCCL INFO Connected to proxy localRank 0 -> connection 0x7fe2c0005400
c0b58536a5f1:1906492:1906966 [0] NCCL INFO Allocated shareable buffer 0x40a600000 size 6291456 ipcDesc 0x7fe2c0017bd0
c0b58536a5f1:1906492:1906966 [0] NCCL INFO proxyProgressAsync opId=0x7fe2b74d9d70 op.type=3 op.reqBuff=0x7fe2c0017ba0 op.respSize=80 done
c0b58536a5f1:1906492:1906920 [0] NCCL INFO ncclPollProxyResponse Received new opId=0x7fe2b74d9d70
c0b58536a5f1:1906492:1906966 [0] NCCL INFO Received and initiated operation=Setup res=0
c0b58536a5f1:1906492:1906920 [0] NCCL INFO resp.opId=0x7fe2b74d9d70 matches expected opId=0x7fe2b74d9d70
c0b58536a5f1:1906492:1906966 [0] NCCL INFO New proxy recv connection 11 from local rank 0, transport 0
c0b58536a5f1:1906492:1906966 [0] NCCL INFO proxyProgressAsync opId=0x7fe2b74d9d70 op.type=1 op.reqBuff=0x7fe2c0017ba0 op.respSize=16 done
c0b58536a5f1:1906492:1906920 [0] NCCL INFO ncclPollProxyResponse Received new opId=0x7fe2b74d9d70
c0b58536a5f1:1906492:1906966 [0] NCCL INFO Received and initiated operation=Init res=0
c0b58536a5f1:1906492:1906920 [0] NCCL INFO resp.opId=0x7fe2b74d9d70 matches expected opId=0x7fe2b74d9d70
c0b58536a5f1:1906492:1906920 [0] NCCL INFO Connected to proxy localRank 0 -> connection 0x7fe2c0005478
c0b58536a5f1:1906492:1906966 [0] NCCL INFO Allocated shareable buffer 0x40ac00000 size 6291456 ipcDesc 0x7fe2c00192b0
c0b58536a5f1:1906492:1906966 [0] NCCL INFO proxyProgressAsync opId=0x7fe2b74d9d70 op.type=3 op.reqBuff=0x7fe2c0019280 op.respSize=80 done
c0b58536a5f1:1906492:1906920 [0] NCCL INFO ncclPollProxyResponse Received new opId=0x7fe2b74d9d70
c0b58536a5f1:1906492:1906966 [0] NCCL INFO Received and initiated operation=Setup res=0
c0b58536a5f1:1906492:1906920 [0] NCCL INFO resp.opId=0x7fe2b74d9d70 matches expected opId=0x7fe2b74d9d70
c0b58536a5f1:1906492:1906966 [0] NCCL INFO New proxy recv connection 12 from local rank 0, transport 0
c0b58536a5f1:1906492:1906966 [0] NCCL INFO proxyProgressAsync opId=0x7fe2b74d9d70 op.type=1 op.reqBuff=0x7fe2c0019280 op.respSize=16 done
c0b58536a5f1:1906492:1906966 [0] NCCL INFO Received and initiated operation=Init res=0
c0b58536a5f1:1906492:1906920 [0] NCCL INFO ncclPollProxyResponse Received new opId=0x7fe2b74d9d70
c0b58536a5f1:1906492:1906920 [0] NCCL INFO resp.opId=0x7fe2b74d9d70 matches expected opId=0x7fe2b74d9d70
c0b58536a5f1:1906492:1906920 [0] NCCL INFO Connected to proxy localRank 0 -> connection 0x7fe2c00054f0
c0b58536a5f1:1906492:1906966 [0] NCCL INFO Allocated shareable buffer 0x40b200000 size 6291456 ipcDesc 0x7fe2c001a990
c0b58536a5f1:1906492:1906966 [0] NCCL INFO proxyProgressAsync opId=0x7fe2b74d9d70 op.type=3 op.reqBuff=0x7fe2c001a960 op.respSize=80 done
c0b58536a5f1:1906492:1906920 [0] NCCL INFO ncclPollProxyResponse Received new opId=0x7fe2b74d9d70
c0b58536a5f1:1906492:1906966 [0] NCCL INFO Received and initiated operation=Setup res=0
c0b58536a5f1:1906492:1906920 [0] NCCL INFO resp.opId=0x7fe2b74d9d70 matches expected opId=0x7fe2b74d9d70
c0b58536a5f1:1906492:1906966 [0] NCCL INFO New proxy recv connection 13 from local rank 0, transport 0
c0b58536a5f1:1906492:1906966 [0] NCCL INFO proxyProgressAsync opId=0x7fe2b74d9d70 op.type=1 op.reqBuff=0x7fe2c001a960 op.respSize=16 done
c0b58536a5f1:1906492:1906920 [0] NCCL INFO ncclPollProxyResponse Received new opId=0x7fe2b74d9d70
c0b58536a5f1:1906492:1906966 [0] NCCL INFO Received and initiated operation=Init res=0
c0b58536a5f1:1906492:1906920 [0] NCCL INFO resp.opId=0x7fe2b74d9d70 matches expected opId=0x7fe2b74d9d70
c0b58536a5f1:1906492:1906920 [0] NCCL INFO Connected to proxy localRank 0 -> connection 0x7fe2c0005568
c0b58536a5f1:1906492:1906966 [0] NCCL INFO Allocated shareable buffer 0x40b800000 size 6291456 ipcDesc 0x7fe2c001c070
c0b58536a5f1:1906492:1906966 [0] NCCL INFO proxyProgressAsync opId=0x7fe2b74d9d70 op.type=3 op.reqBuff=0x7fe2c001c040 op.respSize=80 done
c0b58536a5f1:1906492:1906920 [0] NCCL INFO ncclPollProxyResponse Received new opId=0x7fe2b74d9d70
c0b58536a5f1:1906492:1906966 [0] NCCL INFO Received and initiated operation=Setup res=0
c0b58536a5f1:1906492:1906920 [0] NCCL INFO resp.opId=0x7fe2b74d9d70 matches expected opId=0x7fe2b74d9d70
c0b58536a5f1:1906492:1906966 [0] NCCL INFO New proxy recv connection 14 from local rank 0, transport 0
c0b58536a5f1:1906492:1906966 [0] NCCL INFO proxyProgressAsync opId=0x7fe2b74d9d70 op.type=1 op.reqBuff=0x7fe2c001c040 op.respSize=16 done
c0b58536a5f1:1906492:1906920 [0] NCCL INFO ncclPollProxyResponse Received new opId=0x7fe2b74d9d70
c0b58536a5f1:1906492:1906966 [0] NCCL INFO Received and initiated operation=Init res=0
c0b58536a5f1:1906492:1906920 [0] NCCL INFO resp.opId=0x7fe2b74d9d70 matches expected opId=0x7fe2b74d9d70
c0b58536a5f1:1906492:1906920 [0] NCCL INFO Connected to proxy localRank 0 -> connection 0x7fe2c00055e0
c0b58536a5f1:1906492:1906966 [0] NCCL INFO Allocated shareable buffer 0x40c000000 size 6291456 ipcDesc 0x7fe2c001d750
c0b58536a5f1:1906492:1906966 [0] NCCL INFO proxyProgressAsync opId=0x7fe2b74d9d70 op.type=3 op.reqBuff=0x7fe2c001d720 op.respSize=80 done
c0b58536a5f1:1906492:1906920 [0] NCCL INFO ncclPollProxyResponse Received new opId=0x7fe2b74d9d70
c0b58536a5f1:1906492:1906966 [0] NCCL INFO Received and initiated operation=Setup res=0
c0b58536a5f1:1906492:1906920 [0] NCCL INFO resp.opId=0x7fe2b74d9d70 matches expected opId=0x7fe2b74d9d70
c0b58536a5f1:1906492:1906966 [0] NCCL INFO New proxy recv connection 15 from local rank 0, transport 0
c0b58536a5f1:1906492:1906966 [0] NCCL INFO proxyProgressAsync opId=0x7fe2b74d9d70 op.type=1 op.reqBuff=0x7fe2c001d720 op.respSize=16 done
c0b58536a5f1:1906492:1906920 [0] NCCL INFO ncclPollProxyResponse Received new opId=0x7fe2b74d9d70
c0b58536a5f1:1906492:1906966 [0] NCCL INFO Received and initiated operation=Init res=0
c0b58536a5f1:1906492:1906920 [0] NCCL INFO resp.opId=0x7fe2b74d9d70 matches expected opId=0x7fe2b74d9d70
c0b58536a5f1:1906492:1906920 [0] NCCL INFO Connected to proxy localRank 0 -> connection 0x7fe2c0005658
c0b58536a5f1:1906492:1906966 [0] NCCL INFO Allocated shareable buffer 0x40c600000 size 6291456 ipcDesc 0x7fe2c001f280
c0b58536a5f1:1906492:1906966 [0] NCCL INFO proxyProgressAsync opId=0x7fe2b74d9d70 op.type=3 op.reqBuff=0x7fe2c001f250 op.respSize=80 done
c0b58536a5f1:1906492:1906920 [0] NCCL INFO ncclPollProxyResponse Received new opId=0x7fe2b74d9d70
c0b58536a5f1:1906492:1906966 [0] NCCL INFO Received and initiated operation=Setup res=0
c0b58536a5f1:1906492:1906920 [0] NCCL INFO resp.opId=0x7fe2b74d9d70 matches expected opId=0x7fe2b74d9d70
c0b58536a5f1:1906492:1906920 [0] NCCL INFO Channel 00/0 : 0[0] -> 1[1] via P2P/CUMEM/read
c0b58536a5f1:1906492:1906966 [0] NCCL INFO New proxy send connection 16 from local rank 0, transport 0
c0b58536a5f1:1906492:1906966 [0] NCCL INFO proxyProgressAsync opId=0x7fe2b74d9d70 op.type=1 op.reqBuff=0x7fe2c001f250 op.respSize=16 done
c0b58536a5f1:1906492:1906920 [0] NCCL INFO ncclPollProxyResponse Received new opId=0x7fe2b74d9d70
c0b58536a5f1:1906492:1906966 [0] NCCL INFO Received and initiated operation=Init res=0
c0b58536a5f1:1906492:1906920 [0] NCCL INFO resp.opId=0x7fe2b74d9d70 matches expected opId=0x7fe2b74d9d70
c0b58536a5f1:1906492:1906920 [0] NCCL INFO Connected to proxy localRank 0 -> connection 0x7fe2c00056d0
c0b58536a5f1:1906492:1906966 [0] NCCL INFO Allocated shareable buffer 0x40cc00000 size 6291456 ipcDesc 0x7fe2c0020960
c0b58536a5f1:1906492:1906966 [0] NCCL INFO proxyProgressAsync opId=0x7fe2b74d9d70 op.type=3 op.reqBuff=0x7fe2c0020930 op.respSize=80 done
c0b58536a5f1:1906492:1906920 [0] NCCL INFO ncclPollProxyResponse Received new opId=0x7fe2b74d9d70
c0b58536a5f1:1906492:1906966 [0] NCCL INFO Received and initiated operation=Setup res=0
c0b58536a5f1:1906492:1906920 [0] NCCL INFO resp.opId=0x7fe2b74d9d70 matches expected opId=0x7fe2b74d9d70
c0b58536a5f1:1906492:1906920 [0] NCCL INFO Channel 01/0 : 0[0] -> 1[1] via P2P/CUMEM/read
c0b58536a5f1:1906492:1906966 [0] NCCL INFO New proxy send connection 17 from local rank 0, transport 0
c0b58536a5f1:1906492:1906966 [0] NCCL INFO proxyProgressAsync opId=0x7fe2b74d9d70 op.type=1 op.reqBuff=0x7fe2c0020930 op.respSize=16 done
c0b58536a5f1:1906492:1906920 [0] NCCL INFO ncclPollProxyResponse Received new opId=0x7fe2b74d9d70
c0b58536a5f1:1906492:1906966 [0] NCCL INFO Received and initiated operation=Init res=0
c0b58536a5f1:1906492:1906920 [0] NCCL INFO resp.opId=0x7fe2b74d9d70 matches expected opId=0x7fe2b74d9d70
c0b58536a5f1:1906492:1906920 [0] NCCL INFO Connected to proxy localRank 0 -> connection 0x7fe2c0005748
c0b58536a5f1:1906492:1906966 [0] NCCL INFO Allocated shareable buffer 0x40d200000 size 6291456 ipcDesc 0x7fe2c0022040
c0b58536a5f1:1906492:1906966 [0] NCCL INFO proxyProgressAsync opId=0x7fe2b74d9d70 op.type=3 op.reqBuff=0x7fe2c0022010 op.respSize=80 done
c0b58536a5f1:1906492:1906920 [0] NCCL INFO ncclPollProxyResponse Received new opId=0x7fe2b74d9d70
c0b58536a5f1:1906492:1906966 [0] NCCL INFO Received and initiated operation=Setup res=0
c0b58536a5f1:1906492:1906920 [0] NCCL INFO resp.opId=0x7fe2b74d9d70 matches expected opId=0x7fe2b74d9d70
c0b58536a5f1:1906492:1906920 [0] NCCL INFO Channel 02/0 : 0[0] -> 1[1] via P2P/CUMEM/read
c0b58536a5f1:1906492:1906966 [0] NCCL INFO New proxy send connection 18 from local rank 0, transport 0
c0b58536a5f1:1906492:1906966 [0] NCCL INFO proxyProgressAsync opId=0x7fe2b74d9d70 op.type=1 op.reqBuff=0x7fe2c0022010 op.respSize=16 done
c0b58536a5f1:1906492:1906920 [0] NCCL INFO ncclPollProxyResponse Received new opId=0x7fe2b74d9d70
c0b58536a5f1:1906492:1906966 [0] NCCL INFO Received and initiated operation=Init res=0
c0b58536a5f1:1906492:1906920 [0] NCCL INFO resp.opId=0x7fe2b74d9d70 matches expected opId=0x7fe2b74d9d70
c0b58536a5f1:1906492:1906920 [0] NCCL INFO Connected to proxy localRank 0 -> connection 0x7fe2c00057c0
c0b58536a5f1:1906492:1906966 [0] NCCL INFO Allocated shareable buffer 0x40d800000 size 6291456 ipcDesc 0x7fe2c0023720
c0b58536a5f1:1906492:1906966 [0] NCCL INFO proxyProgressAsync opId=0x7fe2b74d9d70 op.type=3 op.reqBuff=0x7fe2c00236f0 op.respSize=80 done
c0b58536a5f1:1906492:1906920 [0] NCCL INFO ncclPollProxyResponse Received new opId=0x7fe2b74d9d70
c0b58536a5f1:1906492:1906966 [0] NCCL INFO Received and initiated operation=Setup res=0
c0b58536a5f1:1906492:1906920 [0] NCCL INFO resp.opId=0x7fe2b74d9d70 matches expected opId=0x7fe2b74d9d70
c0b58536a5f1:1906492:1906920 [0] NCCL INFO Channel 03/0 : 0[0] -> 1[1] via P2P/CUMEM/read
c0b58536a5f1:1906492:1906966 [0] NCCL INFO New proxy send connection 19 from local rank 0, transport 0
c0b58536a5f1:1906492:1906966 [0] NCCL INFO proxyProgressAsync opId=0x7fe2b74d9d70 op.type=1 op.reqBuff=0x7fe2c00236f0 op.respSize=16 done
c0b58536a5f1:1906492:1906920 [0] NCCL INFO ncclPollProxyResponse Received new opId=0x7fe2b74d9d70
c0b58536a5f1:1906492:1906966 [0] NCCL INFO Received and initiated operation=Init res=0
c0b58536a5f1:1906492:1906920 [0] NCCL INFO resp.opId=0x7fe2b74d9d70 matches expected opId=0x7fe2b74d9d70
c0b58536a5f1:1906492:1906920 [0] NCCL INFO Connected to proxy localRank 0 -> connection 0x7fe2c0005838
c0b58536a5f1:1906492:1906966 [0] NCCL INFO Allocated shareable buffer 0x40e000000 size 6291456 ipcDesc 0x7fe2c0024e00
c0b58536a5f1:1906492:1906966 [0] NCCL INFO proxyProgressAsync opId=0x7fe2b74d9d70 op.type=3 op.reqBuff=0x7fe2c0024dd0 op.respSize=80 done
c0b58536a5f1:1906492:1906920 [0] NCCL INFO ncclPollProxyResponse Received new opId=0x7fe2b74d9d70
c0b58536a5f1:1906492:1906966 [0] NCCL INFO Received and initiated operation=Setup res=0
c0b58536a5f1:1906492:1906920 [0] NCCL INFO resp.opId=0x7fe2b74d9d70 matches expected opId=0x7fe2b74d9d70
c0b58536a5f1:1906492:1906920 [0] NCCL INFO Channel 04/0 : 0[0] -> 1[1] via P2P/CUMEM/read
c0b58536a5f1:1906492:1906966 [0] NCCL INFO New proxy send connection 20 from local rank 0, transport 0
c0b58536a5f1:1906492:1906966 [0] NCCL INFO proxyProgressAsync opId=0x7fe2b74d9d70 op.type=1 op.reqBuff=0x7fe2c0024dd0 op.respSize=16 done
c0b58536a5f1:1906492:1906920 [0] NCCL INFO ncclPollProxyResponse Received new opId=0x7fe2b74d9d70
c0b58536a5f1:1906492:1906966 [0] NCCL INFO Received and initiated operation=Init res=0
c0b58536a5f1:1906492:1906920 [0] NCCL INFO resp.opId=0x7fe2b74d9d70 matches expected opId=0x7fe2b74d9d70
c0b58536a5f1:1906492:1906920 [0] NCCL INFO Connected to proxy localRank 0 -> connection 0x7fe2c00058b0
c0b58536a5f1:1906492:1906966 [0] NCCL INFO Allocated shareable buffer 0x40e600000 size 6291456 ipcDesc 0x7fe2c0026930
c0b58536a5f1:1906492:1906966 [0] NCCL INFO proxyProgressAsync opId=0x7fe2b74d9d70 op.type=3 op.reqBuff=0x7fe2c0026900 op.respSize=80 done
c0b58536a5f1:1906492:1906920 [0] NCCL INFO ncclPollProxyResponse Received new opId=0x7fe2b74d9d70
c0b58536a5f1:1906492:1906966 [0] NCCL INFO Received and initiated operation=Setup res=0
c0b58536a5f1:1906492:1906920 [0] NCCL INFO resp.opId=0x7fe2b74d9d70 matches expected opId=0x7fe2b74d9d70
c0b58536a5f1:1906492:1906920 [0] NCCL INFO Channel 05/0 : 0[0] -> 1[1] via P2P/CUMEM/read
c0b58536a5f1:1906492:1906966 [0] NCCL INFO New proxy send connection 21 from local rank 0, transport 0
c0b58536a5f1:1906492:1906966 [0] NCCL INFO proxyProgressAsync opId=0x7fe2b74d9d70 op.type=1 op.reqBuff=0x7fe2c0026900 op.respSize=16 done
c0b58536a5f1:1906492:1906920 [0] NCCL INFO ncclPollProxyResponse Received new opId=0x7fe2b74d9d70
c0b58536a5f1:1906492:1906966 [0] NCCL INFO Received and initiated operation=Init res=0
c0b58536a5f1:1906492:1906920 [0] NCCL INFO resp.opId=0x7fe2b74d9d70 matches expected opId=0x7fe2b74d9d70
c0b58536a5f1:1906492:1906920 [0] NCCL INFO Connected to proxy localRank 0 -> connection 0x7fe2c0005928
c0b58536a5f1:1906492:1906966 [0] NCCL INFO Allocated shareable buffer 0x40ec00000 size 6291456 ipcDesc 0x7fe2c0028010
c0b58536a5f1:1906492:1906966 [0] NCCL INFO proxyProgressAsync opId=0x7fe2b74d9d70 op.type=3 op.reqBuff=0x7fe2c0027fe0 op.respSize=80 done
c0b58536a5f1:1906492:1906920 [0] NCCL INFO ncclPollProxyResponse Received new opId=0x7fe2b74d9d70
c0b58536a5f1:1906492:1906966 [0] NCCL INFO Received and initiated operation=Setup res=0
c0b58536a5f1:1906492:1906920 [0] NCCL INFO resp.opId=0x7fe2b74d9d70 matches expected opId=0x7fe2b74d9d70
c0b58536a5f1:1906492:1906920 [0] NCCL INFO Channel 06/0 : 0[0] -> 1[1] via P2P/CUMEM/read
c0b58536a5f1:1906492:1906966 [0] NCCL INFO New proxy send connection 22 from local rank 0, transport 0
c0b58536a5f1:1906492:1906966 [0] NCCL INFO proxyProgressAsync opId=0x7fe2b74d9d70 op.type=1 op.reqBuff=0x7fe2c0027fe0 op.respSize=16 done
c0b58536a5f1:1906492:1906920 [0] NCCL INFO ncclPollProxyResponse Received new opId=0x7fe2b74d9d70
c0b58536a5f1:1906492:1906966 [0] NCCL INFO Received and initiated operation=Init res=0
c0b58536a5f1:1906492:1906920 [0] NCCL INFO resp.opId=0x7fe2b74d9d70 matches expected opId=0x7fe2b74d9d70
c0b58536a5f1:1906492:1906920 [0] NCCL INFO Connected to proxy localRank 0 -> connection 0x7fe2c00059a0
c0b58536a5f1:1906492:1906966 [0] NCCL INFO Allocated shareable buffer 0x40f200000 size 6291456 ipcDesc 0x7fe2c00296f0
c0b58536a5f1:1906492:1906966 [0] NCCL INFO proxyProgressAsync opId=0x7fe2b74d9d70 op.type=3 op.reqBuff=0x7fe2c00296c0 op.respSize=80 done
c0b58536a5f1:1906492:1906920 [0] NCCL INFO ncclPollProxyResponse Received new opId=0x7fe2b74d9d70
c0b58536a5f1:1906492:1906966 [0] NCCL INFO Received and initiated operation=Setup res=0
c0b58536a5f1:1906492:1906920 [0] NCCL INFO resp.opId=0x7fe2b74d9d70 matches expected opId=0x7fe2b74d9d70
c0b58536a5f1:1906492:1906920 [0] NCCL INFO Channel 07/0 : 0[0] -> 1[1] via P2P/CUMEM/read
c0b58536a5f1:1906492:1906966 [0] NCCL INFO New proxy send connection 23 from local rank 0, transport 0
c0b58536a5f1:1906492:1906966 [0] NCCL INFO proxyProgressAsync opId=0x7fe2b74d9d70 op.type=1 op.reqBuff=0x7fe2c00296c0 op.respSize=16 done
c0b58536a5f1:1906492:1906920 [0] NCCL INFO ncclPollProxyResponse Received new opId=0x7fe2b74d9d70
c0b58536a5f1:1906492:1906966 [0] NCCL INFO Received and initiated operation=Init res=0
c0b58536a5f1:1906492:1906920 [0] NCCL INFO resp.opId=0x7fe2b74d9d70 matches expected opId=0x7fe2b74d9d70
c0b58536a5f1:1906492:1906920 [0] NCCL INFO Connected to proxy localRank 0 -> connection 0x7fe2c0005a18
c0b58536a5f1:1906492:1906966 [0] NCCL INFO Allocated shareable buffer 0x40f800000 size 6291456 ipcDesc 0x7fe2c002add0
c0b58536a5f1:1906492:1906966 [0] NCCL INFO proxyProgressAsync opId=0x7fe2b74d9d70 op.type=3 op.reqBuff=0x7fe2c002ada0 op.respSize=80 done
c0b58536a5f1:1906492:1906920 [0] NCCL INFO ncclPollProxyResponse Received new opId=0x7fe2b74d9d70
c0b58536a5f1:1906492:1906966 [0] NCCL INFO Received and initiated operation=Setup res=0
c0b58536a5f1:1906492:1906920 [0] NCCL INFO resp.opId=0x7fe2b74d9d70 matches expected opId=0x7fe2b74d9d70
c0b58536a5f1:1906492:1906920 [0] NCCL INFO Channel 08/0 : 0[0] -> 1[1] via P2P/CUMEM/read
c0b58536a5f1:1906492:1906966 [0] NCCL INFO New proxy send connection 24 from local rank 0, transport 0
c0b58536a5f1:1906492:1906966 [0] NCCL INFO proxyProgressAsync opId=0x7fe2b74d9d70 op.type=1 op.reqBuff=0x7fe2c002ada0 op.respSize=16 done
c0b58536a5f1:1906492:1906920 [0] NCCL INFO ncclPollProxyResponse Received new opId=0x7fe2b74d9d70
c0b58536a5f1:1906492:1906966 [0] NCCL INFO Received and initiated operation=Init res=0
c0b58536a5f1:1906492:1906920 [0] NCCL INFO resp.opId=0x7fe2b74d9d70 matches expected opId=0x7fe2b74d9d70
c0b58536a5f1:1906492:1906920 [0] NCCL INFO Connected to proxy localRank 0 -> connection 0x7fe2c0005a90
c0b58536a5f1:1906492:1906966 [0] NCCL INFO Allocated shareable buffer 0x410000000 size 6291456 ipcDesc 0x7fe2c002c4b0
c0b58536a5f1:1906492:1906966 [0] NCCL INFO proxyProgressAsync opId=0x7fe2b74d9d70 op.type=3 op.reqBuff=0x7fe2c002c480 op.respSize=80 done
c0b58536a5f1:1906492:1906920 [0] NCCL INFO ncclPollProxyResponse Received new opId=0x7fe2b74d9d70
c0b58536a5f1:1906492:1906966 [0] NCCL INFO Received and initiated operation=Setup res=0
c0b58536a5f1:1906492:1906920 [0] NCCL INFO resp.opId=0x7fe2b74d9d70 matches expected opId=0x7fe2b74d9d70
c0b58536a5f1:1906492:1906920 [0] NCCL INFO Channel 09/0 : 0[0] -> 1[1] via P2P/CUMEM/read
c0b58536a5f1:1906492:1906966 [0] NCCL INFO New proxy send connection 25 from local rank 0, transport 0
c0b58536a5f1:1906492:1906966 [0] NCCL INFO proxyProgressAsync opId=0x7fe2b74d9d70 op.type=1 op.reqBuff=0x7fe2c002c480 op.respSize=16 done
c0b58536a5f1:1906492:1906920 [0] NCCL INFO ncclPollProxyResponse Received new opId=0x7fe2b74d9d70
c0b58536a5f1:1906492:1906966 [0] NCCL INFO Received and initiated operation=Init res=0
c0b58536a5f1:1906492:1906920 [0] NCCL INFO resp.opId=0x7fe2b74d9d70 matches expected opId=0x7fe2b74d9d70
c0b58536a5f1:1906492:1906920 [0] NCCL INFO Connected to proxy localRank 0 -> connection 0x7fe2c0005b08
c0b58536a5f1:1906492:1906966 [0] NCCL INFO Allocated shareable buffer 0x410600000 size 6291456 ipcDesc 0x7fe2c002dfe0
c0b58536a5f1:1906492:1906966 [0] NCCL INFO proxyProgressAsync opId=0x7fe2b74d9d70 op.type=3 op.reqBuff=0x7fe2c002dfb0 op.respSize=80 done
c0b58536a5f1:1906492:1906920 [0] NCCL INFO ncclPollProxyResponse Received new opId=0x7fe2b74d9d70
c0b58536a5f1:1906492:1906966 [0] NCCL INFO Received and initiated operation=Setup res=0
c0b58536a5f1:1906492:1906920 [0] NCCL INFO resp.opId=0x7fe2b74d9d70 matches expected opId=0x7fe2b74d9d70
c0b58536a5f1:1906492:1906920 [0] NCCL INFO Channel 10/0 : 0[0] -> 1[1] via P2P/CUMEM/read
c0b58536a5f1:1906492:1906966 [0] NCCL INFO New proxy send connection 26 from local rank 0, transport 0
c0b58536a5f1:1906492:1906966 [0] NCCL INFO proxyProgressAsync opId=0x7fe2b74d9d70 op.type=1 op.reqBuff=0x7fe2c002dfb0 op.respSize=16 done
c0b58536a5f1:1906492:1906920 [0] NCCL INFO ncclPollProxyResponse Received new opId=0x7fe2b74d9d70
c0b58536a5f1:1906492:1906966 [0] NCCL INFO Received and initiated operation=Init res=0
c0b58536a5f1:1906492:1906920 [0] NCCL INFO resp.opId=0x7fe2b74d9d70 matches expected opId=0x7fe2b74d9d70
c0b58536a5f1:1906492:1906920 [0] NCCL INFO Connected to proxy localRank 0 -> connection 0x7fe2c0005b80
c0b58536a5f1:1906492:1906966 [0] NCCL INFO Allocated shareable buffer 0x410c00000 size 6291456 ipcDesc 0x7fe2c002f6c0
c0b58536a5f1:1906492:1906966 [0] NCCL INFO proxyProgressAsync opId=0x7fe2b74d9d70 op.type=3 op.reqBuff=0x7fe2c002f690 op.respSize=80 done
c0b58536a5f1:1906492:1906920 [0] NCCL INFO ncclPollProxyResponse Received new opId=0x7fe2b74d9d70
c0b58536a5f1:1906492:1906966 [0] NCCL INFO Received and initiated operation=Setup res=0
c0b58536a5f1:1906492:1906920 [0] NCCL INFO resp.opId=0x7fe2b74d9d70 matches expected opId=0x7fe2b74d9d70
c0b58536a5f1:1906492:1906920 [0] NCCL INFO Channel 11/0 : 0[0] -> 1[1] via P2P/CUMEM/read
c0b58536a5f1:1906492:1906966 [0] NCCL INFO New proxy send connection 27 from local rank 0, transport 0
c0b58536a5f1:1906492:1906966 [0] NCCL INFO proxyProgressAsync opId=0x7fe2b74d9d70 op.type=1 op.reqBuff=0x7fe2c002f690 op.respSize=16 done
c0b58536a5f1:1906492:1906920 [0] NCCL INFO ncclPollProxyResponse Received new opId=0x7fe2b74d9d70
c0b58536a5f1:1906492:1906966 [0] NCCL INFO Received and initiated operation=Init res=0
c0b58536a5f1:1906492:1906920 [0] NCCL INFO resp.opId=0x7fe2b74d9d70 matches expected opId=0x7fe2b74d9d70
c0b58536a5f1:1906492:1906920 [0] NCCL INFO Connected to proxy localRank 0 -> connection 0x7fe2c0005bf8
c0b58536a5f1:1906492:1906966 [0] NCCL INFO Allocated shareable buffer 0x411200000 size 6291456 ipcDesc 0x7fe2c0030da0
c0b58536a5f1:1906492:1906966 [0] NCCL INFO proxyProgressAsync opId=0x7fe2b74d9d70 op.type=3 op.reqBuff=0x7fe2c0030d70 op.respSize=80 done
c0b58536a5f1:1906492:1906920 [0] NCCL INFO ncclPollProxyResponse Received new opId=0x7fe2b74d9d70
c0b58536a5f1:1906492:1906966 [0] NCCL INFO Received and initiated operation=Setup res=0
c0b58536a5f1:1906492:1906920 [0] NCCL INFO resp.opId=0x7fe2b74d9d70 matches expected opId=0x7fe2b74d9d70
c0b58536a5f1:1906492:1906920 [0] NCCL INFO Channel 12/0 : 0[0] -> 1[1] via P2P/CUMEM/read
c0b58536a5f1:1906492:1906966 [0] NCCL INFO New proxy send connection 28 from local rank 0, transport 0
c0b58536a5f1:1906492:1906966 [0] NCCL INFO proxyProgressAsync opId=0x7fe2b74d9d70 op.type=1 op.reqBuff=0x7fe2c0030d70 op.respSize=16 done
c0b58536a5f1:1906492:1906920 [0] NCCL INFO ncclPollProxyResponse Received new opId=0x7fe2b74d9d70
c0b58536a5f1:1906492:1906966 [0] NCCL INFO Received and initiated operation=Init res=0
c0b58536a5f1:1906492:1906920 [0] NCCL INFO resp.opId=0x7fe2b74d9d70 matches expected opId=0x7fe2b74d9d70
c0b58536a5f1:1906492:1906920 [0] NCCL INFO Connected to proxy localRank 0 -> connection 0x7fe2c0005c70
c0b58536a5f1:1906492:1906966 [0] NCCL INFO Allocated shareable buffer 0x411800000 size 6291456 ipcDesc 0x7fe2c0032480
c0b58536a5f1:1906492:1906966 [0] NCCL INFO proxyProgressAsync opId=0x7fe2b74d9d70 op.type=3 op.reqBuff=0x7fe2c0032450 op.respSize=80 done
c0b58536a5f1:1906492:1906920 [0] NCCL INFO ncclPollProxyResponse Received new opId=0x7fe2b74d9d70
c0b58536a5f1:1906492:1906966 [0] NCCL INFO Received and initiated operation=Setup res=0
c0b58536a5f1:1906492:1906920 [0] NCCL INFO resp.opId=0x7fe2b74d9d70 matches expected opId=0x7fe2b74d9d70
c0b58536a5f1:1906492:1906920 [0] NCCL INFO Channel 13/0 : 0[0] -> 1[1] via P2P/CUMEM/read
c0b58536a5f1:1906492:1906966 [0] NCCL INFO New proxy send connection 29 from local rank 0, transport 0
c0b58536a5f1:1906492:1906966 [0] NCCL INFO proxyProgressAsync opId=0x7fe2b74d9d70 op.type=1 op.reqBuff=0x7fe2c0032450 op.respSize=16 done
c0b58536a5f1:1906492:1906920 [0] NCCL INFO ncclPollProxyResponse Received new opId=0x7fe2b74d9d70
c0b58536a5f1:1906492:1906966 [0] NCCL INFO Received and initiated operation=Init res=0
c0b58536a5f1:1906492:1906920 [0] NCCL INFO resp.opId=0x7fe2b74d9d70 matches expected opId=0x7fe2b74d9d70
c0b58536a5f1:1906492:1906920 [0] NCCL INFO Connected to proxy localRank 0 -> connection 0x7fe2c0005ce8
c0b58536a5f1:1906492:1906966 [0] NCCL INFO Allocated shareable buffer 0x412000000 size 6291456 ipcDesc 0x7fe2c0033b60
c0b58536a5f1:1906492:1906966 [0] NCCL INFO proxyProgressAsync opId=0x7fe2b74d9d70 op.type=3 op.reqBuff=0x7fe2c0033b30 op.respSize=80 done
c0b58536a5f1:1906492:1906920 [0] NCCL INFO ncclPollProxyResponse Received new opId=0x7fe2b74d9d70
c0b58536a5f1:1906492:1906966 [0] NCCL INFO Received and initiated operation=Setup res=0
c0b58536a5f1:1906492:1906920 [0] NCCL INFO resp.opId=0x7fe2b74d9d70 matches expected opId=0x7fe2b74d9d70
c0b58536a5f1:1906492:1906920 [0] NCCL INFO Channel 14/0 : 0[0] -> 1[1] via P2P/CUMEM/read
c0b58536a5f1:1906492:1906966 [0] NCCL INFO New proxy send connection 30 from local rank 0, transport 0
c0b58536a5f1:1906492:1906966 [0] NCCL INFO proxyProgressAsync opId=0x7fe2b74d9d70 op.type=1 op.reqBuff=0x7fe2c0033b30 op.respSize=16 done
c0b58536a5f1:1906492:1906920 [0] NCCL INFO ncclPollProxyResponse Received new opId=0x7fe2b74d9d70
c0b58536a5f1:1906492:1906966 [0] NCCL INFO Received and initiated operation=Init res=0
c0b58536a5f1:1906492:1906920 [0] NCCL INFO resp.opId=0x7fe2b74d9d70 matches expected opId=0x7fe2b74d9d70
c0b58536a5f1:1906492:1906920 [0] NCCL INFO Connected to proxy localRank 0 -> connection 0x7fe2c0005d60
c0b58536a5f1:1906492:1906966 [0] NCCL INFO Allocated shareable buffer 0x412600000 size 6291456 ipcDesc 0x7fe2c0035690
c0b58536a5f1:1906492:1906966 [0] NCCL INFO proxyProgressAsync opId=0x7fe2b74d9d70 op.type=3 op.reqBuff=0x7fe2c0035660 op.respSize=80 done
c0b58536a5f1:1906492:1906920 [0] NCCL INFO ncclPollProxyResponse Received new opId=0x7fe2b74d9d70
c0b58536a5f1:1906492:1906966 [0] NCCL INFO Received and initiated operation=Setup res=0
c0b58536a5f1:1906492:1906920 [0] NCCL INFO resp.opId=0x7fe2b74d9d70 matches expected opId=0x7fe2b74d9d70
c0b58536a5f1:1906492:1906920 [0] NCCL INFO Channel 15/0 : 0[0] -> 1[1] via P2P/CUMEM/read
c0b58536a5f1:1906492:c0b58536a5f1:1906493:1906965 [1] NCCL INFO New proxy send connection 32 from local rank 0, transport 0
c0b58536a5f1:1906493:1906965 [1] NCCL INFO proxyProgressAsync opId=0x7fe2b74d9d70 op.type=1 op.reqBuff=0x7fb92c036d30 op.respSize=16 done
c0b58536a5f1:1906493:1906953 [1] NCCL INFO ncclPollProxyResponse Received new opId=0x7fb93b4d9d70
c0b58536a5f1:1906493:1906965 [1] NCCL INFO Received and initiated operation=Init res=0
c0b58536a5f1:1906493:1906953 [1] NCCL INFO resp.opId=0x7fb93b4d9d70 matches expected opId=0x7fb93b4d9d70
c0b58536a5f1:1906493:1906953 [1] NCCL INFO Connected to proxy localRank 0 -> connection 0x7fe2c0005e50
c0b58536a5f1:1906493:1906965 [1] NCCL INFO UDS proxyGetFd received handle 0x7fb92c008c10 peer 0 opId 5a8f98343f1b581e
c0b58536a5f1:1906493:1906965 [1] NCCL INFO proxyProgressAsync opId=0x5a8f98343f1b581e op.type=9 op.reqBuff=0x7fb92c038410 op.respSize=0 done
c0b58536a5f1:1906493:1906965 [1] NCCL INFO Received and initiated operation=GetFd res=0
c0b58536a5f1:1906493:1906953 [1] NCCL INFO ncclPollProxyResponse Received new opId=0x64d84693269586a9
c0b58536a5f1:1906493:1906953 [1] NCCL INFO resp.opId=0x64d84693269586a9 matches expected opId=0x64d84693269586a9
c0b58536a5f1:1906493:1906953 [1] NCCL INFO UDS converted handle 0x7fe2c0008c20 to fd 160 on remote peer 0
c0b58536a5f1:1906493:1906965 [1] NCCL INFO New proxy send connection 33 from local rank 0, transport 0
c0b58536a5f1:1906493:1906965 [1] NCCL INFO proxyProgressAsync opId=0x7fe2b74d9d70 op.type=1 op.reqBuff=0x7fb92c038410 op.respSize=16 done
c0b58536a5f1:1906493:1906965 [1] NCCL INFO Received and initiated operation=Init res=0
c0b58536a5f1:1906493:1906953 [1] NCCL INFO Imported shareable buffer device 1 size 6291456 ptr 0x413200000
c0b58536a5f1:1906493:1906965 [1] NCCL INFO UDS proxyGetFd received handle 0x7fb92c0209a0 peer 0 opId 32b212197c1548f3
c0b58536a5f1:1906493:1906953 [1] NCCL INFO ncclPollProxyResponse Received new opId=0x7fb93b4d9d70
c0b58536a5f1:1906493:1906953 [1] NCCL INFO resp.opId=0x7fb93b4d9d70 matches expected opId=0x7fb93b4d9d70
c0b58536a5f1:1906493:1906953 [1] NCCL INFO Connected to proxy localRank 0 -> connection 0x7fe2c0005ec8
c0b58536a5f1:1906493:1906965 [1] NCCL INFO proxyProgressAsync opId=0x32b212197c1548f3 op.type=9 op.reqBuff=0x7fb92c036d30 op.respSize=0 done
c0b58536a5f1:1906493:1906965 [1] NCCL INFO Received and initiated operation=GetFd res=0
c0b58536a5f1:1906493:1906953 [1] NCCL INFO ncclPollProxyResponse Received new opId=0x4e6baa2c788d3c02
c0b58536a5f1:1906493:1906953 [1] NCCL INFO resp.opId=0x4e6baa2c788d3c02 matches expected opId=0x4e6baa2c788d3c02
c0b58536a5f1:1906493:1906953 [1] NCCL INFO UDS converted handle 0x7fe2c00209b0 to fd 160 on remote peer 0
c0b58536a5f1:1906493:1906965 [1] NCCL INFO New proxy send connection 34 from local rank 0, transport 0
c0b58536a5f1:1906493:1906965 [1] NCCL INFO proxyProgressAsync opId=0x7fe2b74d9d70 op.type=1 op.reqBuff=0x7fb92c036d30 op.respSize=16 done
c0b58536a5f1:1906493:1906965 [1] NCCL INFO Received and initiated operation=Init res=0
c0b58536a5f1:1906493:1906953 [1] NCCL INFO Imported shareable buffer device 1 size 6291456 ptr 0x413800000
c0b58536a5f1:1906493:1906965 [1] NCCL INFO UDS proxyGetFd received handle 0x7fb92c00a3f0 peer 0 opId 52d137631bbbbe28
c0b58536a5f1:1906493:1906953 [1] NCCL INFO ncclPollProxyResponse Received new opId=0x7fb93b4d9d70
c0b58536a5f1:1906493:1906953 [1] NCCL INFO resp.opId=0x7fb93b4d9d70 matches expected opId=0x7fb93b4d9d70
c0b58536a5f1:1906493:1906953 [1] NCCL INFO Connected to proxy localRank 0 -> connection 0x7fe2c0005f40
c0b58536a5f1:1906493:1906965 [1] NCCL INFO proxyProgressAsync opId=0x52d137631bbbbe28 op.type=9 op.reqBuff=0x7fb92c038410 op.respSize=0 done
c0b58536a5f1:1906493:1906965 [1] NCCL INFO Received and initiated operation=GetFd res=0
c0b58536a5f1:1906493:1906953 [1] NCCL INFO ncclPollProxyResponse Received new opId=0x3a2a5aa74c2f7211
c0b58536a5f1:1906493:1906953 [1] NCCL INFO resp.opId=0x3a2a5aa74c2f7211 matches expected opId=0x3a2a5aa74c2f7211
c0b58536a5f1:1906493:1906953 [1] NCCL INFO UDS converted handle 0x7fe2c000a400 to fd 160 on remote peer 0
c0b58536a5f1:1906493:1906953 [1] NCCL INFO Imported shareable buffer device 1 size 6291456 ptr 0x414000000
c0b58536a5f1:1906493:1906965 [1] NCCL INFO New proxy send connection 35 from local rank 0, transport 0
c0b58536a5f1:1906493:1906965 [1] NCCL INFO proxyProgressAsync opId=0x7fe2b74d9d70 op.type=1 op.reqBuff=0x7fb92c038410 op.respSize=16 done
c0b58536a5f1:1906493:1906965 [1] NCCL INFO Received and initiated operation=Init res=0
c0b58536a5f1:1906493:1906953 [1] NCCL INFO ncclPollProxyResponse Received new opId=0x7fb93b4d9d70
c0b58536a5f1:1906493:1906953 [1] NCCL INFO resp.opId=0x7fb93b4d9d70 matches expected opId=0x7fb93b4d9d70
c0b58536a5f1:1906493:1906953 [1] NCCL INFO Connected to proxy localRank 0 -> connection 0x7fe2c0005fb8
c0b58536a5f1:1906493:1906965 [1] NCCL INFO UDS proxyGetFd received handle 0x7fb92c022080 peer 0 opId 5de6d45c75f3a0f7
c0b58536a5f1:1906493:1906965 [1] NCCL INFO proxyProgressAsync opId=0x5de6d45c75f3a0f7 op.type=9 op.reqBuff=0x7fb92c036d30 op.respSize=0 done
c0b58536a5f1:1906493:1906965 [1] NCCL INFO Received and initiated operation=GetFd res=0
c0b58536a5f1:1906493:1906953 [1] NCCL INFO ncclPollProxyResponse Received new opId=0x404e335c22a8cffd
c0b58536a5f1:1906493:1906953 [1] NCCL INFO resp.opId=0x404e335c22a8cffd matches expected opId=0x404e335c22a8cffd
c0b58536a5f1:1906493:1906953 [1] NCCL INFO UDS converted handle 0x7fe2c0022090 to fd 160 on remote peer 0
c0b58536a5f1:1906493:1906965 [1] NCCL INFO New proxy send connection 36 from local rank 0, transport 0
c0b58536a5f1:1906493:1906965 [1] NCCL INFO proxyProgressAsync opId=0x7fe2b74d9d70 op.type=1 op.reqBuff=0x7fb92c036d30 op.respSize=16 done
c0b58536a5f1:1906493:1906953 [1] NCCL INFO Imported shareable buffer device 1 size 6291456 ptr 0x414600000
c0b58536a5f1:1906493:1906965 [1] NCCL INFO Received and initiated operation=Init res=0
c0b58536a5f1:1906493:1906953 [1] NCCL INFO ncclPollProxyResponse Received new opId=0x7fb93b4d9d70
c0b58536a5f1:1906493:1906953 [1] NCCL INFO resp.opId=0x7fb93b4d9d70 matches expected opId=0x7fb93b4d9d70
c0b58536a5f1:1906493:1906953 [1] NCCL INFO Connected to proxy localRank 0 -> connection 0x7fe2c0006030
c0b58536a5f1:1906493:1906965 [1] NCCL INFO UDS proxyGetFd received handle 0x7fb92c00bb50 peer 0 opId 43129ba525419803
c0b58536a5f1:1906493:1906965 [1] NCCL INFO proxyProgressAsync opId=0x43129ba525419803 op.type=9 op.reqBuff=0x7fb92c038410 op.respSize=0 done
c0b58536a5f1:1906493:1906965 [1] NCCL INFO Received and initiated operation=GetFd res=0
c0b58536a5f1:1906493:1906953 [1] NCCL INFO ncclPollProxyResponse Received new opId=0x55189c48404ea7c4
c0b58536a5f1:1906493:1906953 [1] NCCL INFO resp.opId=0x55189c48404ea7c4 matches expected opId=0x55189c48404ea7c4
c0b58536a5f1:1906493:1906953 [1] NCCL INFO UDS converted handle 0x7fe2c000bb60 to fd 160 on remote peer 0
c0b58536a5f1:1906493:1906965 [1] NCCL INFO New proxy send connection 37 from local rank 0, transport 0
c0b58536a5f1:1906493:1906965 [1] NCCL INFO proxyProgressAsync opId=0x7fe2b74d9d70 op.type=1 op.reqBuff=0x7fb92c038410 op.respSize=16 done
c0b58536a5f1:1906493:1906953 [1] NCCL INFO Imported shareable buffer device 1 size 6291456 ptr 0x414c00000
c0b58536a5f1:1906493:1906965 [1] NCCL INFO Received and initiated operation=Init res=0
c0b58536a5f1:1906493:1906953 [1] NCCL INFO ncclPollProxyResponse Received new opId=0x7fb93b4d9d70
c0b58536a5f1:1906493:1906953 [1] NCCL INFO resp.opId=0x7fb93b4d9d70 matches expected opId=0x7fb93b4d9d70
c0b58536a5f1:1906493:1906965 [1] NCCL INFO UDS proxyGetFd received handle 0x7fb92c023760 peer 0 opId 1fcc74001f4123ce
c0b58536a5f1:1906493:1906953 [1] NCCL INFO Connected to proxy localRank 0 -> connection 0x7fe2c00060a8
c0b58536a5f1:1906493:1906965 [1] NCCL INFO proxyProgressAsync opId=0x1fcc74001f4123ce op.type=9 op.reqBuff=0x7fb92c036d30 op.respSize=0 done
c0b58536a5f1:1906493:1906965 [1] NCCL INFO Received and initiated operation=GetFd res=0
c0b58536a5f1:1906493:1906953 [1] NCCL INFO ncclPollProxyResponse Received new opId=0x3aa5c8f267242b05
c0b58536a5f1:1906493:1906953 [1] NCCL INFO resp.opId=0x3aa5c8f267242b05 matches expected opId=0x3aa5c8f267242b05
c0b58536a5f1:1906493:1906953 [1] NCCL INFO UDS converted handle 0x7fe2c0023770 to fd 160 on remote peer 0
c0b58536a5f1:1906493:1906965 [1] NCCL INFO New proxy send connection 38 from local rank 0, transport 0
c0b58536a5f1:1906493:1906965 [1] NCCL INFO proxyProgressAsync opId=0x7fe2b74d9d70 op.type=1 op.reqBuff=0x7fb92c036d30 op.respSize=16 done
c0b58536a5f1:1906493:1906953 [1] NCCL INFO Imported shareable buffer device 1 size 6291456 ptr 0x415200000
c0b58536a5f1:1906493:1906965 [1] NCCL INFO Received and initiated operation=Init res=0
c0b58536a5f1:1906493:1906953 [1] NCCL INFO ncclPollProxyResponse Received new opId=0x7fb93b4d9d70
c0b58536a5f1:1906493:1906953 [1] NCCL INFO resp.opId=0x7fb93b4d9d70 matches expected opId=0x7fb93b4d9d70
c0b58536a5f1:1906493:1906953 [1] NCCL INFO Connected to proxy localRank 0 -> connection 0x7fe2c0006120
c0b58536a5f1:1906493:1906965 [1] NCCL INFO UDS proxyGetFd received handle 0x7fb92c00d290 peer 0 opId 3eb8b57c4977918d
c0b58536a5f1:1906493:1906965 [1] NCCL INFO proxyProgressAsync opId=0x3eb8b57c4977918d op.type=9 op.reqBuff=0x7fb92c038410 op.respSize=0 done
c0b58536a5f1:1906493:1906965 [1] NCCL INFO Received and initiated operation=GetFd res=0
c0b58536a5f1:1906493:1906953 [1] NCCL INFO ncclPollProxyResponse Received new opId=0x7ed156e375937db4
c0b58536a5f1:1906493:1906953 [1] NCCL INFO resp.opId=0x7ed156e375937db4 matches expected opId=0x7ed156e375937db4
c0b58536a5f1:1906493:1906953 [1] NCCL INFO UDS converted handle 0x7fe2c000d2a0 to fd 160 on remote peer 0
c0b58536a5f1:1906493:1906953 [1] NCCL INFO Imported shareable buffer device 1 size 6291456 ptr 0x415800000
c0b58536a5f1:1906493:1906965 [1] NCCL INFO New proxy send connection 39 from local rank 0, transport 0
c0b58536a5f1:1906493:1906965 [1] NCCL INFO proxyProgressAsync opId=0x7fe2b74d9d70 op.type=1 op.reqBuff=0x7fb92c038410 op.respSize=16 done
c0b58536a5f1:1906493:1906965 [1] NCCL INFO Received and initiated operation=Init res=0
c0b58536a5f1:1906493:1906953 [1] NCCL INFO ncclPollProxyResponse Received new opId=0x7fb93b4d9d70
c0b58536a5f1:1906493:1906953 [1] NCCL INFO resp.opId=0x7fb93b4d9d70 matches expected opId=0x7fb93b4d9d70
c0b58536a5f1:1906493:1906953 [1] NCCL INFO Connected to proxy localRank 0 -> connection 0x7fe2c0006198
c0b58536a5f1:1906493:1906965 [1] NCCL INFO UDS proxyGetFd received handle 0x7fb92c024e40 peer 0 opId 71accf595b078bdd
c0b58536a5f1:1906493:1906953 [1] NCCL INFO ncclPollProxyResponse Received new opId=0x67075d7b5863321b
c0b58536a5f1:1906493:1906953 [1] NCCL INFO resp.opId=0x67075d7b5863321b matches expected opId=0x67075d7b5863321b
c0b58536a5f1:1906493:1906953 [1] NCCL INFO UDS converted handle 0x7fe2c0024e50 to fd 161 on remote peer 0
c0b58536a5f1:1906493:1906965 [1] NCCL INFO proxyProgressAsync opId=0x71accf595b078bdd op.type=9 op.reqBuff=0x7fb92c036d30 op.respSize=0 done
c0b58536a5f1:1906493:1906965 [1] NCCL INFO Received and initiated operation=GetFd res=0
c0b58536a5f1:1906493:1906953 [1] NCCL INFO Imported shareable buffer device 1 size 6291456 ptr 0x416000000
c0b58536a5f1:1906493:1906953 [1] NCCL INFO ncclPollProxyResponse Received new opId=0x7fb93b4d9d70
c0b58536a5f1:1906493:1906953 [1] NCCL INFO resp.opId=0x7fb93b4d9d70 matches expected opId=0x7fb93b4d9d70
c0b58536a5f1:1906493:1906953 [1] NCCL INFO Connected to proxy localRank 0 -> connection 0x7fe2c0006210
c0b58536a5f1:1906493:1906965 [1] NCCL INFO New proxy send connection 40 from local rank 0, transport 0
c0b58536a5f1:1906493:1906965 [1] NCCL INFO proxyProgressAsync opId=0x7fe2b74d9d70 op.type=1 op.reqBuff=0x7fb92c036d30 op.respSize=16 done
c0b58536a5f1:1906493:1906965 [1] NCCL INFO Received and initiated operation=Init res=0
c0b58536a5f1:1906493:1906953 [1] NCCL INFO ncclPollProxyResponse Received new opId=0x5ea0cce006697723
c0b58536a5f1:1906493:1906953 [1] NCCL INFO resp.opId=0x5ea0cce006697723 matches expected opId=0x5ea0cce006697723
c0b58536a5f1:1906493:1906953 [1] NCCL INFO UDS converted handle 0x7fe2c000e9c0 to fd 160 on remote peer 0
c0b58536a5f1:1906493:1906965 [1] NCCL INFO UDS proxyGetFd received handle 0x7fb92c00e9b0 peer 0 opId 74b8b59603212ea0
c0b58536a5f1:1906493:1906953 [1] NCCL INFO Imported shareable buffer device 1 size 6291456 ptr 0x416600000
c0b58536a5f1:1906493:1906953 [1] NCCL INFO ncclPollProxyResponse Received new opId=0x7fb93b4d9d70
c0b58536a5f1:1906493:1906953 [1] NCCL INFO resp.opId=0x7fb93b4d9d70 matches expected opId=0x7fb93b4d9d70
c0b58536a5f1:1906493:1906953 [1] NCCL INFO Connected to proxy localRank 0 -> connection 0x7fe2c0006288
c0b58536a5f1:1906493:1906965 [1] NCCL INFO proxyProgressAsync opId=0x74b8b59603212ea0 op.type=9 op.reqBuff=0x7fb92c038410 op.respSize=0 done
c0b58536a5f1:1906493:1906965 [1] NCCL INFO Received and initiated operation=GetFd res=0
c0b58536a5f1:1906493:1906953 [1] NCCL INFO ncclPollProxyResponse Received new opId=0x24ff6ef068d89aa6
c0b58536a5f1:1906493:1906953 [1] NCCL INFO resp.opId=0x24ff6ef068d89aa6 matches expected opId=0x24ff6ef068d89aa6
c0b58536a5f1:1906493:1906953 [1] NCCL INFO UDS converted handle 0x7fe2c0026980 to fd 159 on remote peer 0
c0b58536a5f1:1906493:1906965 [1] NCCL INFO New proxy send connection 41 from local rank 0, transport 0
c0b58536a5f1:1906493:1906965 [1] NCCL INFO proxyProgressAsync opId=0x7fe2b74d9d70 op.type=1 op.reqBuff=0x7fb92c038410 op.respSize=16 done
c0b58536a5f1:1906493:1906965 [1] NCCL INFO Received and initiated operation=Init res=0
c0b58536a5f1:1906493:1906965 [1] NCCL INFO UDS proxyGetFd received handle 0x7fb92c026970 peer 0 opId 19be4d5174f00357
c0b58536a5f1:1906493:1906953 [1] NCCL INFO Imported shareable buffer device 1 size 6291456 ptr 0x416c00000
c0b58536a5f1:1906493:1906953 [1] NCCL INFO ncclPollProxyResponse Received new opId=0x7fb93b4d9d70
c0b58536a5f1:1906493:1906953 [1] NCCL INFO resp.opId=0x7fb93b4d9d70 matches expected opId=0x7fb93b4d9d70
c0b58536a5f1:1906493:1906953 [1] NCCL INFO Connected to proxy localRank 0 -> connection 0x7fe2c0006300
c0b58536a5f1:1906493:1906965 [1] NCCL INFO proxyProgressAsync opId=0x19be4d5174f00357 op.type=9 op.reqBuff=0x7fb92c036d30 op.respSize=0 done
c0b58536a5f1:1906493:1906965 [1] NCCL INFO Received and initiated operation=GetFd res=0
c0b58536a5f1:1906493:1906953 [1] NCCL INFO ncclPollProxyResponse Received new opId=0x4f0795ad2f0dde9f
c0b58536a5f1:1906493:1906953 [1] NCCL INFO resp.opId=0x4f0795ad2f0dde9f matches expected opId=0x4f0795ad2f0dde9f
c0b58536a5f1:1906493:1906953 [1] NCCL INFO UDS converted handle 0x7fe2c0010530 to fd 159 on remote peer 0
c0b58536a5f1:1906493:1906965 [1] NCCL INFO New proxy send connection 42 from local rank 0, transport 0
c0b58536a5f1:1906493:1906965 [1] NCCL INFO proxyProgressAsync opId=0x7fe2b74d9d70 op.type=1 op.reqBuff=0x7fb92c036d30 op.respSize=16 done
c0b58536a5f1:1906493:1906953 [1] NCCL INFO Imported shareable buffer device 1 size 6291456 ptr 0x417200000
c0b58536a5f1:1906493:1906965 [1] NCCL INFO Received and initiated operation=Init res=0
c0b58536a5f1:1906493:1906953 [1] NCCL INFO ncclPollProxyResponse Received new opId=0x7fb93b4d9d70
c0b58536a5f1:1906493:1906965 [1] NCCL INFO UDS proxyGetFd received handle 0x7fb92c010520 peer 0 opId d8dd41774610cda
c0b58536a5f1:1906493:1906953 [1] NCCL INFO resp.opId=0x7fb93b4d9d70 matches expected opId=0x7fb93b4d9d70
c0b58536a5f1:1906493:1906953 [1] NCCL INFO Connected to proxy localRank 0 -> connection 0x7fe2c0006378
c0b58536a5f1:1906493:1906965 [1] NCCL INFO proxyProgressAsync opId=0xd8dd41774610cda op.type=9 op.reqBuff=0x7fb92c038410 op.respSize=0 done
c0b58536a5f1:1906493:1906965 [1] NCCL INFO Received and initiated operation=GetFd res=0
c0b58536a5f1:1906493:1906953 [1] NCCL INFO ncclPollProxyResponse Received new opId=0xb6933f77b037cab
c0b58536a5f1:1906493:1906953 [1] NCCL INFO resp.opId=0xb6933f77b037cab matches expected opId=0xb6933f77b037cab
c0b58536a5f1:1906493:1906953 [1] NCCL INFO UDS converted handle 0x7fe2c0028060 to fd 160 on remote peer 0
c0b58536a5f1:1906493:1906965 [1] NCCL INFO New proxy send connection 43 from local rank 0, transport 0
c0b58536a5f1:1906493:1906965 [1] NCCL INFO proxyProgressAsync opId=0x7fe2b74d9d70 op.type=1 op.reqBuff=0x7fb92c038410 op.respSize=16 done
c0b58536a5f1:1906493:1906953 [1] NCCL INFO Imported shareable buffer device 1 size 6291456 ptr 0x417800000
c0b58536a5f1:1906493:1906965 [1] NCCL INFO Received and initiated operation=Init res=0
c0b58536a5f1:1906493:1906953 [1] NCCL INFO ncclPollProxyResponse Received new opId=0x7fb93b4d9d70
c0b58536a5f1:1906493:1906953 [1] NCCL INFO resp.opId=0x7fb93b4d9d70 matches expected opId=0x7fb93b4d9d70
c0b58536a5f1:1906493:1906953 [1] NCCL INFO Connected to proxy localRank 0 -> connection 0x7fe2c00063f0
c0b58536a5f1:1906493:1906965 [1] NCCL INFO UDS proxyGetFd received handle 0x7fb92c028050 peer 0 opId 3fbc07be7c443413
c0b58536a5f1:1906493:1906965 [1] NCCL INFO proxyProgressAsync opId=0x3fbc07be7c443413 op.type=9 op.reqBuff=0x7fb92c036d30 op.respSize=0 done
c0b58536a5f1:1906493:1906965 [1] NCCL INFO Received and initiated operation=GetFd res=0
c0b58536a5f1:1906493:1906953 [1] NCCL INFO ncclPollProxyResponse Received new opId=0x7c957c7341b41295
c0b58536a5f1:1906493:1906953 [1] NCCL INFO resp.opId=0x7c957c7341b41295 matches expected opId=0x7c957c7341b41295
c0b58536a5f1:1906493:1906953 [1] NCCL INFO UDS converted handle 0x7fe2c0011c50 to fd 160 on remote peer 0
c0b58536a5f1:1906493:1906965 [1] NCCL INFO New proxy send connection 44 from local rank 0, transport 0
c0b58536a5f1:1906493:1906965 [1] NCCL INFO proxyProgressAsync opId=0x7fe2b74d9d70 op.type=1 op.reqBuff=0x7fb92c036d30 op.respSize=16 done
c0b58536a5f1:1906493:1906953 [1] NCCL INFO Imported shareable buffer device 1 size 6291456 ptr 0x418000000
c0b58536a5f1:1906493:1906965 [1] NCCL INFO Received and initiated operation=Init res=0
c0b58536a5f1:1906493:1906953 [1] NCCL INFO ncclPollProxyResponse Received new opId=0x7fb93b4d9d70
c0b58536a5f1:1906493:1906965 [1] NCCL INFO UDS proxyGetFd received handle 0x7fb92c011c40 peer 0 opId 1599d0404c94ab50
c0b58536a5f1:1906493:1906953 [1] NCCL INFO resp.opId=0x7fb93b4d9d70 matches expected opId=0x7fb93b4d9d70
c0b58536a5f1:1906493:1906953 [1] NCCL INFO Connected to proxy localRank 0 -> connection 0x7fe2c0006468
c0b58536a5f1:1906493:1906965 [1] NCCL INFO proxyProgressAsync opId=0x1599d0404c94ab50 op.type=9 op.reqBuff=0x7fb92c038410 op.respSize=0 done
c0b58536a5f1:1906493:1906965 [1] NCCL INFO Received and initiated operation=GetFd res=0
c0b58536a5f1:1906493:1906953 [1] NCCL INFO ncclPollProxyResponse Received new opId=0x697a592813bed94f
c0b58536a5f1:1906493:1906953 [1] NCCL INFO resp.opId=0x697a592813bed94f matches expected opId=0x697a592813bed94f
c0b58536a5f1:1906493:1906953 [1] NCCL INFO UDS converted handle 0x7fe2c0029740 to fd 160 on remote peer 0
c0b58536a5f1:1906493:1906953 [1] NCCL INFO Imported shareable buffer device 1 size 6291456 ptr 0x418600000
c0b58536a5f1:1906493:1906965 [1] NCCL INFO New proxy send connection 45 from local rank 0, transport 0
c0b58536a5f1:1906493:1906965 [1] NCCL INFO proxyProgressAsync opId=0x7fe2b74d9d70 op.type=1 op.reqBuff=0x7fb92c038410 op.respSize=16 done
c0b58536a5f1:1906493:1906953 [1] NCCL INFO ncclPollProxyResponse Received new opId=0x7fb93b4d9d70
c0b58536a5f1:1906493:1906965 [1] NCCL INFO Received and initiated operation=Init res=0
c0b58536a5f1:1906493:1906953 [1] NCCL INFO resp.opId=0x7fb93b4d9d70 matches expected opId=0x7fb93b4d9d70
c0b58536a5f1:1906493:1906953 [1] NCCL INFO Connected to proxy localRank 0 -> connection 0x7fe2c00064e0
c0b58536a5f1:1906493:1906965 [1] NCCL INFO UDS proxyGetFd received handle 0x7fb92c029730 peer 0 opId 4aacf6081bc78105
c0b58536a5f1:1906493:1906953 [1] NCCL INFO ncclPollProxyResponse Received new opId=0x2cb7ec1b10ddc89d
c0b58536a5f1:1906493:1906953 [1] NCCL INFO resp.opId=0x2cb7ec1b10ddc89d matches expected opId=0x2cb7ec1b10ddc89d
c0b58536a5f1:1906493:1906953 [1] NCCL INFO UDS converted handle 0x7fe2c0013330 to fd 161 on remote peer 0
c0b58536a5f1:1906493:1906965 [1] NCCL INFO proxyProgressAsync opId=0x4aacf6081bc78105 op.type=9 op.reqBuff=0x7fb92c036d30 op.respSize=0 done
c0b58536a5f1:1906493:1906965 [1] NCCL INFO Received and initiated operation=GetFd res=0
c0b58536a5f1:1906493:1906953 [1] NCCL INFO Imported shareable buffer device 1 size 6291456 ptr 0x418c00000
c0b58536a5f1:1906493:1906953 [1] NCCL INFO ncclPollProxyResponse Received new opId=0x7fb93b4d9d70
c0b58536a5f1:1906493:1906953 [1] NCCL INFO resp.opId=0x7fb93b4d9d70 matches expected opId=0x7fb93b4d9d70
c0b58536a5f1:1906493:1906953 [1] NCCL INFO Connected to proxy localRank 0 -> connection 0x7fe2c0006558
c0b58536a5f1:1906493:1906965 [1] NCCL INFO New proxy send connection 46 from local rank 0, transport 0
c0b58536a5f1:1906493:1906965 [1] NCCL INFO proxyProgressAsync opId=0x7fe2b74d9d70 op.type=1 op.reqBuff=0x7fb92c036d30 op.respSize=16 done
c0b58536a5f1:1906493:1906965 [1] NCCL INFO Received and initiated operation=Init res=0
c0b58536a5f1:1906493:1906965 [1] NCCL INFO UDS proxyGetFd received handle 0x7fb92c013320 peer 0 opId 4f7a758f228b583b
c0b58536a5f1:1906493:1906953 [1] NCCL INFO ncclPollProxyResponse Received new opId=0x8f53783119032af
c0b58536a5f1:1906493:1906953 [1] NCCL INFO resp.opId=0x8f53783119032af matches expected opId=0x8f53783119032af
c0b58536a5f1:1906493:1906953 [1] NCCL INFO UDS converted handle 0x7fe2c002ae20 to fd 160 on remote peer 0
c0b58536a5f1:1906493:1906953 [1] NCCL INFO Imported shareable buffer device 1 size 6291456 ptr 0x419200000
c0b58536a5f1:1906493:1906953 [1] NCCL INFO ncclPollProxyResponse Received new opId=0x7fb93b4d9d70
c0b58536a5f1:1906493:1906953 [1] NCCL INFO resp.opId=0x7fb93b4d9d70 matches expected opId=0x7fb93b4d9d70
c0b58536a5f1:1906493:1906953 [1] NCCL INFO Connected to proxy localRank 0 -> connection 0x7fe2c00065d0
c0b58536a5f1:1906493:1906965 [1] NCCL INFO proxyProgressAsync opId=0x4f7a758f228b583b op.type=9 op.reqBuff=0x7fb92c038410 op.respSize=0 done
c0b58536a5f1:1906493:1906965 [1] NCCL INFO Received and initiated operation=GetFd res=0
c0b58536a5f1:1906493:1906953 [1] NCCL INFO ncclPollProxyResponse Received new opId=0x37734f465760e1b0
c0b58536a5f1:1906493:1906953 [1] NCCL INFO resp.opId=0x37734f465760e1b0 matches expected opId=0x37734f465760e1b0
c0b58536a5f1:1906493:1906953 [1] NCCL INFO UDS converted handle 0x7fe2c0014a10 to fd 159 on remote peer 0
c0b58536a5f1:1906493:1906965 [1] NCCL INFO New proxy send connection 47 from local rank 0, transport 0
c0b58536a5f1:1906493:1906965 [1] NCCL INFO proxyProgressAsync opId=0x7fe2b74d9d70 op.type=1 op.reqBuff=0x7fb92c038410 op.respSize=16 done
c0b58536a5f1:1906493:1906953 [1] NCCL INFO Imported shareable buffer device 1 size 6291456 ptr 0x419800000
c0b58536a5f1:1906493:1906965 [1] NCCL INFO Received and initiated operation=Init res=0
c0b58536a5f1:1906493:1906953 [1] NCCL INFO ncclPollProxyResponse Received new opId=0x7fb93b4d9d70
c0b58536a5f1:1906493:1906953 [1] NCCL INFO resp.opId=0x7fb93b4d9d70 matches expected opId=0x7fb93b4d9d70
c0b58536a5f1:1906493:1906953 [1] NCCL INFO Connected to proxy localRank 0 -> connection 0x7fe2c0006648
c0b58536a5f1:1906493:1906965 [1] NCCL INFO UDS proxyGetFd received handle 0x7fb92c02ae10 peer 0 opId 53a3f1f12a0a0dc3
c0b58536a5f1:1906493:1906965 [1] NCCL INFO proxyProgressAsync opId=0x53a3f1f12a0a0dc3 op.type=9 op.reqBuff=0x7fb92c036d30 op.respSize=0 done
c0b58536a5f1:1906493:1906965 [1] NCCL INFO Received and initiated operation=GetFd res=0
c0b58536a5f1:1906493:1906953 [1] NCCL INFO ncclPollProxyResponse Received new opId=0xa1d6eb1719da9ee
c0b58536a5f1:1906493:1906953 [1] NCCL INFO resp.opId=0xa1d6eb1719da9ee matches expected opId=0xa1d6eb1719da9ee
c0b58536a5f1:1906493:1906953 [1] NCCL INFO UDS converted handle 0x7fe2c002c500 to fd 160 on remote peer 0
c0b58536a5f1:1906493:1906965 [1] NCCL INFO New proxy send connection 48 from local rank 0, transport 0
c0b58536a5f1:1906493:1906965 [1] NCCL INFO proxyProgressAsync opId=0x7fe2b74d9d70 op.type=1 op.reqBuff=0x7fb92c036d30 op.respSize=16 done
c0b58536a5f1:1906493:1906953 [1] NCCL INFO Imported shareable buffer device 1 size 6291456 ptr 0x41a000000
c0b58536a5f1:1906493:1906965 [1] NCCL INFO Received and initiated operation=Init res=0
c0b58536a5f1:1906493:1906953 [1] NCCL INFO ncclPollProxyResponse Received new opId=0x7fb93b4d9d70
c0b58536a5f1:1906493:1906953 [1] NCCL INFO resp.opId=0x7fb93b4d9d70 matches expected opId=0x7fb93b4d9d70
c0b58536a5f1:1906493:1906953 [1] NCCL INFO Connected to proxy localRank 0 -> connection 0x7fe2c00066c0
c0b58536a5f1:1906493:1906965 [1] NCCL INFO UDS proxyGetFd received handle 0x7fb92c014a00 peer 0 opId 61a6b0590656040b
c0b58536a5f1:1906493:1906965 [1] NCCL INFO proxyProgressAsync opId=0x61a6b0590656040b op.type=9 op.reqBuff=0x7fb92c038410 op.respSize=0 done
c0b58536a5f1:1906493:1906965 [1] NCCL INFO Received and initiated operation=GetFd res=0
c0b58536a5f1:1906493:1906953 [1] NCCL INFO ncclPollProxyResponse Received new opId=0x239053c14a6ba20d
c0b58536a5f1:1906493:1906953 [1] NCCL INFO resp.opId=0x239053c14a6ba20d matches expected opId=0x239053c14a6ba20d
c0b58536a5f1:1906493:1906953 [1] NCCL INFO UDS converted handle 0x7fe2c00160f0 to fd 160 on remote peer 0
c0b58536a5f1:1906493:1906953 [1] NCCL INFO Imported shareable buffer device 1 size 6291456 ptr 0x41a600000
c0b58536a5f1:1906493:1906953 [1] NCCL INFO ncclPollProxyResponse Received new opId=0x7fb93b4d9d70
c0b58536a5f1:1906493:1906953 [1] NCCL INFO resp.opId=0x7fb93b4d9d70 matches expected opId=0x7fb93b4d9d70
c0b58536a5f1:1906493:1906953 [1] NCCL INFO Connected to proxy localRank 0 -> connection 0x7fe2c0006738
c0b58536a5f1:1906493:1906965 [1] NCCL INFO New proxy send connection 49 from local rank 0, transport 0
c0b58536a5f1:1906493:1906965 [1] NCCL INFO proxyProgressAsync opId=0x7fe2b74d9d70 op.type=1 op.reqBuff=0x7fb92c038410 op.respSize=16 done
c0b58536a5f1:1906493:1906965 [1] NCCL INFO Received and initiated operation=Init res=0
c0b58536a5f1:1906493:1906965 [1] NCCL INFO UDS proxyGetFd received handle 0x7fb92c02c4f0 peer 0 opId 261f56b63477e7bc
c0b58536a5f1:1906493:1906953 [1] NCCL INFO ncclPollProxyResponse Received new opId=0x144679eb78a8f009
c0b58536a5f1:1906493:1906953 [1] NCCL INFO resp.opId=0x144679eb78a8f009 matches expected opId=0x144679eb78a8f009
c0b58536a5f1:1906493:1906953 [1] NCCL INFO UDS converted handle 0x7fe2c002e030 to fd 160 on remote peer 0
c0b58536a5f1:1906493:1906965 [1] NCCL INFO proxyProgressAsync opId=0x261f56b63477e7bc op.type=9 op.reqBuff=0x7fb92c036d30 op.respSize=0 done
c0b58536a5f1:1906493:1906965 [1] NCCL INFO Received and initiated operation=GetFd res=0
c0b58536a5f1:1906493:1906953 [1] NCCL INFO Imported shareable buffer device 1 size 6291456 ptr 0x41ac00000
c0b58536a5f1:1906493:1906953 [1] NCCL INFO ncclPollProxyResponse Received new opId=0x7fb93b4d9d70
c0b58536a5f1:1906493:1906953 [1] NCCL INFO resp.opId=0x7fb93b4d9d70 matches expected opId=0x7fb93b4d9d70
c0b58536a5f1:1906493:1906953 [1] NCCL INFO Connected to proxy localRank 0 -> connection 0x7fe2c00067b0
c0b58536a5f1:1906493:1906965 [1] NCCL INFO New proxy send connection 50 from local rank 0, transport 0
c0b58536a5f1:1906493:1906965 [1] NCCL INFO proxyProgressAsync opId=0x7fe2b74d9d70 op.type=1 op.reqBuff=0x7fb92c036d30 op.respSize=16 done
c0b58536a5f1:1906493:1906965 [1] NCCL INFO Received and initiated operation=Init res=0
c0b58536a5f1:1906493:1906953 [1] NCCL INFO ncclPollProxyResponse Received new opId=0xaba49d24eec42dd
c0b58536a5f1:1906493:1906953 [1] NCCL INFO resp.opId=0xaba49d24eec42dd matches expected opId=0xaba49d24eec42dd
c0b58536a5f1:1906493:1906953 [1] NCCL INFO UDS converted handle 0x7fe2c0017c20 to fd 160 on remote peer 0
c0b58536a5f1:1906493:1906965 [1] NCCL INFO UDS proxyGetFd received handle 0x7fb92c0160e0 peer 0 opId 2211c23304062b13
c0b58536a5f1:1906493:1906953 [1] NCCL INFO Imported shareable buffer device 1 size 6291456 ptr 0x41b200000
c0b58536a5f1:1906493:1906953 [1] NCCL INFO ncclPollProxyResponse Received new opId=0x7fb93b4d9d70
c0b58536a5f1:1906493:1906953 [1] NCCL INFO resp.opId=0x7fb93b4d9d70 matches expected opId=0x7fb93b4d9d70
c0b58536a5f1:1906493:1906953 [1] NCCL INFO Connected to proxy localRank 0 -> connection 0x7fe2c0006828
c0b58536a5f1:1906493:1906965 [1] NCCL INFO proxyProgressAsync opId=0x2211c23304062b13 op.type=9 op.reqBuff=0x7fb92c038410 op.respSize=0 done
c0b58536a5f1:1906493:1906965 [1] NCCL INFO Received and initiated operation=GetFd res=0
c0b58536a5f1:1906493:1906953 [1] NCCL INFO ncclPollProxyResponse Received new opId=0x5fcd1b0f098ba0b5
c0b58536a5f1:1906493:1906953 [1] NCCL INFO resp.opId=0x5fcd1b0f098ba0b5 matches expected opId=0x5fcd1b0f098ba0b5
c0b58536a5f1:1906493:1906953 [1] NCCL INFO UDS converted handle 0x7fe2c002f710 to fd 159 on remote peer 0
c0b58536a5f1:1906493:1906965 [1] NCCL INFO New proxy send connection 51 from local rank 0, transport 0
c0b58536a5f1:1906493:1906965 [1] NCCL INFO proxyProgressAsync opId=0x7fe2b74d9d70 op.type=1 op.reqBuff=0x7fb92c038410 op.respSize=16 done
c0b58536a5f1:1906493:1906953 [1] NCCL INFO Imported shareable buffer device 1 size 6291456 ptr 0x41b800000
c0b58536a5f1:1906493:1906965 [1] NCCL INFO Received and initiated operation=Init res=0
c0b58536a5f1:1906493:1906953 [1] NCCL INFO ncclPollProxyResponse Received new opId=0x7fb93b4d9d70
c0b58536a5f1:1906493:1906953 [1] NCCL INFO resp.opId=0x7fb93b4d9d70 matches expected opId=0x7fb93b4d9d70
c0b58536a5f1:1906493:1906953 [1] NCCL INFO Connected to proxy localRank 0 -> connection 0x7fe2c00068a0
c0b58536a5f1:1906493:1906965 [1] NCCL INFO UDS proxyGetFd received handle 0x7fb92c02e020 peer 0 opId 2a6b88b365245dd8
c0b58536a5f1:1906493:1906965 [1] NCCL INFO proxyProgressAsync opId=0x2a6b88b365245dd8 op.type=9 op.reqBuff=0x7fb92c036d30 op.respSize=0 done
c0b58536a5f1:1906493:1906965 [1] NCCL INFO Received and initiated operation=GetFd res=0
c0b58536a5f1:1906493:1906953 [1] NCCL INFO ncclPollProxyResponse Received new opId=0x447fc09146d4788a
c0b58536a5f1:1906493:1906953 [1] NCCL INFO resp.opId=0x447fc09146d4788a matches expected opId=0x447fc09146d4788a
c0b58536a5f1:1906493:1906953 [1] NCCL INFO UDS converted handle 0x7fe2c0019300 to fd 160 on remote peer 0
c0b58536a5f1:1906493:1906965 [1] NCCL INFO New proxy send connection 52 from local rank 0, transport 0
c0b58536a5f1:1906493:1906965 [1] NCCL INFO proxyProgressAsync opId=0x7fe2b74d9d70 op.type=1 op.reqBuff=0x7fb92c036d30 op.respSize=16 done
c0b58536a5f1:1906493:1906953 [1] NCCL INFO Imported shareable buffer device 1 size 6291456 ptr 0x41c000000
c0b58536a5f1:1906493:1906965 [1] NCCL INFO Received and initiated operation=Init res=0
c0b58536a5f1:1906493:1906953 [1] NCCL INFO ncclPollProxyResponse Received new opId=0x7fb93b4d9d70
c0b58536a5f1:1906493:1906953 [1] NCCL INFO resp.opId=0x7fb93b4d9d70 matches expected opId=0x7fb93b4d9d70
c0b58536a5f1:1906493:1906953 [1] NCCL INFO Connected to proxy localRank 0 -> connection 0x7fe2c0006918
c0b58536a5f1:1906493:1906965 [1] NCCL INFO UDS proxyGetFd received handle 0x7fb92c017c10 peer 0 opId 2947c3164a37fcb3
c0b58536a5f1:1906493:1906965 [1] NCCL INFO proxyProgressAsync opId=0x2947c3164a37fcb3 op.type=9 op.reqBuff=0x7fb92c038410 op.respSize=0 done
c0b58536a5f1:1906493:1906965 [1] NCCL INFO Received and initiated operation=GetFd res=0
c0b58536a5f1:1906493:1906953 [1] NCCL INFO ncclPollProxyResponse Received new opId=0x61eed2d023208d72
c0b58536a5f1:1906493:1906953 [1] NCCL INFO resp.opId=0x61eed2d023208d72 matches expected opId=0x61eed2d023208d72
c0b58536a5f1:1906493:1906953 [1] NCCL INFO UDS converted handle 0x7fe2c0030df0 to fd 160 on remote peer 0
c0b58536a5f1:1906493:1906953 [1] NCCL INFO Imported shareable buffer device 1 size 6291456 ptr 0x41c600000
c0b58536a5f1:1906493:1906965 [1] NCCL INFO New proxy send connection 53 from local rank 0, transport 0
c0b58536a5f1:1906493:1906965 [1] NCCL INFO proxyProgressAsync opId=0x7fe2b74d9d70 op.type=1 op.reqBuff=0x7fb92c038410 op.respSize=16 done
c0b58536a5f1:1906493:1906965 [1] NCCL INFO Received and initiated operation=Init res=0
c0b58536a5f1:1906493:1906953 [1] NCCL INFO ncclPollProxyResponse Received new opId=0x7fb93b4d9d70
c0b58536a5f1:1906493:1906953 [1] NCCL INFO resp.opId=0x7fb93b4d9d70 matches expected opId=0x7fb93b4d9d70
c0b58536a5f1:1906493:1906953 [1] NCCL INFO Connected to proxy localRank 0 -> connection 0x7fe2c0006990
c0b58536a5f1:1906493:1906965 [1] NCCL INFO UDS proxyGetFd received handle 0x7fb92c02f700 peer 0 opId 46581a668007892
c0b58536a5f1:1906493:1906953 [1] NCCL INFO ncclPollProxyResponse Received new opId=0x4d3defae06ee41c1
c0b58536a5f1:1906493:1906953 [1] NCCL INFO resp.opId=0x4d3defae06ee41c1 matches expected opId=0x4d3defae06ee41c1
c0b58536a5f1:1906493:1906953 [1] NCCL INFO UDS converted handle 0x7fe2c001a9e0 to fd 161 on remote peer 0
c0b58536a5f1:1906493:1906965 [1] NCCL INFO proxyProgressAsync opId=0x46581a668007892 op.type=9 op.reqBuff=0x7fb92c036d30 op.respSize=0 done
c0b58536a5f1:1906493:1906965 [1] NCCL INFO Received and initiated operation=GetFd res=0
c0b58536a5f1:1906493:1906953 [1] NCCL INFO Imported shareable buffer device 1 size 6291456 ptr 0x41cc00000
c0b58536a5f1:1906493:1906953 [1] NCCL INFO ncclPollProxyResponse Received new opId=0x7fb93b4d9d70
c0b58536a5f1:1906493:1906953 [1] NCCL INFO resp.opId=0x7fb93b4d9d70 matches expected opId=0x7fb93b4d9d70
c0b58536a5f1:1906493:1906953 [1] NCCL INFO Connected to proxy localRank 0 -> connection 0x7fe2c0006a08
c0b58536a5f1:1906493:1906965 [1] NCCL INFO New proxy send connection 54 from local rank 0, transport 0
c0b58536a5f1:1906493:1906965 [1] NCCL INFO proxyProgressAsync opId=0x7fe2b74d9d70 op.type=1 op.reqBuff=0x7fb92c036d30 op.respSize=16 done
c0b58536a5f1:1906493:1906965 [1] NCCL INFO Received and initiated operation=Init res=0
c0b58536a5f1:1906493:1906953 [1] NCCL INFO ncclPollProxyResponse Received new opId=0xbf928181c45855b
c0b58536a5f1:1906493:1906953 [1] NCCL INFO resp.opId=0xbf928181c45855b matches expected opId=0xbf928181c45855b
c0b58536a5f1:1906493:1906953 [1] NCCL INFO UDS converted handle 0x7fe2c00324d0 to fd 160 on remote peer 0
c0b58536a5f1:1906493:1906965 [1] NCCL INFO UDS proxyGetFd received handle 0x7fb92c0192f0 peer 0 opId 13af8e4076125100
c0b58536a5f1:1906493:1906953 [1] NCCL INFO Imported shareable buffer device 1 size 6291456 ptr 0x41d200000
c0b58536a5f1:1906493:1906953 [1] NCCL INFO ncclPollProxyResponse Received new opId=0x7fb93b4d9d70
c0b58536a5f1:1906493:1906953 [1] NCCL INFO resp.opId=0x7fb93b4d9d70 matches expected opId=0x7fb93b4d9d70
c0b58536a5f1:1906493:1906953 [1] NCCL INFO Connected to proxy localRank 0 -> connection 0x7fe2c0006a80
c0b58536a5f1:1906493:1906965 [1] NCCL INFO proxyProgressAsync opId=0x13af8e4076125100 op.type=9 op.reqBuff=0x7fb92c038410 op.respSize=0 done
c0b58536a5f1:1906493:1906965 [1] NCCL INFO Received and initiated operation=GetFd res=0
c0b58536a5f1:1906493:1906953 [1] NCCL INFO ncclPollProxyResponse Received new opId=0x35fc206017625c0f
c0b58536a5f1:1906493:1906953 [1] NCCL INFO resp.opId=0x35fc206017625c0f matches expected opId=0x35fc206017625c0f
c0b58536a5f1:1906493:1906953 [1] NCCL INFO UDS converted handle 0x7fe2c001c0c0 to fd 159 on remote peer 0
c0b58536a5f1:1906493:1906953 [1] NCCL INFO Imported shareable buffer device 1 size 6291456 ptr 0x41d800000
c0b58536a5f1:1906493:1906965 [1] NCCL INFO New proxy send connection 55 from local rank 0, transport 0
c0b58536a5f1:1906493:1906965 [1] NCCL INFO proxyProgressAsync opId=0x7fe2b74d9d70 op.type=1 op.reqBuff=0x7fb92c038410 op.respSize=16 done
c0b58536a5f1:1906493:1906965 [1] NCCL INFO Received and initiated operation=Init res=0
c0b58536a5f1:1906493:1906953 [1] NCCL INFO ncclPollProxyResponse Received new opId=0x7fb93b4d9d70
c0b58536a5f1:1906493:1906953 [1] NCCL INFO resp.opId=0x7fb93b4d9d70 matches expected opId=0x7fb93b4d9d70
c0b58536a5f1:1906493:1906953 [1] NCCL INFO Connected to proxy localRank 0 -> connection 0x7fe2c0006af8
c0b58536a5f1:1906493:1906965 [1] NCCL INFO UDS proxyGetFd received handle 0x7fb92c030de0 peer 0 opId 43080470086843d7
c0b58536a5f1:1906493:1906953 [1] NCCL INFO ncclPollProxyResponse Received new opId=0x1749020732919cd4
c0b58536a5f1:1906493:1906953 [1] NCCL INFO resp.opId=0x1749020732919cd4 matches expected opId=0x1749020732919cd4
c0b58536a5f1:1906493:1906953 [1] NCCL INFO UDS converted handle 0x7fe2c0033bb0 to fd 161 on remote peer 0
c0b58536a5f1:1906493:1906965 [1] NCCL INFO proxyProgressAsync opId=0x43080470086843d7 op.type=9 op.reqBuff=0x7fb92c036d30 op.respSize=0 done
c0b58536a5f1:1906493:1906965 [1] NCCL INFO Received and initiated operation=GetFd res=0
c0b58536a5f1:1906493:1906953 [1] NCCL INFO Imported shareable buffer device 1 size 6291456 ptr 0x41e000000
c0b58536a5f1:1906493:1906953 [1] NCCL INFO ncclPollProxyResponse Received new opId=0x7fb93b4d9d70
c0b58536a5f1:1906493:1906953 [1] NCCL INFO resp.opId=0x7fb93b4d9d70 matches expected opId=0x7fb93b4d9d70
c0b58536a5f1:1906493:1906953 [1] NCCL INFO Connected to proxy localRank 0 -> connection 0x7fe2c0006b70
c0b58536a5f1:1906493:1906965 [1] NCCL INFO New proxy send connection 56 from local rank 0, transport 0
c0b58536a5f1:1906493:1906965 [1] NCCL INFO proxyProgressAsync opId=0x7fe2b74d9d70 op.type=1 op.reqBuff=0x7fb92c036d30 op.respSize=16 done
c0b58536a5f1:1906493:1906965 [1] NCCL INFO Received and initiated operation=Init res=0
c0b58536a5f1:1906493:1906965 [1] NCCL INFO UDS proxyGetFd received handle 0x7fb92c01a9d0 peer 0 opId 79337fa05cc651c1
c0b58536a5f1:1906493:1906953 [1] NCCL INFO ncclPollProxyResponse Received new opId=0x59166ea400c35b2f
c0b58536a5f1:1906493:1906953 [1] NCCL INFO resp.opId=0x59166ea400c35b2f matches expected opId=0x59166ea400c35b2f
c0b58536a5f1:1906493:1906953 [1] NCCL INFO UDS converted handle 0x7fe2c001d7a0 to fd 160 on remote peer 0
c0b58536a5f1:1906493:1906953 [1] NCCL INFO Imported shareable buffer device 1 size 6291456 ptr 0x41e600000
c0b58536a5f1:1906493:1906953 [1] NCCL INFO ncclPollProxyResponse Received new opId=0x7fb93b4d9d70
c0b58536a5f1:1906493:1906953 [1] NCCL INFO resp.opId=0x7fb93b4d9d70 matches expected opId=0x7fb93b4d9d70
c0b58536a5f1:1906493:1906953 [1] NCCL INFO Connected to proxy localRank 0 -> connection 0x7fe2c0006be8
c0b58536a5f1:1906493:1906965 [1] NCCL INFO proxyProgressAsync opId=0x79337fa05cc651c1 op.type=9 op.reqBuff=0x7fb92c038410 op.respSize=0 done
c0b58536a5f1:1906493:1906965 [1] NCCL INFO Received and initiated operation=GetFd res=0
c0b58536a5f1:1906493:1906953 [1] NCCL INFO ncclPollProxyResponse Received new opId=0x4650762305ce5ac0
c0b58536a5f1:1906493:1906953 [1] NCCL INFO resp.opId=0x4650762305ce5ac0 matches expected opId=0x4650762305ce5ac0
c0b58536a5f1:1906493:1906953 [1] NCCL INFO UDS converted handle 0x7fe2c00356e0 to fd 159 on remote peer 0
c0b58536a5f1:1906493:1906965 [1] NCCL INFO New proxy send connection 57 from local rank 0, transport 0
c0b58536a5f1:1906493:1906965 [1] NCCL INFO proxyProgressAsync opId=0x7fe2b74d9d70 op.type=1 op.reqBuff=0x7fb92c038410 op.respSize=16 done
c0b58536a5f1:1906493:1906965 [1] NCCL INFO Received and initiated operation=Init res=0
c0b58536a5f1:1906493:1906965 [1] NCCL INFO UDS proxyGetFd received handle 0x7fb92c0324c0 peer 0 opId 7d58472e06c153b7
c0b58536a5f1:1906493:1906953 [1] NCCL INFO Imported shareable buffer device 1 size 6291456 ptr 0x41ec00000
c0b58536a5f1:1906493:1906953 [1] NCCL INFO ncclPollProxyResponse Received new opId=0x7fb93b4d9d70
c0b58536a5f1:1906493:1906953 [1] NCCL INFO resp.opId=0x7fb93b4d9d70 matches expected opId=0x7fb93b4d9d70
c0b58536a5f1:1906493:1906953 [1] NCCL INFO Connected to proxy localRank 0 -> connection 0x7fe2c0006c60
c0b58536a5f1:1906493:1906965 [1] NCCL INFO proxyProgressAsync opId=0x7d58472e06c153b7 op.type=9 op.reqBuff=0x7fb92c036d30 op.respSize=0 done
c0b58536a5f1:1906493:1906965 [1] NCCL INFO Received and initiated operation=GetFd res=0
c0b58536a5f1:1906493:1906953 [1] NCCL INFO ncclPollProxyResponse Received new opId=0x11a123cd4f45ada6
c0b58536a5f1:1906493:1906953 [1] NCCL INFO resp.opId=0x11a123cd4f45ada6 matches expected opId=0x11a123cd4f45ada6
c0b58536a5f1:1906493:1906953 [1] NCCL INFO UDS converted handle 0x7fe2c001f2d0 to fd 159 on remote peer 0
c0b58536a5f1:1906493:1906965 [1] NCCL INFO New proxy send connection 58 from local rank 0, transport 0
c0b58536a5f1:1906493:1906965 [1] NCCL INFO proxyProgressAsync opId=0x7fe2b74d9d70 op.type=1 op.reqBuff=0x7fb92c036d30 op.respSize=16 done
c0b58536a5f1:1906493:1906953 [1] NCCL INFO Imported shareable buffer device 1 size 6291456 ptr 0x41f200000
c0b58536a5f1:1906493:1906965 [1] NCCL INFO Received and initiated operation=Init res=0
c0b58536a5f1:1906493:1906953 [1] NCCL INFO ncclPollProxyResponse Received new opId=0x7fb93b4d9d70
c0b58536a5f1:1906493:1906953 [1] NCCL INFO resp.opId=0x7fb93b4d9d70 matches expected opId=0x7fb93b4d9d70
c0b58536a5f1:1906493:1906953 [1] NCCL INFO Connected to proxy localRank 0 -> connection 0x7fe2c0006cd8
c0b58536a5f1:1906493:1906965 [1] NCCL INFO UDS proxyGetFd received handle 0x7fb92c01c0b0 peer 0 opId 51275e9b3d144eec
c0b58536a5f1:1906493:1906965 [1] NCCL INFO proxyProgressAsync opId=0x51275e9b3d144eec op.type=9 op.reqBuff=0x7fb92c038410 op.respSize=0 done
c0b58536a5f1:1906493:1906965 [1] NCCL INFO Received and initiated operation=GetFd res=0
c0b58536a5f1:1906493:1906953 [1] NCCL INFO ncclPollProxyResponse Received new opId=0x175e8d6f49147313
c0b58536a5f1:1906493:1906953 [1] NCCL INFO resp.opId=0x175e8d6f49147313 matches expected opId=0x175e8d6f49147313
c0b58536a5f1:1906493:1906953 [1] NCCL INFO UDS converted handle 0x7fe2c0036dc0 to fd 160 on remote peer 0
c0b58536a5f1:1906493:1906965 [1] NCCL INFO New proxy send connection 59 from local rank 0, transport 0
c0b58536a5f1:1906493:1906965 [1] NCCL INFO proxyProgressAsync opId=0x7fe2b74d9d70 op.type=1 op.reqBuff=0x7fb92c038410 op.respSize=16 done
c0b58536a5f1:1906493:1906965 [1] NCCL INFO Received and initiated operation=Init res=0
c0b58536a5f1:1906493:1906953 [1] NCCL INFO Imported shareable buffer device 1 size 6291456 ptr 0x41f800000
c0b58536a5f1:1906493:1906965 [1] NCCL INFO UDS proxyGetFd received handle 0x7fb92c033ba0 peer 0 opId 30587cb66c12edc
c0b58536a5f1:1906493:1906965 [1] NCCL INFO proxyProgressAsync opId=0x30587cb66c12edc op.type=9 op.reqBuff=0x7fb92c036d30 op.respSize=0 done
c0b58536a5f1:1906493:1906965 [1] NCCL INFO Received and initiated operation=GetFd res=0
c0b58536a5f1:1906493:1906965 [1] NCCL INFO New proxy send connection 60 from local rank 0, transport 0
c0b58536a5f1:1906493:1906965 [1] NCCL INFO proxyProgressAsync opId=0x7fe2b74d9d70 op.type=1 op.reqBuff=0x7fb92c036d30 op.respSize=16 done
c0b58536a5f1:1906493:1906965 [1] NCCL INFO Received and initiated operation=Init res=0
c0b58536a5f1:1906493:1906965 [1] NCCL INFO UDS proxyGetFd received handle 0x7fb92c01d790 peer 0 opId 9a8fa3c4db27dd3
c0b58536a5f1:1906493:1906965 [1] NCCL INFO proxyProgressAsync opId=0x9a8fa3c4db27dd3 op.type=9 op.reqBuff=0x7fb92c038410 op.respSize=0 done
c0b58536a5f1:1906493:1906965 [1] NCCL INFO Received and initiated operation=GetFd res=0
c0b58536a5f1:1906493:1906965 [1] NCCL INFO New proxy send connection 61 from local rank 0, transport 0
c0b58536a5f1:1906493:1906965 [1] NCCL INFO proxyProgressAsync opId=0x7fe2b74d9d70 op.type=1 op.reqBuff=0x7fb92c038410 op.respSize=16 done
c0b58536a5f1:1906493:1906965 [1] NCCL INFO Received and initiated operation=Init res=0
c0b58536a5f1:1906493:1906965 [1] NCCL INFO UDS proxyGetFd received handle 0x7fb92c0356d0 peer 0 opId 288afe159236fcb
c0b58536a5f1:1906493:1906965 [1] NCCL INFO proxyProgressAsync opId=0x288afe159236fcb op.type=9 op.reqBuff=0x7fb92c036d30 op.respSize=0 done
c0b58536a5f1:1906493:1906965 [1] NCCL INFO Received and initiated operation=GetFd res=0
c0b58536a5f1:1906493:1906965 [1] NCCL INFO New proxy send connection 62 from local rank 0, transport 0
c0b58536a5f1:1906493:1906965 [1] NCCL INFO proxyProgressAsync opId=0x7fe2b74d9d70 op.type=1 op.reqBuff=0x7fb92c036d30 op.respSize=16 done
c0b58536a5f1:1906493:1906965 [1] NCCL INFO Received and initiated operation=Init res=0
c0b58536a5f1:1906493:1906965 [1] NCCL INFO UDS proxyGetFd received handle 0x7fb92c01f2c0 peer 0 opId 703dd60f562ca1d2
c0b58536a5f1:1906493:1906965 [1] NCCL INFO proxyProgressAsync opId=0x703dd60f562ca1d2 op.type=9 op.reqBuff=0x7fb92c038410 op.respSize=0 done
c0b58536a5f1:1906493:1906965 [1] NCCL INFO Received and initiated operation=GetFd res=0
c0b58536a5f1:1906493:1906965 [1] NCCL INFO New proxy send connection 63 from local rank 0, transport 0
c0b58536a5f1:1906493:1906965 [1] NCCL INFO proxyProgressAsync opId=0x7fe2b74d9d70 op.type=1 op.reqBuff=0x7fb92c038410 op.respSize=16 done
c0b58536a5f1:1906493:1906965 [1] NCCL INFO Received and initiated operation=Init res=0
c0b58536a5f1:1906493:1906965 [1] NCCL INFO UDS proxyGetFd received handle 0x7fb92c036db0 peer 0 opId 32d7d8e51e48668
c0b58536a5f1:1906493:1906965 [1] NCCL INFO proxyProgressAsync opId=0x32d7d8e51e48668 op.type=9 op.reqBuff=0x7fb92c036d30 op.respSize=0 done
c0b58536a5f1:1906493:1906965 [1] NCCL INFO Received and initiated operation=GetFd res=0
c0b58536a5f1:1906493:1906953 [1] NCCL INFO Connected all rings
c0b58536a5f1:1906493:1906953 [1] NCCL INFO Connected all trees
c0b58536a5f1:1906493:1906953 [1] NCCL INFO threadThresholds 8/8/64 | 16/8/64 | 512 | 512
c0b58536a5f1:1906493:1906953 [1] NCCL INFO 16 coll channels, 0 nvls channels, 16 p2p channels, 16 p2p channels per peer
c0b58536a5f1:1906493:1906965 [1] NCCL INFO Allocated 4194660 bytes of shared memory in /dev/shm/nccl-2rPdAc
c0b58536a5f1:1906493:1906965 [1] NCCL INFO New proxy send connection 64 from local rank 1, transport 2
c0b58536a5f1:1906493:1906965 [1] NCCL INFO proxyProgressAsync opId=0x7fb93b2a3f30 op.type=1 op.reqBuff=0x7fb92c036d30 op.respSize=16 done
c0b58536a5f1:1906493:1906953 [1] NCCL INFO ncclPollProxyResponse Received new opId=0x7fb93b2a3f30
c0b58536a5f1:1906493:1906965 [1] NCCL INFO Received and initiated operation=Init res=0
c0b58536a5f1:1906493:1906953 [1] NCCL INFO resp.opId=0x7fb93b2a3f30 matches expected opId=0x7fb93b2a3f30
c0b58536a5f1:1906493:1906953 [1] NCCL INFO Connected to proxy localRank 1 -> connection 0x7fb92c006d40
c0b58536a5f1:1906493:1906965 [1] NCCL INFO Allocated shareable buffer 0x420000000 size 134217728 ipcDesc 0x7fb92c038778
c0b58536a5f1:1906493:1906965 [1] NCCL INFO proxyProgressAsync opId=0x7fb93b2a3f30 op.type=2 op.reqBuff=0x7fb92c038410 op.respSize=0 done
c0b58536a5f1:1906493:1906953 [1] NCCL INFO ncclPollProxyResponse Received new opId=0x7fb93b2a3f30
c0b58536a5f1:1906493:1906953 [1] NCCL INFO resp.opId=0x7fb93b2a3f30 matches expected opId=0x7fb93b2a3f30
c0b58536a5f1:1906493:1906965 [1] NCCL INFO Received and initiated operation=SharedInit res=0
c0b58536a5f1:1906493:1906953 [1] NCCL INFO init.cc:415 Cuda Alloc Size 7744 pointer 0x41fe00000
c0b58536a5f1:1906493:1906953 [1] NCCL INFO init.cc:441 Cuda Host Alloc Size 33554432 pointer 0x7fb9d8000000
c0b58536a5f1:1906493:1906953 [1] NCCL INFO init.cc:447 Cuda Host Alloc Size 128 pointer 0x7fba53400200
c0b58536a5f1:1906493:1906953 [1] NCCL INFO Tuner: plugin load '(null)' returned error (11 : (null)), using default tuner instead.
c0b58536a5f1:1906493:1906953 [1] NCCL INFO comm 0x55f3ea289900 rank 1 nranks 2 cudaDev 1 nvmlDev 1 busId 2d000 commId 0xd03bf23e26b23964 - Init COMPLETE
c0b58536a5f1:1906493:1906493 [1] NCCL INFO AllReduce: opCount 0 sendbuff 0x7fba53200200 recvbuff 0x7fba53200200 count 1 datatype 1 op 0 root 0 comm 0x55f3ea289900 [nranks=2] stream 0x55f3ea28d6f0
c0b58536a5f1:1906493:1906493 [1] NCCL INFO misc/utils.cc:235 memory stack hunk malloc(65536)
c0b58536a5f1:1906493:1906493 [1] NCCL INFO AllReduce: opCount 1 sendbuff 0x7fba53200000 recvbuff 0x7fba53200000 count 1 datatype 1 op 0 root 0 comm 0x55f3ea289900 [nranks=2] stream 0x55f3ea28d6f0
c0b58536a5f1:1906493:1906493 [1] NCCL INFO AllReduce: opCount 2 sendbuff 0x7fba53200000 recvbuff 0x7fba53200000 count 1 datatype 8 op 3 root 0 comm 0x55f3ea289900 [nranks=2] stream 0x55f3ea28d6f0
c0b58536a5f1:1906493:1906493 [1] NCCL INFO AllReduce: opCount 3 sendbuff 0x7fba53200200 recvbuff 0x7fba53200200 count 1 datatype 1 op 0 root 0 comm 0x55f3ea289900 [nranks=2] stream 0x55f3ea28d6f0
c0b58536a5f1:1906493:1906493 [1] NCCL INFO AllReduce: opCount 4 sendbuff 0x7fba53200400 recvbuff 0x7fba53200400 count 1 datatype 1 op 0 root 0 comm 0x55f3ea289900 [nranks=2] stream 0x55f3ea28d6f0
c0b58536a5f1:1906493:1906493 [1] NCCL INFO AllGather: opCount 5 sendbuff 0x7fba5333a600 recvbuff 0x7fba5333aa00 count 8 datatype 0 op 0 root 0 comm 0x55f3ea289900 [nranks=2] stream 0x55f3ea28d6f0
c0b58536a5f1:1906493:1906493 [1] NCCL INFO AllGather: opCount 6 sendbuff 0x7fba5333a400 recvbuff 0x7fba5333ac00 count 62 datatype 0 op 0 root 0 comm 0x55f3ea289900 [nranks=2] stream 0x55f3ea28d6f0
c0b58536a5f1:1906493:1906493 [1] NCCL INFO AllGather: opCount 7 sendbuff 0x7fba5333ae00 recvbuff 0x7fba5333b200 count 8 datatype 0 op 0 root 0 comm 0x55f3ea289900 [nranks=2] stream 0x55f3ea28d6f0
c0b58536a5f1:1906493:1906493 [1] NCCL INFO AllGather: opCount 8 sendbuff 0x7fba5333ac00 recvbuff 0x7fba5333e400 count 62 datatype 0 op 0 root 0 comm 0x55f3ea289900 [nranks=2] stream 0x55f3ea28d6f0
c0b58536a5f1:1906493:1906493 [1] NCCL INFO AllReduce: opCount 9 sendbuff 0x7fba53200200 recvbuff 0x7fba53200200 count 1 datatype 1 op 0 root 0 comm 0x55f3ea289900 [nranks=2] stream 0x55f3ea28d6f0
c0b58536a5f1:1906493:1906493 [1] NCCL INFO AllReduce: opCount a sendbuff 0x7fba5333ac00 recvbuff 0x7fba5333ac00 count 1 datatype 1 op 0 root 0 comm 0x55f3ea289900 [nranks=2] stream 0x55f3ea28d6f0
c0b58536a5f1:1906493:1906493 [1] NCCL INFO AllReduce: opCount b sendbuff 0x7fba53200200 recvbuff 0x7fba53200200 count 1 datatype 1 op 0 root 0 comm 0x55f3ea289900 [nranks=2] stream 0x55f3ea28d6f0
c0b58536a5f1:1906493:1906493 [1] NCCL INFO AllReduce: opCount c sendbuff 0x7fba5333ac00 recvbuff 0x7fba5333ac00 count 1 datatype 1 op 0 root 0 comm 0x55f3ea289900 [nranks=2] stream 0x55f3ea28d6f0
c0b58536a5f1:1906493:1906493 [1] NCCL INFO AllReduce: opCount d sendbuff 0x7fba53200200 recvbuff 0x7fba53200200 count 1 datatype 1 op 0 root 0 comm 0x55f3ea289900 [nranks=2] stream 0x55f3ea28d6f0
c0b58536a5f1:1906493:1906493 [1] NCCL INFO Broadcast: opCount e sendbuff 0x7fba53200200 recvbuff 0x7fba53200200 count 24 datatype 0 op 0 root 0 comm 0x55f3ea289900 [nranks=2] stream 0x55f3ea28d6f0
c0b58536a5f1:1906493:1906493 [1] NCCL INFO AllReduce: opCount f sendbuff 0x7fba5333ac00 recvbuff 0x7fba5333ac00 count 1 datatype 1 op 0 root 0 comm 0x55f3ea289900 [nranks=2] stream 0x55f3ea28d6f0
c0b58536a5f1:1906493:1906493 [1] NCCL INFO AllReduce: opCount 10 sendbuff 0x7fba53200200 recvbuff 0x7fba53200200 count 1 datatype 1 op 0 root 0 comm 0x55f3ea289900 [nranks=2] stream 0x55f3ea28d6f0
c0b58536a5f1:1906493:1906493 [1] NCCL INFO AllGather: opCount 11 sendbuff 0x7fba53200208 recvbuff 0x7fba53200200 count 8 datatype 0 op 0 root 0 comm 0x55f3ea289900 [nranks=2] stream 0x55f3ea28d6f0
c0b58536a5f1:1906493:1906493 [1] NCCL INFO AllReduce: opCount 12 sendbuff 0x7fba5333ac00 recvbuff 0x7fba5333ac00 count 1 datatype 1 op 0 root 0 comm 0x55f3ea289900 [nranks=2] stream 0x55f3ea28d6f0
c0b58536a5f1:1906493:1906493 [1] NCCL INFO AllReduce: opCount 13 sendbuff 0x7fba53200200 recvbuff 0x7fba53200200 count 1 datatype 1 op 0 root 0 comm 0x55f3ea289900 [nranks=2] stream 0x55f3ea28d6f0
c0b58536a5f1:1906493:1906493 [1] NCCL INFO init.cc:1627 Cuda Host Alloc Size 4 pointer 0x7fba53400400
c0b58536a5f1:1906493:1907714 [1] NCCL INFO Using non-device net plugin version 0
c0b58536a5f1:1906493:1907714 [1] NCCL INFO Using network Socket
c0b58536a5f1:1906493:1907714 [1] NCCL INFO comm 0x55f3f1b8c250 rank 1 nranks 2 cudaDev 1 nvmlDev 1 busId 2d000 commId 0x9f64dc99bf686d69 - Init START
c0b58536a5f1:1906493:1907714 [1] NCCL INFO NET/Socket : GPU Direct RDMA Disabled for HCA 0 'eth0'
c0b58536a5f1:1906493:1907714 [1] NCCL INFO === System : maxBw 160.0 totalBw 160.0 ===
c0b58536a5f1:1906493:1907714 [1] NCCL INFO CPU/0 (1/1/2)
c0b58536a5f1:1906493:1907714 [1] NCCL INFO + PCI[5000.0] - NIC/0
c0b58536a5f1:1906493:1907714 [1] NCCL INFO + PCI[24.0] - PCI/14000 (1000c01010000000)
c0b58536a5f1:1906493:1907714 [1] NCCL INFO               + PCI[24.0] - PCI/25000 (1000c01010de13b8)
c0b58536a5f1:1906493:1907714 [1] NCCL INFO                             + PCI[24.0] - GPU/27000 (0)
c0b58536a5f1:1906493:1907714 [1] NCCL INFO                                           + NVL[160.0] - NVS/0
c0b58536a5f1:1906493:1907714 [1] NCCL INFO               + PCI[24.0] - PCI/2B000 (1000c01010de13b8)
c0b58536a5f1:1906493:1907714 [1] NCCL INFO                             + PCI[24.0] - GPU/2D000 (1)
c0b58536a5f1:1906493:1907714 [1] NCCL INFO                                           + NVL[160.0] - NVS/0
c0b58536a5f1:1906493:1907714 [1] NCCL INFO ==========================================
c0b58536a5f1:1906493:1907714 [1] NCCL INFO GPU/27000 :GPU/27000 (0/5000.000000/LOC) GPU/2D000 (2/160.000000/NVL) NVS/0 (1/160.000000/NVL) CPU/0 (3/24.000000/PHB) 
c0b58536a5f1:1906493:1907714 [1] NCCL INFO GPU/2D000 :GPU/27000 (2/160.000000/NVL) GPU/2D000 (0/5000.000000/LOC) NVS/0 (1/160.000000/NVL) CPU/0 (3/24.000000/PHB) 
c0b58536a5f1:1906493:1907714 [1] NCCL INFO Setting affinity for GPU 1 to ffffffff,00000000,ffffffff
c0b58536a5f1:1906493:1907714 [1] NCCL INFO Pattern 4, crossNic 0, nChannels 8, bw 20.000000/20.000000, type NVL/PIX, sameChannels 1
c0b58536a5f1:1906493:1907714 [1] NCCL INFO  0 : GPU/0 GPU/1
c0b58536a5f1:1906493:1907714 [1] NCCL INFO  1 : GPU/0 GPU/1
c0b58536a5f1:1906493:1907714 [1] NCCL INFO  2 : GPU/0 GPU/1
c0b58536a5f1:1906493:1907714 [1] NCCL INFO  3 : GPU/0 GPU/1
c0b58536a5f1:1906493:1907714 [1] NCCL INFO  4 : GPU/0 GPU/1
c0b58536a5f1:1906493:1907714 [1] NCCL INFO  5 : GPU/0 GPU/1
c0b58536a5f1:1906493:1907714 [1] NCCL INFO  6 : GPU/0 GPU/1
c0b58536a5f1:1906493:1907714 [1] NCCL INFO  7 : GPU/0 GPU/1
c0b58536a5f1:1906493:1907714 [1] NCCL INFO Pattern 1, crossNic 0, nChannels 8, bw 40.000000/40.000000, type NVL/PIX, sameChannels 0
c0b58536a5f1:1906493:1907714 [1] NCCL INFO  0 : GPU/0 GPU/1
c0b58536a5f1:1906493:1907714 [1] NCCL INFO  1 : GPU/0 GPU/1
c0b58536a5f1:1906493:1907714 [1] NCCL INFO  2 : GPU/0 GPU/1
c0b58536a5f1:1906493:1907714 [1] NCCL INFO  3 : GPU/0 GPU/1
c0b58536a5f1:1906493:1907714 [1] NCCL INFO  4 : GPU/1 GPU/0
c0b58536a5f1:1906493:1907714 [1] NCCL INFO  5 : GPU/1 GPU/0
c0b58536a5f1:1906493:1907714 [1] NCCL INFO  6 : GPU/1 GPU/0
c0b58536a5f1:1906493:1907714 [1] NCCL INFO  7 : GPU/1 GPU/0
c0b58536a5f1:1906493:1907714 [1] NCCL INFO Tree 0 : 0 -> 1 -> -1/-1/-1
c0b58536a5f1:1906493:1907714 [1] NCCL INFO Tree 8 : 0 -> 1 -> -1/-1/-1
c0b58536a5f1:1906493:1907714 [1] NCCL INFO Tree 1 : 0 -> 1 -> -1/-1/-1
c0b58536a5f1:1906493:1907714 [1] NCCL INFO Tree 9 : 0 -> 1 -> -1/-1/-1
c0b58536a5f1:1906493:1907714 [1] NCCL INFO Tree 2 : 0 -> 1 -> -1/-1/-1
c0b58536a5f1:1906493:1907714 [1] NCCL INFO Tree 10 : 0 -> 1 -> -1/-1/-1
c0b58536a5f1:1906493:1907714 [1] NCCL INFO Tree 3 : 0 -> 1 -> -1/-1/-1
c0b58536a5f1:1906493:1907714 [1] NCCL INFO Tree 11 : 0 -> 1 -> -1/-1/-1
c0b58536a5f1:1906493:1907714 [1] NCCL INFO Tree 4 : -1 -> 1 -> 0/-1/-1
c0b58536a5f1:1906493:1907714 [1] NCCL INFO Tree 12 : -1 -> 1 -> 0/-1/-1
c0b58536a5f1:1906493:1907714 [1] NCCL INFO Tree 5 : -1 -> 1 -> 0/-1/-1
c0b58536a5f1:1906493:1907714 [1] NCCL INFO Tree 13 : -1 -> 1 -> 0/-1/-1
c0b58536a5f1:1906493:1907714 [1] NCCL INFO Tree 6 : -1 -> 1 -> 0/-1/-1
c0b58536a5f1:1906493:1907714 [1] NCCL INFO Tree 14 : -1 -> 1 -> 0/-1/-1
c0b58536a5f1:1906493:1907714 [1] NCCL INFO Tree 7 : -1 -> 1 -> 0/-1/-1
c0b58536a5f1:1906493:1907714 [1] NCCL INFO Tree 15 : -1 -> 1 -> 0/-1/-1
c0b58536a5f1:1906493:1907714 [1] NCCL INFO Ring 00 : 0 -> 1 -> 0
c0b58536a5f1:1906493:1907714 [1] NCCL INFO Ring 01 : 0 -> 1 -> 0
c0b58536a5f1:1906493:1907714 [1] NCCL INFO Ring 02 : 0 -> 1 -> 0
c0b58536a5f1:1906493:1907714 [1] NCCL INFO Ring 03 : 0 -> 1 -> 0
c0b58536a5f1:1906493:1907714 [1] NCCL INFO Ring 04 : 0 -> 1 -> 0
c0b58536a5f1:1906493:1907714 [1] NCCL INFO Ring 05 : 0 -> 1 -> 0
c0b58536a5f1:1906493:1907714 [1] NCCL INFO Ring 06 : 0 -> 1 -> 0
c0b58536a5f1:1906493:1907714 [1] NCCL INFO Ring 07 : 0 -> 1 -> 0
c0b58536a5f1:1906493:1907714 [1] NCCL INFO Ring 08 : 0 -> 1 -> 0
c0b58536a5f1:1906493:1907714 [1] NCCL INFO Ring 09 : 0 -> 1 -> 0
c0b58536a5f1:1906493:1907714 [1] NCCL INFO Ring 10 : 0 -> 1 -> 0
c0b58536a5f1:1906493:1907714 [1] NCCL INFO Ring 11 : 0 -> 1 -> 0
c0b58536a5f1:1906493:1907714 [1] NCCL INFO Ring 12 : 0 -> 1 -> 0
c0b58536a5f1:1906493:1907714 [1] NCCL INFO Ring 13 : 0 -> 1 -> 0
c0b58536a5f1:1906493:1907714 [1] NCCL INFO Ring 14 : 0 -> 1 -> 0
c0b58536a5f1:1906493:1907714 [1] NCCL INFO Ring 15 : 0 -> 1 -> 0
c0b58536a5f1:1906493:1907714 [1] NCCL INFO Trees [0] -1/-1/-1->1->0 [1] -1/-1/-1->1->0 [2] -1/-1/-1->1->0 [3] -1/-1/-1->1->0 [4] 0/-1/-1->1->-1 [5] 0/-1/-1->1->-1 [6] 0/-1/-1->1->-1 [7] 0/-1/-1->1->-1 [8] -1/-1/-1->1->0 [9] -1/-1/-1->1->0 [10] -1/-1/-1->1->0 [11] -1/-1/-1->1->0 [12] 0/-1/-1->1->-1 [13] 0/-1/-1->1->-1 [14] 0/-1/-1->1->-1 [15] 0/-1/-1->1->-1
c0b58536a5f1:1906493:1907714 [1] NCCL INFO P2P Chunksize set to 524288
c0b58536a5f1:1906493:1907714 [1] NCCL INFO misc/utils.cc:235 memory stack hunk malloc(65536)
c0b58536a5f1:1906493:1907714 [1] NCCL INFO channel.cc:40 Cuda Alloc Size 1216 pointer 0x7fb979400000
c0b58536a5f1:1906493:1907714 [1] NCCL INFO channel.cc:43 Cuda Alloc Size 40 pointer 0x7fb979600000
c0b58536a5f1:1906493:1907714 [1] NCCL INFO channel.cc:54 Cuda Alloc Size 8 pointer 0x7fb979800000
c0b58536a5f1:1906493:1907714 [1] NCCL INFO channel.cc:40 Cuda Alloc Size 1216 pointer 0x7fb979a00000
c0b58536a5f1:1906493:1907714 [1] NCCL INFO channel.cc:43 Cuda Alloc Size 40 pointer 0x7fb979c00000
c0b58536a5f1:1906493:1907714 [1] NCCL INFO channel.cc:54 Cuda Alloc Size 8 pointer 0x7fb979e00000
c0b58536a5f1:1906493:1907714 [1] NCCL INFO channel.cc:40 Cuda Alloc Size 1216 pointer 0x7fb985400000
c0b58536a5f1:1906493:1907714 [1] NCCL INFO channel.cc:43 Cuda Alloc Size 40 pointer 0x7fb985600000
c0b58536a5f1:1906493:1907714 [1] NCCL INFO channel.cc:54 Cuda Alloc Size 8 pointer 0x7fb985800000
c0b58536a5f1:1906493:1907714 [1] NCCL INFO channel.cc:40 Cuda Alloc Size 1216 pointer 0x7fb985a00000
c0b58536a5f1:1906493:1907714 [1] NCCL INFO channel.cc:43 Cuda Alloc Size 40 pointer 0x7fb985c00000
c0b58536a5f1:1906493:1907714 [1] NCCL INFO channel.cc:54 Cuda Alloc Size 8 pointer 0x7fb985e00000
c0b58536a5f1:1906493:1907714 [1] NCCL INFO channel.cc:40 Cuda Alloc Size 1216 pointer 0x7fb991400000
c0b58536a5f1:1906493:1907714 [1] NCCL INFO channel.cc:43 Cuda Alloc Size 40 pointer 0x7fb991600000
c0b58536a5f1:1906493:1907714 [1] NCCL INFO channel.cc:54 Cuda Alloc Size 8 pointer 0x7fb991800000
c0b58536a5f1:1906493:1907714 [1] NCCL INFO channel.cc:40 Cuda Alloc Size 1216 pointer 0x7fb991a00000
c0b58536a5f1:1906493:1907714 [1] NCCL INFO channel.cc:43 Cuda Alloc Size 40 pointer 0x7fb991c00000
c0b58536a5f1:1906493:1907714 [1] NCCL INFO channel.cc:54 Cuda Alloc Size 8 pointer 0x7fb991e00000
c0b58536a5f1:1906493:1907714 [1] NCCL INFO channel.cc:40 Cuda Alloc Size 1216 pointer 0x7fb99d400000
c0b58536a5f1:1906493:1907714 [1] NCCL INFO channel.cc:43 Cuda Alloc Size 40 pointer 0x7fb99d600000
c0b58536a5f1:1906493:1907714 [1] NCCL INFO channel.cc:54 Cuda Alloc Size 8 pointer 0x7fb99d800000
c0b58536a5f1:1906493:1907714 [1] NCCL INFO channel.cc:40 Cuda Alloc Size 1216 pointer 0x7fb99da00000
c0b58536a5f1:1906493:1907714 [1] NCCL INFO channel.cc:43 Cuda Alloc Size 40 pointer 0x7fb99dc00000
c0b58536a5f1:1906493:1907714 [1] NCCL INFO channel.cc:54 Cuda Alloc Size 8 pointer 0x7fb99de00000
c0b58536a5f1:1906493:1907714 [1] NCCL INFO channel.cc:40 Cuda Alloc Size 1216 pointer 0x7fb9a9400000
c0b58536a5f1:1906493:1907714 [1] NCCL INFO channel.cc:43 Cuda Alloc Size 40 pointer 0x7fb9a9600000
c0b58536a5f1:1906493:1907714 [1] NCCL INFO channel.cc:54 Cuda Alloc Size 8 pointer 0x7fb9a9800000
c0b58536a5f1:1906493:1907714 [1] NCCL INFO channel.cc:40 Cuda Alloc Size 1216 pointer 0x7fb9a9a00000
c0b58536a5f1:1906493:1907714 [1] NCCL INFO channel.cc:43 Cuda Alloc Size 40 pointer 0x7fb9a9c00000
c0b58536a5f1:1906493:1907714 [1] NCCL INFO channel.cc:54 Cuda Alloc Size 8 pointer 0x7fb9a9e00000
c0b58536a5f1:1906493:1907714 [1] NCCL INFO channel.cc:40 Cuda Alloc Size 1216 pointer 0x7fb9b5400000
c0b58536a5f1:1906493:1907714 [1] NCCL INFO channel.cc:43 Cuda Alloc Size 40 pointer 0x7fb9b5600000
c0b58536a5f1:1906493:1907714 [1] NCCL INFO channel.cc:54 Cuda Alloc Size 8 pointer 0x7fb9b5800000
c0b58536a5f1:1906493:1907714 [1] NCCL INFO channel.cc:40 Cuda Alloc Size 1216 pointer 0x7fb9b5a00000
c0b58536a5f1:1906493:1907714 [1] NCCL INFO channel.cc:43 Cuda Alloc Size 40 pointer 0x7fb9b5c00000
c0b58536a5f1:1906493:1907714 [1] NCCL INFO channel.cc:54 Cuda Alloc Size 8 pointer 0x7fb9b5e00000
c0b58536a5f1:1906493:1907714 [1] NCCL INFO channel.cc:40 Cuda Alloc Size 1216 pointer 0x7fb9c1400000
c0b58536a5f1:1906493:1907714 [1] NCCL INFO channel.cc:43 Cuda Alloc Size 40 pointer 0x7fb9c1600000
c0b58536a5f1:1906493:1907714 [1] NCCL INFO channel.cc:54 Cuda Alloc Size 8 pointer 0x7fb9c1800000
c0b58536a5f1:1906493:1907714 [1] NCCL INFO channel.cc:40 Cuda Alloc Size 1216 pointer 0x7fb9c1a00000
c0b58536a5f1:1906493:1907714 [1] NCCL INFO channel.cc:43 Cuda Alloc Size 40 pointer 0x7fb9c1c00000
c0b58536a5f1:1906493:1907714 [1] NCCL INFO channel.cc:54 Cuda Alloc Size 8 pointer 0x7fb9c1e00000
c0b58536a5f1:1906493:1907714 [1] NCCL INFO channel.cc:40 Cuda Alloc Size 1216 pointer 0x7fb9cd400000
c0b58536a5f1:1906493:1907714 [1] NCCL INFO channel.cc:43 Cuda Alloc Size 40 pointer 0x7fb9cd600000
c0b58536a5f1:1906493:1907714 [1] NCCL INFO channel.cc:54 Cuda Alloc Size 8 pointer 0x7fb9cd800000
c0b58536a5f1:1906493:1907714 [1] NCCL INFO channel.cc:40 Cuda Alloc Size 1216 pointer 0x7fb9cda00000
c0b58536a5f1:1906493:1907714 [1] NCCL INFO channel.cc:43 Cuda Alloc Size 40 pointer 0x7fb9cdc00000
c0b58536a5f1:1906493:1907714 [1] NCCL INFO channel.cc:54 Cuda Alloc Size 8 pointer 0x7fb9cde00000
c0b58536a5f1:1906493:1907715 [1] NCCL INFO Mem Realloc old size 0, new size 8 pointer 0x7fb8b4004f20
c0b58536a5f1:1906493:1907715 [1] NCCL INFO New proxy recv connection 0 from local rank 1, transport 0
c0b58536a5f1:1906493:1907715 [1] NCCL INFO proxyProgressAsync opId=0x7fb8c0096330 op.type=1 op.reqBuff=0x7fb8b4004ee0 op.respSize=16 done
c0b58536a5f1:1906493:1907714 [1] NCCL INFO ncclPollProxyResponse Received new opId=0x7fb8c0096330
c0b58536a5f1:1906493:1907714 [1] NCCL INFO resp.opId=0x7fb8c0096330 matches expected opId=0x7fb8c0096330
c0b58536a5f1:1906493:1907714 [1] NCCL INFO Connected to proxy localRank 1 -> connection 0x7fb8b4004f40
c0b58536a5f1:1906493:1907715 [1] NCCL INFO Received and initiated operation=Init res=0
c0b58536a5f1:1906493:1907715 [1] NCCL INFO Allocated shareable buffer 0x7fb911800000 size 6291456 ipcDesc 0x7fb8b4008bc0
c0b58536a5f1:1906493:1907715 [1] NCCL INFO proxyProgressAsync opId=0x7fb8c0096330 op.type=3 op.reqBuff=0x7fb8b4008b90 op.respSize=80 done
c0b58536a5f1:1906493:1907714 [1] NCCL INFO ncclPollProxyResponse Received new opId=0x7fb8c0096330
c0b58536a5f1:1906493:1907715 [1] NCCL INFO Received and initiated operation=Setup res=0
c0b58536a5f1:1906493:1907714 [1] NCCL INFO resp.opId=0x7fb8c0096330 matches expected opId=0x7fb8c0096330
c0b58536a5f1:1906493:1907715 [1] NCCL INFO New proxy recv connection 1 from local rank 1, transport 0
c0b58536a5f1:1906493:1907715 [1] NCCL INFO proxyProgressAsync opId=0x7fb8c0096330 op.type=1 op.reqBuff=0x7fb8b400a4d0 op.respSize=16 done
c0b58536a5f1:1906493:1907714 [1] NCCL INFO ncclPollProxyResponse Received new opId=0x7fb8c0096330
c0b58536a5f1:1906493:1907715 [1] NCCL INFO Received and initiated operation=Init res=0
c0b58536a5f1:1906493:1907714 [1] NCCL INFO resp.opId=0x7fb8c0096330 matches expected opId=0x7fb8c0096330
c0b58536a5f1:1906493:1907714 [1] NCCL INFO Connected to proxy localRank 1 -> connection 0x7fb8b4004fb8
c0b58536a5f1:1906493:1907715 [1] NCCL INFO Allocated shareable buffer 0x7fb91f800000 size 6291456 ipcDesc 0x7fb8b400a580
c0b58536a5f1:1906493:1907715 [1] NCCL INFO proxyProgressAsync opId=0x7fb8c0096330 op.type=3 op.reqBuff=0x7fb8b400a550 op.respSize=80 done
c0b58536a5f1:1906493:1907714 [1] NCCL INFO ncclPollProxyResponse Received new opId=0x7fb8c0096330
c0b58536a5f1:1906493:1907715 [1] NCCL INFO Received and initiated operation=Setup res=0
c0b58536a5f1:1906493:1907714 [1] NCCL INFO resp.opId=0x7fb8c0096330 matches expected opId=0x7fb8c0096330
c0b58536a5f1:1906493:1907715 [1] NCCL INFO New proxy recv connection 2 from local rank 1, transport 0
c0b58536a5f1:1906493:1907715 [1] NCCL INFO proxyProgressAsync opId=0x7fb8c0096330 op.type=1 op.reqBuff=0x7fb8b400be30 op.respSize=16 done
c0b58536a5f1:1906493:1907714 [1] NCCL INFO ncclPollProxyResponse Received new opId=0x7fb8c0096330
c0b58536a5f1:1906493:1907715 [1] NCCL INFO Received and initiated operation=Init res=0
c0b58536a5f1:1906493:1907714 [1] NCCL INFO resp.opId=0x7fb8c0096330 matches expected opId=0x7fb8c0096330
c0b58536a5f1:1906493:1907714 [1] NCCL INFO Connected to proxy localRank 1 -> connection 0x7fb8b4005030
c0b58536a5f1:1906493:1907715 [1] NCCL INFO Allocated shareable buffer 0x7fba52800000 size 6291456 ipcDesc 0x7fb8b400bec0
c0b58536a5f1:1906493:1907715 [1] NCCL INFO proxyProgressAsync opId=0x7fb8c0096330 op.type=3 op.reqBuff=0x7fb8b400be50 op.respSize=80 done
c0b58536a5f1:1906493:1907714 [1] NCCL INFO ncclPollProxyResponse Received new opId=0x7fb8c0096330
c0b58536a5f1:1906493:1907715 [1] NCCL INFO Received and initiated operation=Setup res=0
c0b58536a5f1:1906493:1907714 [1] NCCL INFO resp.opId=0x7fb8c0096330 matches expected opId=0x7fb8c0096330
c0b58536a5f1:1906493:1907715 [1] NCCL INFO New proxy recv connection 3 from local rank 1, transport 0
c0b58536a5f1:1906493:1907715 [1] NCCL INFO proxyProgressAsync opId=0x7fb8c0096330 op.type=1 op.reqBuff=0x7fb8b400be50 op.respSize=16 done
c0b58536a5f1:1906493:1907714 [1] NCCL INFO ncclPollProxyResponse Received new opId=0x7fb8c0096330
c0b58536a5f1:1906493:1907715 [1] NCCL INFO Received and initiated operation=Init res=0
c0b58536a5f1:1906493:1907714 [1] NCCL INFO resp.opId=0x7fb8c0096330 matches expected opId=0x7fb8c0096330
c0b58536a5f1:1906493:1907714 [1] NCCL INFO Connected to proxy localRank 1 -> connection 0x7fb8b40050a8
c0b58536a5f1:1906493:1907715 [1] NCCL INFO Allocated shareable buffer 0x428000000 size 6291456 ipcDesc 0x7fb8b400d7e0
c0b58536a5f1:1906493:1907715 [1] NCCL INFO proxyProgressAsync opId=0x7fb8c0096330 op.type=3 op.reqBuff=0x7fb8b400d770 op.respSize=80 done
c0b58536a5f1:1906493:1907714 [1] NCCL INFO ncclPollProxyResponse Received new opId=0x7fb8c0096330
c0b58536a5f1:1906493:1907715 [1] NCCL INFO Received and initiated operation=Setup res=0
c0b58536a5f1:1906493:1907714 [1] NCCL INFO resp.opId=0x7fb8c0096330 matches expected opId=0x7fb8c0096330
c0b58536a5f1:1906493:1907715 [1] NCCL INFO New proxy recv connection 4 from local rank 1, transport 0
c0b58536a5f1:1906493:1907715 [1] NCCL INFO proxyProgressAsync opId=0x7fb8c0096330 op.type=1 op.reqBuff=0x7fb8b400d770 op.respSize=16 done
c0b58536a5f1:1906493:1907714 [1] NCCL INFO ncclPollProxyResponse Received new opId=0x7fb8c0096330
c0b58536a5f1:1906493:1907715 [1] NCCL INFO Received and initiated operation=Init res=0
c0b58536a5f1:1906493:1907714 [1] NCCL INFO resp.opId=0x7fb8c0096330 matches expected opId=0x7fb8c0096330
c0b58536a5f1:1906493:1907714 [1] NCCL INFO Connected to proxy localRank 1 -> connection 0x7fb8b4005120
c0b58536a5f1:1906493:1907715 [1] NCCL INFO Allocated shareable buffer 0x428600000 size 6291456 ipcDesc 0x7fb8b400f0d0
c0b58536a5f1:1906493:1907715 [1] NCCL INFO proxyProgressAsync opId=0x7fb8c0096330 op.type=3 op.reqBuff=0x7fb8b400f060 op.respSize=80 done
c0b58536a5f1:1906493:1907714 [1] NCCL INFO ncclPollProxyResponse Received new opId=0x7fb8c0096330
c0b58536a5f1:1906493:1907715 [1] NCCL INFO Received and initiated operation=Setup res=0
c0b58536a5f1:1906493:1907714 [1] NCCL INFO resp.opId=0x7fb8c0096330 matches expected opId=0x7fb8c0096330
c0b58536a5f1:1906493:1907715 [1] NCCL INFO New proxy recv connection 5 from local rank 1, transport 0
c0b58536a5f1:1906493:1907715 [1] NCCL INFO proxyProgressAsync opId=0x7fb8c0096330 op.type=1 op.reqBuff=0x7fb8b400f060 op.respSize=16 done
c0b58536a5f1:1906493:1907714 [1] NCCL INFO ncclPollProxyResponse Received new opId=0x7fb8c0096330
c0b58536a5f1:1906493:1907715 [1] NCCL INFO Received and initiated operation=Init res=0
c0b58536a5f1:1906493:1907714 [1] NCCL INFO resp.opId=0x7fb8c0096330 matches expected opId=0x7fb8c0096330
c0b58536a5f1:1906493:1907714 [1] NCCL INFO Connected to proxy localRank 1 -> connection 0x7fb8b4005198
c0b58536a5f1:1906493:1907715 [1] NCCL INFO Allocated shareable buffer 0x428c00000 size 6291456 ipcDesc 0x7fb8b40107f0
c0b58536a5f1:1906493:1907715 [1] NCCL INFO proxyProgressAsync opId=0x7fb8c0096330 op.type=3 op.reqBuff=0x7fb8b4010780 op.respSize=80 done
c0b58536a5f1:1906493:1907714 [1] NCCL INFO ncclPollProxyResponse Received new opId=0x7fb8c0096330
c0b58536a5f1:1906493:1907715 [1] NCCL INFO Received and initiated operation=Setup res=0
c0b58536a5f1:1906493:1907714 [1] NCCL INFO resp.opId=0x7fb8c0096330 matches expected opId=0x7fb8c0096330
c0b58536a5f1:1906493:1907715 [1] NCCL INFO New proxy recv connection 6 from local rank 1, transport 0
c0b58536a5f1:1906493:1907715 [1] NCCL INFO proxyProgressAsync opId=0x7fb8c0096330 op.type=1 op.reqBuff=0x7fb8b4010780 op.respSize=16 done
c0b58536a5f1:1906493:1907714 [1] NCCL INFO ncclPollProxyResponse Received new opId=0x7fb8c0096330
c0b58536a5f1:1906493:1907715 [1] NCCL INFO Received and initiated operation=Init res=0
c0b58536a5f1:1906493:1907714 [1] NCCL INFO resp.opId=0x7fb8c0096330 matches expected opId=0x7fb8c0096330
c0b58536a5f1:1906493:1907714 [1] NCCL INFO Connected to proxy localRank 1 -> connection 0x7fb8b4005210
c0b58536a5f1:1906493:1907715 [1] NCCL INFO Allocated shareable buffer 0x429200000 size 6291456 ipcDesc 0x7fb8b4011f10
c0b58536a5f1:1906493:1907715 [1] NCCL INFO proxyProgressAsync opId=0x7fb8c0096330 op.type=3 op.reqBuff=0x7fb8b4011ea0 op.respSize=80 done
c0b58536a5f1:1906493:1907714 [1] NCCL INFO ncclPollProxyResponse Received new opId=0x7fb8c0096330
c0b58536a5f1:1906493:1907715 [1] NCCL INFO Received and initiated operation=Setup res=0
c0b58536a5f1:1906493:1907714 [1] NCCL INFO resp.opId=0x7fb8c0096330 matches expected opId=0x7fb8c0096330
c0b58536a5f1:1906493:1907715 [1] NCCL INFO New proxy recv connection 7 from local rank 1, transport 0
c0b58536a5f1:1906493:1907715 [1] NCCL INFO proxyProgressAsync opId=0x7fb8c0096330 op.type=1 op.reqBuff=0x7fb8b4011ea0 op.respSize=16 done
c0b58536a5f1:1906493:1907714 [1] NCCL INFO ncclPollProxyResponse Received new opId=0x7fb8c0096330
c0b58536a5f1:1906493:1907715 [1] NCCL INFO Received and initiated operation=Init res=0
c0b58536a5f1:1906493:1907714 [1] NCCL INFO resp.opId=0x7fb8c0096330 matches expected opId=0x7fb8c0096330
c0b58536a5f1:1906493:1907714 [1] NCCL INFO Connected to proxy localRank 1 -> connection 0x7fb8b4005288
c0b58536a5f1:1906493:1907715 [1] NCCL INFO Allocated shareable buffer 0x429800000 size 6291456 ipcDesc 0x7fb8b40135f0
c0b58536a5f1:1906493:1907715 [1] NCCL INFO proxyProgressAsync opId=0x7fb8c0096330 op.type=3 op.reqBuff=0x7fb8b40135c0 op.respSize=80 done
c0b58536a5f1:1906493:1907714 [1] NCCL INFO ncclPollProxyResponse Received new opId=0x7fb8c0096330
c0b58536a5f1:1906493:1907715 [1] NCCL INFO Received and initiated operation=Setup res=0
c0b58536a5f1:1906493:1907714 [1] NCCL INFO resp.opId=0x7fb8c0096330 matches expected opId=0x7fb8c0096330
c0b58536a5f1:1906493:1907715 [1] NCCL INFO New proxy recv connection 8 from local rank 1, transport 0
c0b58536a5f1:1906493:1907715 [1] NCCL INFO proxyProgressAsync opId=0x7fb8c0096330 op.type=1 op.reqBuff=0x7fb8b40135c0 op.respSize=16 done
c0b58536a5f1:1906493:1907714 [1] NCCL INFO ncclPollProxyResponse Received new opId=0x7fb8c0096330
c0b58536a5f1:1906493:1907715 [1] NCCL INFO Received and initiated operation=Init res=0
c0b58536a5f1:1906493:1907714 [1] NCCL INFO resp.opId=0x7fb8c0096330 matches expected opId=0x7fb8c0096330
c0b58536a5f1:1906493:1907714 [1] NCCL INFO Connected to proxy localRank 1 -> connection 0x7fb8b4005300
c0b58536a5f1:1906493:1907715 [1] NCCL INFO Allocated shareable buffer 0x42a000000 size 6291456 ipcDesc 0x7fb8b4014cd0
c0b58536a5f1:1906493:1907715 [1] NCCL INFO proxyProgressAsync opId=0x7fb8c0096330 op.type=3 op.reqBuff=0x7fb8b4014ca0 op.respSize=80 done
c0b58536a5f1:1906493:1907714 [1] NCCL INFO ncclPollProxyResponse Received new opId=0x7fb8c0096330
c0b58536a5f1:1906493:1907715 [1] NCCL INFO Received and initiated operation=Setup res=0
c0b58536a5f1:1906493:1907714 [1] NCCL INFO resp.opId=0x7fb8c0096330 matches expected opId=0x7fb8c0096330
c0b58536a5f1:1906493:1907715 [1] NCCL INFO New proxy recv connection 9 from local rank 1, transport 0
c0b58536a5f1:1906493:1907715 [1] NCCL INFO proxyProgressAsync opId=0x7fb8c0096330 op.type=1 op.reqBuff=0x7fb8b4014ca0 op.respSize=16 done
c0b58536a5f1:1906493:1907714 [1] NCCL INFO ncclPollProxyResponse Received new opId=0x7fb8c0096330
c0b58536a5f1:1906493:1907715 [1] NCCL INFO Received and initiated operation=Init res=0
c0b58536a5f1:1906493:1907714 [1] NCCL INFO resp.opId=0x7fb8c0096330 matches expected opId=0x7fb8c0096330
c0b58536a5f1:1906493:1907714 [1] NCCL INFO Connected to proxy localRank 1 -> connection 0x7fb8b4005378
c0b58536a5f1:1906493:1907715 [1] NCCL INFO Allocated shareable buffer 0x42a600000 size 6291456 ipcDesc 0x7fb8b4016800
c0b58536a5f1:1906493:1907715 [1] NCCL INFO proxyProgressAsync opId=0x7fb8c0096330 op.type=3 op.reqBuff=0x7fb8b40167d0 op.respSize=80 done
c0b58536a5f1:1906493:1907714 [1] NCCL INFO ncclPollProxyResponse Received new opId=0x7fb8c0096330
c0b58536a5f1:1906493:1907715 [1] NCCL INFO Received and initiated operation=Setup res=0
c0b58536a5f1:1906493:1907714 [1] NCCL INFO resp.opId=0x7fb8c0096330 matches expected opId=0x7fb8c0096330
c0b58536a5f1:1906493:1907715 [1] NCCL INFO New proxy recv connection 10 from local rank 1, transport 0
c0b58536a5f1:1906493:1907715 [1] NCCL INFO proxyProgressAsync opId=0x7fb8c0096330 op.type=1 op.reqBuff=0x7fb8b40167d0 op.respSize=16 done
c0b58536a5f1:1906493:1907714 [1] NCCL INFO ncclPollProxyResponse Received new opId=0x7fb8c0096330
c0b58536a5f1:1906493:1907715 [1] NCCL INFO Received and initiated operation=Init res=0
c0b58536a5f1:1906493:1907714 [1] NCCL INFO resp.opId=0x7fb8c0096330 matches expected opId=0x7fb8c0096330
c0b58536a5f1:1906493:1907714 [1] NCCL INFO Connected to proxy localRank 1 -> connection 0x7fb8b40053f0
c0b58536a5f1:1906493:1907715 [1] NCCL INFO Allocated shareable buffer 0x42ac00000 size 6291456 ipcDesc 0x7fb8b4017ee0
c0b58536a5f1:1906493:1907715 [1] NCCL INFO proxyProgressAsync opId=0x7fb8c0096330 op.type=3 op.reqBuff=0x7fb8b4017eb0 op.respSize=80 done
c0b58536a5f1:1906493:1907714 [1] NCCL INFO ncclPollProxyResponse Received new opId=0x7fb8c0096330
c0b58536a5f1:1906493:1907715 [1] NCCL INFO Received and initiated operation=Setup res=0
c0b58536a5f1:1906493:1907714 [1] NCCL INFO resp.opId=0x7fb8c0096330 matches expected opId=0x7fb8c0096330
c0b58536a5f1:1906493:1907715 [1] NCCL INFO New proxy recv connection 11 from local rank 1, transport 0
c0b58536a5f1:1906493:1907715 [1] NCCL INFO proxyProgressAsync opId=0x7fb8c0096330 op.type=1 op.reqBuff=0x7fb8b4017eb0 op.respSize=16 done
c0b58536a5f1:1906493:1907714 [1] NCCL INFO ncclPollProxyResponse Received new opId=0x7fb8c0096330
c0b58536a5f1:1906493:1907715 [1] NCCL INFO Received and initiated operation=Init res=0
c0b58536a5f1:1906493:1907714 [1] NCCL INFO resp.opId=0x7fb8c0096330 matches expected opId=0x7fb8c0096330
c0b58536a5f1:1906493:1907714 [1] NCCL INFO Connected to proxy localRank 1 -> connection 0x7fb8b4005468
c0b58536a5f1:1906493:1907715 [1] NCCL INFO Allocated shareable buffer 0x42b200000 size 6291456 ipcDesc 0x7fb8b40195c0
c0b58536a5f1:1906493:1907715 [1] NCCL INFO proxyProgressAsync opId=0x7fb8c0096330 op.type=3 op.reqBuff=0x7fb8b4019590 op.respSize=80 done
c0b58536a5f1:1906493:1907714 [1] NCCL INFO ncclPollProxyResponse Received new opId=0x7fb8c0096330
c0b58536a5f1:1906493:1907715 [1] NCCL INFO Received and initiated operation=Setup res=0
c0b58536a5f1:1906493:1907714 [1] NCCL INFO resp.opId=0x7fb8c0096330 matches expected opId=0x7fb8c0096330
c0b58536a5f1:1906493:1907715 [1] NCCL INFO New proxy recv connection 12 from local rank 1, transport 0
c0b58536a5f1:1906493:1907715 [1] NCCL INFO proxyProgressAsync opId=0x7fb8c0096330 op.type=1 op.reqBuff=0x7fb8b4019590 op.respSize=16 done
c0b58536a5f1:1906493:1907714 [1] NCCL INFO ncclPollProxyResponse Received new opId=0x7fb8c0096330
c0b58536a5f1:1906493:1907715 [1] NCCL INFO Received and initiated operation=Init res=0
c0b58536a5f1:1906493:1907714 [1] NCCL INFO resp.opId=0x7fb8c0096330 matches expected opId=0x7fb8c0096330
c0b58536a5f1:1906493:1907714 [1] NCCL INFO Connected to proxy localRank 1 -> connection 0x7fb8b40054e0
c0b58536a5f1:1906493:1907715 [1] NCCL INFO Allocated shareable buffer 0x42b800000 size 6291456 ipcDesc 0x7fb8b401aca0
c0b58536a5f1:1906493:1907715 [1] NCCL INFO proxyProgressAsync opId=0x7fb8c0096330 op.type=3 op.reqBuff=0x7fb8b401ac70 op.respSize=80 done
c0b58536a5f1:1906493:1907714 [1] NCCL INFO ncclPollProxyResponse Received new opId=0x7fb8c0096330
c0b58536a5f1:1906493:1907715 [1] NCCL INFO Received and initiated operation=Setup res=0
c0b58536a5f1:1906493:1907714 [1] NCCL INFO resp.opId=0x7fb8c0096330 matches expected opId=0x7fb8c0096330
c0b58536a5f1:1906493:1907715 [1] NCCL INFO New proxy recv connection 13 from local rank 1, transport 0
c0b58536a5f1:1906493:1907715 [1] NCCL INFO proxyProgressAsync opId=0x7fb8c0096330 op.type=1 op.reqBuff=0x7fb8b401ac70 op.respSize=16 done
c0b58536a5f1:1906493:1907714 [1] NCCL INFO ncclPollProxyResponse Received new opId=0x7fb8c0096330
c0b58536a5f1:1906493:1907715 [1] NCCL INFO Received and initiated operation=Init res=0
c0b58536a5f1:1906493:1907714 [1] NCCL INFO resp.opId=0x7fb8c0096330 matches expected opId=0x7fb8c0096330
c0b58536a5f1:1906493:1907714 [1] NCCL INFO Connected to proxy localRank 1 -> connection 0x7fb8b4005558
c0b58536a5f1:1906493:1907715 [1] NCCL INFO Allocated shareable buffer 0x42c000000 size 6291456 ipcDesc 0x7fb8b401c380
c0b58536a5f1:1906493:1907715 [1] NCCL INFO proxyProgressAsync opId=0x7fb8c0096330 op.type=3 op.reqBuff=0x7fb8b401c350 op.respSize=80 done
c0b58536a5f1:1906493:1907714 [1] NCCL INFO ncclPollProxyResponse Received new opId=0x7fb8c0096330
c0b58536a5f1:1906493:1907715 [1] NCCL INFO Received and initiated operation=Setup res=0
c0b58536a5f1:1906493:1907714 [1] NCCL INFO resp.opId=0x7fb8c0096330 matches expected opId=0x7fb8c0096330
c0b58536a5f1:1906493:1907715 [1] NCCL INFO New proxy recv connection 14 from local rank 1, transport 0
c0b58536a5f1:1906493:1907715 [1] NCCL INFO proxyProgressAsync opId=0x7fb8c0096330 op.type=1 op.reqBuff=0x7fb8b401c350 op.respSize=16 done
c0b58536a5f1:1906493:1907714 [1] NCCL INFO ncclPollProxyResponse Received new opId=0x7fb8c0096330
c0b58536a5f1:1906493:1907715 [1] NCCL INFO Received and initiated operation=Init res=0
c0b58536a5f1:1906493:1907714 [1] NCCL INFO resp.opId=0x7fb8c0096330 matches expected opId=0x7fb8c0096330
c0b58536a5f1:1906493:1907714 [1] NCCL INFO Connected to proxy localRank 1 -> connection 0x7fb8b40055d0
c0b58536a5f1:1906493:1907715 [1] NCCL INFO Allocated shareable buffer 0x42c600000 size 6291456 ipcDesc 0x7fb8b401deb0
c0b58536a5f1:1906493:1907715 [1] NCCL INFO proxyProgressAsync opId=0x7fb8c0096330 op.type=3 op.reqBuff=0x7fb8b401de80 op.respSize=80 done
c0b58536a5f1:1906493:1907714 [1] NCCL INFO ncclPollProxyResponse Received new opId=0x7fb8c0096330
c0b58536a5f1:1906493:1907715 [1] NCCL INFO Received and initiated operation=Setup res=0
c0b58536a5f1:1906493:1907714 [1] NCCL INFO resp.opId=0x7fb8c0096330 matches expected opId=0x7fb8c0096330
c0b58536a5f1:1906493:1907715 [1] NCCL INFO New proxy recv connection 15 from local rank 1, transport 0
c0b58536a5f1:1906493:1907715 [1] NCCL INFO proxyProgressAsync opId=0x7fb8c0096330 op.type=1 op.reqBuff=0x7fb8b401de80 op.respSize=16 done
c0b58536a5f1:1906493:1907714 [1] NCCL INFO ncclPollProxyResponse Received new opId=0x7fb8c0096330
c0b58536a5f1:1906493:1907715 [1] NCCL INFO Received and initiated operation=Init res=0
c0b58536a5f1:1906493:1907714 [1] NCCL INFO resp.opId=0x7fb8c0096330 matches expected opId=0x7fb8c0096330
c0b58536a5f1:1906493:1907714 [1] NCCL INFO Connected to proxy localRank 1 -> connection 0x7fb8b4005648
c0b58536a5f1:1906493:1907715 [1] NCCL INFO Allocated shareable buffer 0x42cc00000 size 6291456 ipcDesc 0x7fb8b401f590
c0b58536a5f1:1906493:1907715 [1] NCCL INFO proxyProgressAsync opId=0x7fb8c0096330 op.type=3 op.reqBuff=0x7fb8b401f560 op.respSize=80 done
c0b58536a5f1:1906493:1907715 [1] NCCL INFO Received and initiated operation=Setup res=0
c0b58536a5f1:1906493:1907714 [1] NCCL INFO ncclPollProxyResponse Received new opId=0x7fb8c0096330
c0b58536a5f1:1906493:1907714 [1] NCCL INFO resp.opId=0x7fb8c0096330 matches expected opId=0x7fb8c0096330
c0b58536a5f1:1906493:1907714 [1] NCCL INFO Channel 00/0 : 1[1] -> 0[0] via P2P/CUMEM/read
c0b58536a5f1:1906493:1907715 [1] NCCL INFO New proxy send connection 16 from local rank 1, transport 0
c0b58536a5f1:1906493:1907715 [1] NCCL INFO proxyProgressAsync opId=0x7fb8c0096330 op.type=1 op.reqBuff=0x7fb8b401f560 op.respSize=16 done
c0b58536a5f1:1906493:1907714 [1] NCCL INFO ncclPollProxyResponse Received new opId=0x7fb8c0096330
c0b58536a5f1:1906493:1907715 [1] NCCL INFO Received and initiated operation=Init res=0
c0b58536a5f1:1906493:1907714 [1] NCCL INFO resp.opId=0x7fb8c0096330 matches expected opId=0x7fb8c0096330
c0b58536a5f1:1906493:1907714 [1] NCCL INFO Connected to proxy localRank 1 -> connection 0x7fb8b40056c0
c0b58536a5f1:1906493:1907715 [1] NCCL INFO Allocated shareable buffer 0x42d200000 size 6291456 ipcDesc 0x7fb8b4020c70
c0b58536a5f1:1906493:1907715 [1] NCCL INFO proxyProgressAsync opId=0x7fb8c0096330 op.type=3 op.reqBuff=0x7fb8b4020c40 op.respSize=80 done
c0b58536a5f1:1906493:1907714 [1] NCCL INFO ncclPollProxyResponse Received new opId=0x7fb8c0096330
c0b58536a5f1:1906493:1907715 [1] NCCL INFO Received and initiated operation=Setup res=0
c0b58536a5f1:1906493:1907714 [1] NCCL INFO resp.opId=0x7fb8c0096330 matches expected opId=0x7fb8c0096330
c0b58536a5f1:1906493:1907714 [1] NCCL INFO Channel 01/0 : 1[1] -> 0[0] via P2P/CUMEM/read
c0b58536a5f1:1906493:1907715 [1] NCCL INFO New proxy send connection 17 from local rank 1, transport 0
c0b58536a5f1:1906493:1907715 [1] NCCL INFO proxyProgressAsync opId=0x7fb8c0096330 op.type=1 op.reqBuff=0x7fb8b4020c40 op.respSize=16 done
c0b58536a5f1:1906493:1907714 [1] NCCL INFO ncclPollProxyResponse Received new opId=0x7fb8c0096330
c0b58536a5f1:1906493:1907715 [1] NCCL INFO Received and initiated operation=Init res=0
c0b58536a5f1:1906493:1907714 [1] NCCL INFO resp.opId=0x7fb8c0096330 matches expected opId=0x7fb8c0096330
c0b58536a5f1:1906493:1907714 [1] NCCL INFO Connected to proxy localRank 1 -> connection 0x7fb8b4005738
c0b58536a5f1:1906493:1907715 [1] NCCL INFO Allocated shareable buffer 0x42d800000 size 6291456 ipcDesc 0x7fb8b4022350
c0b58536a5f1:1906493:1907715 [1] NCCL INFO proxyProgressAsync opId=0x7fb8c0096330 op.type=3 op.reqBuff=0x7fb8b4022320 op.respSize=80 done
c0b58536a5f1:1906493:1907714 [1] NCCL INFO ncclPollProxyResponse Received new opId=0x7fb8c0096330
c0b58536a5f1:1906493:1907715 [1] NCCL INFO Received and initiated operation=Setup res=0
c0b58536a5f1:1906493:1907714 [1] NCCL INFO resp.opId=0x7fb8c0096330 matches expected opId=0x7fb8c0096330
c0b58536a5f1:1906493:1907714 [1] NCCL INFO Channel 02/0 : 1[1] -> 0[0] via P2P/CUMEM/read
c0b58536a5f1:1906493:1907715 [1] NCCL INFO New proxy send connection 18 from local rank 1, transport 0
c0b58536a5f1:1906493:1907715 [1] NCCL INFO proxyProgressAsync opId=0x7fb8c0096330 op.type=1 op.reqBuff=0x7fb8b4022320 op.respSize=16 done
c0b58536a5f1:1906493:1907714 [1] NCCL INFO ncclPollProxyResponse Received new opId=0x7fb8c0096330
c0b58536a5f1:1906493:1907715 [1] NCCL INFO Received and initiated operation=Init res=0
c0b58536a5f1:1906493:1907714 [1] NCCL INFO resp.opId=0x7fb8c0096330 matches expected opId=0x7fb8c0096330
c0b58536a5f1:1906493:1907714 [1] NCCL INFO Connected to proxy localRank 1 -> connection 0x7fb8b40057b0
c0b58536a5f1:1906493:1907715 [1] NCCL INFO Allocated shareable buffer 0x42e000000 size 6291456 ipcDesc 0x7fb8b4023a30
c0b58536a5f1:1906493:1907715 [1] NCCL INFO proxyProgressAsync opId=0x7fb8c0096330 op.type=3 op.reqBuff=0x7fb8b4023a00 op.respSize=80 done
c0b58536a5f1:1906493:1907714 [1] NCCL INFO ncclPollProxyResponse Received new opId=0x7fb8c0096330
c0b58536a5f1:1906493:1907715 [1] NCCL INFO Received and initiated operation=Setup res=0
c0b58536a5f1:1906493:1907714 [1] NCCL INFO resp.opId=0x7fb8c0096330 matches expected opId=0x7fb8c0096330
c0b58536a5f1:1906493:1907714 [1] NCCL INFO Channel 03/0 : 1[1] -> 0[0] via P2P/CUMEM/read
c0b58536a5f1:1906493:1907715 [1] NCCL INFO New proxy send connection 19 from local rank 1, transport 0
c0b58536a5f1:1906493:1907715 [1] NCCL INFO proxyProgressAsync opId=0x7fb8c0096330 op.type=1 op.reqBuff=0x7fb8b4023a00 op.respSize=16 done
c0b58536a5f1:1906493:1907714 [1] NCCL INFO ncclPollProxyResponse Received new opId=0x7fb8c0096330
c0b58536a5f1:1906493:1907715 [1] NCCL INFO Received and initiated operation=Init res=0
c0b58536a5f1:1906493:1907714 [1] NCCL INFO resp.opId=0x7fb8c0096330 matches expected opId=0x7fb8c0096330
c0b58536a5f1:1906493:1907714 [1] NCCL INFO Connected to proxy localRank 1 -> connection 0x7fb8b4005828
c0b58536a5f1:1906493:1907715 [1] NCCL INFO Allocated shareable buffer 0x42e600000 size 6291456 ipcDesc 0x7fb8b4025560
c0b58536a5f1:1906493:1907715 [1] NCCL INFO proxyProgressAsync opId=0x7fb8c0096330 op.type=3 op.reqBuff=0x7fb8b4025530 op.respSize=80 done
c0b58536a5f1:1906493:1907714 [1] NCCL INFO ncclPollProxyResponse Received new opId=0x7fb8c0096330
c0b58536a5f1:1906493:1907715 [1] NCCL INFO Received and initiated operation=Setup res=0
c0b58536a5f1:1906493:1907714 [1] NCCL INFO resp.opId=0x7fb8c0096330 matches expected opId=0x7fb8c0096330
c0b58536a5f1:1906493:1907714 [1] NCCL INFO Channel 04/0 : 1[1] -> 0[0] via P2P/CUMEM/read
c0b58536a5f1:1906493:1907715 [1] NCCL INFO New proxy send connection 20 from local rank 1, transport 0
c0b58536a5f1:1906493:1907715 [1] NCCL INFO proxyProgressAsync opId=0x7fb8c0096330 op.type=1 op.reqBuff=0x7fb8b4025530 op.respSize=16 done
c0b58536a5f1:1906493:1907714 [1] NCCL INFO ncclPollProxyResponse Received new opId=0x7fb8c0096330
c0b58536a5f1:1906493:1907715 [1] NCCL INFO Received and initiated operation=Init res=0
c0b58536a5f1:1906493:1907714 [1] NCCL INFO resp.opId=0x7fb8c0096330 matches expected opId=0x7fb8c0096330
c0b58536a5f1:1906493:1907714 [1] NCCL INFO Connected to proxy localRank 1 -> connection 0x7fb8b40058a0
c0b58536a5f1:1906493:1907715 [1] NCCL INFO Allocated shareable buffer 0x42ec00000 size 6291456 ipcDesc 0x7fb8b4026c40
c0b58536a5f1:1906493:1907715 [1] NCCL INFO proxyProgressAsync opId=0x7fb8c0096330 op.type=3 op.reqBuff=0x7fb8b4026c10 op.respSize=80 done
c0b58536a5f1:1906493:1907714 [1] NCCL INFO ncclPollProxyResponse Received new opId=0x7fb8c0096330
c0b58536a5f1:1906493:1907715 [1] NCCL INFO Received and initiated operation=Setup res=0
c0b58536a5f1:1906493:1907714 [1] NCCL INFO resp.opId=0x7fb8c0096330 matches expected opId=0x7fb8c0096330
c0b58536a5f1:1906493:1907714 [1] NCCL INFO Channel 05/0 : 1[1] -> 0[0] via P2P/CUMEM/read
c0b58536a5f1:1906493:1907715 [1] NCCL INFO New proxy send connection 21 from local rank 1, transport 0
c0b58536a5f1:1906493:1907715 [1] NCCL INFO proxyProgressAsync opId=0x7fb8c0096330 op.type=1 op.reqBuff=0x7fb8b4026c10 op.respSize=16 done
c0b58536a5f1:1906493:1907714 [1] NCCL INFO ncclPollProxyResponse Received new opId=0x7fb8c0096330
c0b58536a5f1:1906493:1907715 [1] NCCL INFO Received and initiated operation=Init res=0
c0b58536a5f1:1906493:1907714 [1] NCCL INFO resp.opId=0x7fb8c0096330 matches expected opId=0x7fb8c0096330
c0b58536a5f1:1906493:1907714 [1] NCCL INFO Connected to proxy localRank 1 -> connection 0x7fb8b4005918
c0b58536a5f1:1906493:1907715 [1] NCCL INFO Allocated shareable buffer 0x42f200000 size 6291456 ipcDesc 0x7fb8b4028320
c0b58536a5f1:1906493:1907715 [1] NCCL INFO proxyProgressAsync opId=0x7fb8c0096330 op.type=3 op.reqBuff=0x7fb8b40282f0 op.respSize=80 done
c0b58536a5f1:1906493:1907714 [1] NCCL INFO ncclPollProxyResponse Received new opId=0x7fb8c0096330
c0b58536a5f1:1906493:1907715 [1] NCCL INFO Received and initiated operation=Setup res=0
c0b58536a5f1:1906493:1907714 [1] NCCL INFO resp.opId=0x7fb8c0096330 matches expected opId=0x7fb8c0096330
c0b58536a5f1:1906493:1907714 [1] NCCL INFO Channel 06/0 : 1[1] -> 0[0] via P2P/CUMEM/read
c0b58536a5f1:1906493:1907715 [1] NCCL INFO New proxy send connection 22 from local rank 1, transport 0
c0b58536a5f1:1906493:1907715 [1] NCCL INFO proxyProgressAsync opId=0x7fb8c0096330 op.type=1 op.reqBuff=0x7fb8b40282f0 op.respSize=16 done
c0b58536a5f1:1906493:1907714 [1] NCCL INFO ncclPollProxyResponse Received new opId=0x7fb8c0096330
c0b58536a5f1:1906493:1907715 [1] NCCL INFO Received and initiated operation=Init res=0
c0b58536a5f1:1906493:1907714 [1] NCCL INFO resp.opId=0x7fb8c0096330 matches expected opId=0x7fb8c0096330
c0b58536a5f1:1906493:1907714 [1] NCCL INFO Connected to proxy localRank 1 -> connection 0x7fb8b4005990
c0b58536a5f1:1906493:1907715 [1] NCCL INFO Allocated shareable buffer 0x42f800000 size 6291456 ipcDesc 0x7fb8b4029a00
c0b58536a5f1:1906493:1907715 [1] NCCL INFO proxyProgressAsync opId=0x7fb8c0096330 op.type=3 op.reqBuff=0x7fb8b40299d0 op.respSize=80 done
c0b58536a5f1:1906493:1907714 [1] NCCL INFO ncclPollProxyResponse Received new opId=0x7fb8c0096330
c0b58536a5f1:1906493:1907715 [1] NCCL INFO Received and initiated operation=Setup res=0
c0b58536a5f1:1906493:1907714 [1] NCCL INFO resp.opId=0x7fb8c0096330 matches expected opId=0x7fb8c0096330
c0b58536a5f1:1906493:1907714 [1] NCCL INFO Channel 07/0 : 1[1] -> 0[0] via P2P/CUMEM/read
c0b58536a5f1:1906493:1907715 [1] NCCL INFO New proxy send connection 23 from local rank 1, transport 0
c0b58536a5f1:1906493:1907715 [1] NCCL INFO proxyProgressAsync opId=0x7fb8c0096330 op.type=1 op.reqBuff=0x7fb8b40299d0 op.respSize=16 done
c0b58536a5f1:1906493:1907714 [1] NCCL INFO ncclPollProxyResponse Received new opId=0x7fb8c0096330
c0b58536a5f1:1906493:1907715 [1] NCCL INFO Received and initiated operation=Init res=0
c0b58536a5f1:1906493:1907714 [1] NCCL INFO resp.opId=0x7fb8c0096330 matches expected opId=0x7fb8c0096330
c0b58536a5f1:1906493:1907714 [1] NCCL INFO Connected to proxy localRank 1 -> connection 0x7fb8b4005a08
c0b58536a5f1:1906493:1907715 [1] NCCL INFO Allocated shareable buffer 0x430000000 size 6291456 ipcDesc 0x7fb8b402b0e0
c0b58536a5f1:1906493:1907715 [1] NCCL INFO proxyProgressAsync opId=0x7fb8c0096330 op.type=3 op.reqBuff=0x7fb8b402b0b0 op.respSize=80 done
c0b58536a5f1:1906493:1907714 [1] NCCL INFO ncclPollProxyResponse Received new opId=0x7fb8c0096330
c0b58536a5f1:1906493:1907715 [1] NCCL INFO Received and initiated operation=Setup res=0
c0b58536a5f1:1906493:1907714 [1] NCCL INFO resp.opId=0x7fb8c0096330 matches expected opId=0x7fb8c0096330
c0b58536a5f1:1906493:1907714 [1] NCCL INFO Channel 08/0 : 1[1] -> 0[0] via P2P/CUMEM/read
c0b58536a5f1:1906493:1907715 [1] NCCL INFO New proxy send connection 24 from local rank 1, transport 0
c0b58536a5f1:1906493:1907715 [1] NCCL INFO proxyProgressAsync opId=0x7fb8c0096330 op.type=1 op.reqBuff=0x7fb8b402b0b0 op.respSize=16 done
c0b58536a5f1:1906493:1907714 [1] NCCL INFO ncclPollProxyResponse Received new opId=0x7fb8c0096330
c0b58536a5f1:1906493:1907715 [1] NCCL INFO Received and initiated operation=Init res=0
c0b58536a5f1:1906493:1907714 [1] NCCL INFO resp.opId=0x7fb8c0096330 matches expected opId=0x7fb8c0096330
c0b58536a5f1:1906493:1907714 [1] NCCL INFO Connected to proxy localRank 1 -> connection 0x7fb8b4005a80
c0b58536a5f1:1906493:1907715 [1] NCCL INFO Allocated shareable buffer 0x430600000 size 6291456 ipcDesc 0x7fb8b402cc10
c0b58536a5f1:1906493:1907715 [1] NCCL INFO proxyProgressAsync opId=0x7fb8c0096330 op.type=3 op.reqBuff=0x7fb8b402cbe0 op.respSize=80 done
c0b58536a5f1:1906493:1907714 [1] NCCL INFO ncclPollProxyResponse Received new opId=0x7fb8c0096330
c0b58536a5f1:1906493:1907715 [1] NCCL INFO Received and initiated operation=Setup res=0
c0b58536a5f1:1906493:1907714 [1] NCCL INFO resp.opId=0x7fb8c0096330 matches expected opId=0x7fb8c0096330
c0b58536a5f1:1906493:1907714 [1] NCCL INFO Channel 09/0 : 1[1] -> 0[0] via P2P/CUMEM/read
c0b58536a5f1:1906493:1907715 [1] NCCL INFO New proxy send connection 25 from local rank 1, transport 0
c0b58536a5f1:1906493:1907715 [1] NCCL INFO proxyProgressAsync opId=0x7fb8c0096330 op.type=1 op.reqBuff=0x7fb8b402cbe0 op.respSize=16 done
c0b58536a5f1:1906493:1907714 [1] NCCL INFO ncclPollProxyResponse Received new opId=0x7fb8c0096330
c0b58536a5f1:1906493:1907715 [1] NCCL INFO Received and initiated operation=Init res=0
c0b58536a5f1:1906493:1907714 [1] NCCL INFO resp.opId=0x7fb8c0096330 matches expected opId=0x7fb8c0096330
c0b58536a5f1:1906493:1907714 [1] NCCL INFO Connected to proxy localRank 1 -> connection 0x7fb8b4005af8
c0b58536a5f1:1906493:1907715 [1] NCCL INFO Allocated shareable buffer 0x430c00000 size 6291456 ipcDesc 0x7fb8b402e2f0
c0b58536a5f1:1906493:1907715 [1] NCCL INFO proxyProgressAsync opId=0x7fb8c0096330 op.type=3 op.reqBuff=0x7fb8b402e2c0 op.respSize=80 done
c0b58536a5f1:1906493:1907714 [1] NCCL INFO ncclPollProxyResponse Received new opId=0x7fb8c0096330
c0b58536a5f1:1906493:1907715 [1] NCCL INFO Received and initiated operation=Setup res=0
c0b58536a5f1:1906493:1907714 [1] NCCL INFO resp.opId=0x7fb8c0096330 matches expected opId=0x7fb8c0096330
c0b58536a5f1:1906493:1907714 [1] NCCL INFO Channel 10/0 : 1[1] -> 0[0] via P2P/CUMEM/read
c0b58536a5f1:1906493:1907715 [1] NCCL INFO New proxy send connection 26 from local rank 1, transport 0
c0b58536a5f1:1906493:1907715 [1] NCCL INFO proxyProgressAsync opId=0x7fb8c0096330 op.type=1 op.reqBuff=0x7fb8b402e2c0 op.respSize=16 done
c0b58536a5f1:1906493:1907714 [1] NCCL INFO ncclPollProxyResponse Received new opId=0x7fb8c0096330
c0b58536a5f1:1906493:1907715 [1] NCCL INFO Received and initiated operation=Init res=0
c0b58536a5f1:1906493:1907714 [1] NCCL INFO resp.opId=0x7fb8c0096330 matches expected opId=0x7fb8c0096330
c0b58536a5f1:1906493:1907714 [1] NCCL INFO Connected to proxy localRank 1 -> connection 0x7fb8b4005b70
c0b58536a5f1:1906493:1907715 [1] NCCL INFO Allocated shareable buffer 0x431200000 size 6291456 ipcDesc 0x7fb8b402f9d0
c0b58536a5f1:1906493:1907715 [1] NCCL INFO proxyProgressAsync opId=0x7fb8c0096330 op.type=3 op.reqBuff=0x7fb8b402f9a0 op.respSize=80 done
c0b58536a5f1:1906493:1907714 [1] NCCL INFO ncclPollProxyResponse Received new opId=0x7fb8c0096330
c0b58536a5f1:1906493:1907715 [1] NCCL INFO Received and initiated operation=Setup res=0
c0b58536a5f1:1906493:1907714 [1] NCCL INFO resp.opId=0x7fb8c0096330 matches expected opId=0x7fb8c0096330
c0b58536a5f1:1906493:1907714 [1] NCCL INFO Channel 11/0 : 1[1] -> 0[0] via P2P/CUMEM/read
c0b58536a5f1:1906493:1907715 [1] NCCL INFO New proxy send connection 27 from local rank 1, transport 0
c0b58536a5f1:1906493:1907715 [1] NCCL INFO proxyProgressAsync opId=0x7fb8c0096330 op.type=1 op.reqBuff=0x7fb8b402f9a0 op.respSize=16 done
c0b58536a5f1:1906493:1907714 [1] NCCL INFO ncclPollProxyResponse Received new opId=0x7fb8c0096330
c0b58536a5f1:1906493:1907715 [1] NCCL INFO Received and initiated operation=Init res=0
c0b58536a5f1:1906493:1907714 [1] NCCL INFO resp.opId=0x7fb8c0096330 matches expected opId=0x7fb8c0096330
c0b58536a5f1:1906493:1907714 [1] NCCL INFO Connected to proxy localRank 1 -> connection 0x7fb8b4005be8
c0b58536a5f1:1906493:1907715 [1] NCCL INFO Allocated shareable buffer 0x431800000 size 6291456 ipcDesc 0x7fb8b40310b0
c0b58536a5f1:1906493:1907715 [1] NCCL INFO proxyProgressAsync opId=0x7fb8c0096330 op.type=3 op.reqBuff=0x7fb8b4031080 op.respSize=80 done
c0b58536a5f1:1906493:1907714 [1] NCCL INFO ncclPollProxyResponse Received new opId=0x7fb8c0096330
c0b58536a5f1:1906493:1907715 [1] NCCL INFO Received and initiated operation=Setup res=0
c0b58536a5f1:1906493:1907714 [1] NCCL INFO resp.opId=0x7fb8c0096330 matches expected opId=0x7fb8c0096330
c0b58536a5f1:1906493:1907714 [1] NCCL INFO Channel 12/0 : 1[1] -> 0[0] via P2P/CUMEM/read
c0b58536a5f1:1906493:1907715 [1] NCCL INFO New proxy send connection 28 from local rank 1, transport 0
c0b58536a5f1:1906493:1907715 [1] NCCL INFO proxyProgressAsync opId=0x7fb8c0096330 op.type=1 op.reqBuff=0x7fb8b4031080 op.respSize=16 done
c0b58536a5f1:1906493:1907714 [1] NCCL INFO ncclPollProxyResponse Received new opId=0x7fb8c0096330
c0b58536a5f1:1906493:1907715 [1] NCCL INFO Received and initiated operation=Init res=0
c0b58536a5f1:1906493:1907714 [1] NCCL INFO resp.opId=0x7fb8c0096330 matches expected opId=0x7fb8c0096330
c0b58536a5f1:1906493:1907714 [1] NCCL INFO Connected to proxy localRank 1 -> connection 0x7fb8b4005c60
c0b58536a5f1:1906493:1907715 [1] NCCL INFO Allocated shareable buffer 0x432000000 size 6291456 ipcDesc 0x7fb8b4032790
c0b58536a5f1:1906493:1907715 [1] NCCL INFO proxyProgressAsync opId=0x7fb8c0096330 op.type=3 op.reqBuff=0x7fb8b4032760 op.respSize=80 done
c0b58536a5f1:1906493:1907714 [1] NCCL INFO ncclPollProxyResponse Received new opId=0x7fb8c0096330
c0b58536a5f1:1906493:1907715 [1] NCCL INFO Received and initiated operation=Setup res=0
c0b58536a5f1:1906493:1907714 [1] NCCL INFO resp.opId=0x7fb8c0096330 matches expected opId=0x7fb8c0096330
c0b58536a5f1:1906493:1907714 [1] NCCL INFO Channel 13/0 : 1[1] -> 0[0] via P2P/CUMEM/read
c0b58536a5f1:1906493:1907715 [1] NCCL INFO New proxy send connection 29 from local rank 1, transport 0
c0b58536a5f1:1906493:1907715 [1] NCCL INFO proxyProgressAsync opId=0x7fb8c0096330 op.type=1 op.reqBuff=0x7fb8b4032760 op.respSize=16 done
c0b58536a5f1:1906493:1907714 [1] NCCL INFO ncclPollProxyResponse Received new opId=0x7fb8c0096330
c0b58536a5f1:1906493:1907715 [1] NCCL INFO Received and initiated operation=Init res=0
c0b58536a5f1:1906493:1907714 [1] NCCL INFO resp.opId=0x7fb8c0096330 matches expected opId=0x7fb8c0096330
c0b58536a5f1:1906493:1907714 [1] NCCL INFO Connected to proxy localRank 1 -> connection 0x7fb8b4005cd8
c0b58536a5f1:1906493:1907715 [1] NCCL INFO Allocated shareable buffer 0x432600000 size 6291456 ipcDesc 0x7fb8b40342c0
c0b58536a5f1:1906493:1907715 [1] NCCL INFO proxyProgressAsync opId=0x7fb8c0096330 op.type=3 op.reqBuff=0x7fb8b4034290 op.respSize=80 done
c0b58536a5f1:1906493:1907714 [1] NCCL INFO ncclPollProxyResponse Received new opId=0x7fb8c0096330
c0b58536a5f1:1906493:1907715 [1] NCCL INFO Received and initiated operation=Setup res=0
c0b58536a5f1:1906493:1907714 [1] NCCL INFO resp.opId=0x7fb8c0096330 matches expected opId=0x7fb8c0096330
c0b58536a5f1:1906493:1907714 [1] NCCL INFO Channel 14/0 : 1[1] -> 0[0] via P2P/CUMEM/read
c0b58536a5f1:1906493:1907715 [1] NCCL INFO New proxy send connection 30 from local rank 1, transport 0
c0b58536a5f1:1906493:1907715 [1] NCCL INFO proxyProgressAsync opId=0x7fb8c0096330 op.type=1 op.reqBuff=0x7fb8b4034290 op.respSize=16 done
c0b58536a5f1:1906493:1907714 [1] NCCL INFO ncclPollProxyResponse Received new opId=0x7fb8c0096330
c0b58536a5f1:1906493:1907715 [1] NCCL INFO Received and initiated operation=Init res=0
c0b58536a5f1:1906493:1907714 [1] NCCL INFO resp.opId=0x7fb8c0096330 matches expected opId=0x7fb8c0096330
c0b58536a5f1:1906493:1907714 [1] NCCL INFO Connected to proxy localRank 1 -> connection 0x7fb8b4005d50
c0b58536a5f1:1906493:1907715 [1] NCCL INFO Allocated shareable buffer 0x432c00000 size 6291456 ipcDesc 0x7fb8b40359a0
c0b58536a5f1:1906493:1907715 [1] NCCL INFO proxyProgressAsync opId=0x7fb8c0096330 op.type=3 op.reqBuff=0x7fb8b4035970 op.respSize=80 done
c0b58536a5f1:1906493:1907714 [1] NCCL INFO ncclPollProxyResponse Received new opId=0x7fb8c0096330
c0b58536a5f1:1906493:1907715 [1] NCCL INFO Received and initiated operation=Setup res=0
c0b58536a5f1:1906493:1907714 [1] NCCL INFO resp.opId=0x7fb8c0096330 matches expected opId=0x7fb8c0096330
c0b58536a5f1:1906493:1907714 [1] NCCL INFO Channel 15/0 : 1[1] -> 0[0] via P2P/CUMEM/read
c0b58536a5f1:1906493:1907715 [1] NCCL INFO New proxy send connection 31 from local rank 1, transport 0
c0b58536a5f1:1906493:1907715 [1] NCCL INFO proxyProgressAsync opId=0x7fb8c0096330 op.type=1 op.reqBuff=0x7fb8b4035970 op.respSize=16 done
c0b58536a5f1:1906493:1907714 [1] NCCL INFO ncclPollProxyResponse Received new opId=0x7fb8c0096330
c0b58536a5f1:1906493:1907715 [1] NCCL INFO Received and initiated operation=Init res=0
c0b58536a5f1:1906493:1907714 [1] NCCL INFO resp.opId=0x7fb8c0096330 matches expected opId=0x7fb8c0096330
c0b58536a5f1:1906493:1907714 [1] NCCL INFO Connected to proxy localRank 1 -> connection 0x7fb8b4005dc8
c0b58536a5f1:1906493:1907715 [1] NCCL INFO Allocated shareable buffer 0x433200000 size 6291456 ipcDesc 0x7fb8b4037080
c0b58536a5f1:1906493:1907715 [1] NCCL INFO proxyProgressAsync opId=0x7fb8c0096330 op.type=3 op.reqBuff=0x7fb8b4037050 op.respSize=80 done
c0b58536a5f1:1906493:1907714 [1] NCCL INFO ncclPollProxyResponse Received new opId=0x7fb8c0096330
c0b58536a5f1:1906493:1907715 [1] NCCL INFO Received and initiated operation=Setup res=0
c0b58536a5f1:1906493:1907714 [1] NCCL INFO resp.opId=0x7fb8c0096330 matches expected opId=0x7fb8c0096330
c0b58536a5f1:1906493:1907715 [1] NCCL INFO New proxy send connection 32 from local rank 0, transport 0
c0b58536a5f1:1906493:1907715 [1] NCCL INFO proxyProgressAsync opId=0x7fe1d0096330 op.type=1 op.reqBuff=0x7fb8b4037050 op.respSize=16 done
c0b58536a5f1:1906493:1907715 [1] NCCL INFO Received and initiated operation=Init res=0
c0b58536a5f1:1906493:1907714 [1] NCCL INFO ncclPollProxyResponse Received new opId=0x7fb8c0096330
c0b58536a5f1:1906493:1907714 [1] NCCL INFO resp.opId=0x7fb8c0096330 matches expected opId=0x7fb8c0096330
c0b58536a5f1:1906493:1907714 [1] NCCL INFO Connected to proxy localRank 0 -> connection 0x7fe1dc005e50
c0b58536a5f1:1906493:1907715 [1] NCCL INFO UDS proxyGetFd received handle 0x7fb8b4008c10 peer 0 opId 6761b74d411f005d
c0b58536a5f1:1906493:1907715 [1] NCCL INFO proxyProgressAsync opId=0x6761b74d411f005d op.type=9 op.reqBuff=0x7fb8b4038730 op.respSize=0 done
c0b58536a5f1:1906493:1907715 [1] NCCL INFO Received and initiated operation=GetFd res=0
c0b58536a5f1:1906493:1907714 [1] NCCL INFO ncclPollProxyResponse Received new opId=0x5fe190d2036f54ca
c0b58536a5f1:1906493:1907714 [1] NCCL INFO resp.opId=0x5fe190d2036f54ca matches expected opId=0x5fe190d2036f54ca
c0b58536a5f1:1906493:1907714 [1] NCCL INFO UDS converted handle 0x7fe1dc008c20 to fd 170 on remote peer 0
c0b58536a5f1:1906493:1907714 [1] NCCL INFO Imported shareable buffer device 1 size 6291456 ptr 0x433800000
c0b58536a5f1:1906493:1907715 [1] NCCL INFO New proxy send connection 33 from local rank 0, transport 0
c0b58536a5f1:1906493:1907715 [1] NCCL INFO proxyProgressAsync opId=0x7fe1d0096330 op.type=1 op.reqBuff=0x7fb8b4038730 op.respSize=16 done
c0b58536a5f1:1906493:1907715 [1] NCCL INFO Received and initiated operation=Init res=0
c0b58536a5f1:1906493:1907714 [1] NCCL INFO ncclPollProxyResponse Received new opId=0x7fb8c0096330
c0b58536a5f1:1906493:1907714 [1] NCCL INFO resp.opId=0x7fb8c0096330 matches expected opId=0x7fb8c0096330
c0b58536a5f1:1906493:1907714 [1] NCCL INFO Connected to proxy localRank 0 -> connection 0x7fe1dc005ec8
c0b58536a5f1:1906493:1907715 [1] NCCL INFO UDS proxyGetFd received handle 0x7fb8b4020cc0 peer 0 opId 6077ce337f5367cc
c0b58536a5f1:1906493:1907714 [1] NCCL INFO ncclPollProxyResponse Received new opId=0xde668c46914e71f
c0b58536a5f1:1906493:1907714 [1] NCCL INFO resp.opId=0xde668c46914e71f matches expected opId=0xde668c46914e71f
c0b58536a5f1:1906493:1907714 [1] NCCL INFO UDS converted handle 0x7fe1dc020690 to fd 171 on remote peer 0
c0b58536a5f1:1906493:1907715 [1] NCCL INFO proxyProgressAsync opId=0x6077ce337f5367cc op.type=9 op.reqBuff=0x7fb8b4037050 op.respSize=0 done
c0b58536a5f1:1906493:1907715 [1] NCCL INFO Received and initiated operation=GetFd res=0
c0b58536a5f1:1906493:1907714 [1] NCCL INFO Imported shareable buffer device 1 size 6291456 ptr 0x434000000
c0b58536a5f1:1906493:1907714 [1] NCCL INFO ncclPollProxyResponse Received new opId=0x7fb8c0096330
c0b58536a5f1:1906493:1907714 [1] NCCL INFO resp.opId=0x7fb8c0096330 matches expected opId=0x7fb8c0096330
c0b58536a5f1:1906493:1907714 [1] NCCL INFO Connected to proxy localRank 0 -> connection 0x7fe1dc005f40
c0b58536a5f1:1906493:1907715 [1] NCCL INFO New proxy send connection 34 from local rank 0, transport 0
c0b58536a5f1:1906493:1907715 [1] NCCL INFO proxyProgressAsync opId=0x7fe1d0096330 op.type=1 op.reqBuff=0x7fb8b4037050 op.respSize=16 done
c0b58536a5f1:1906493:1907715 [1] NCCL INFO Received and initiated operation=Init res=0
c0b58536a5f1:1906493:1907715 [1] NCCL INFO UDS proxyGetFd received handle 0x7fb8b400a5d0 peer 0 opId 7798bf9964c65567
c0b58536a5f1:1906493:1907714 [1] NCCL INFO ncclPollProxyResponse Received new opId=0x248fd108323bdb90
c0b58536a5f1:1906493:1907714 [1] NCCL INFO resp.opId=0x248fd108323bdb90 matches expected opId=0x248fd108323bdb90
c0b58536a5f1:1906493:1907714 [1] NCCL INFO UDS converted handle 0x7fe1dc00a400 to fd 170 on remote peer 0
c0b58536a5f1:1906493:1907715 [1] NCCL INFO proxyProgressAsync opId=0x7798bf9964c65567 op.type=9 op.reqBuff=0x7fb8b4038730 op.respSize=0 done
c0b58536a5f1:1906493:1907715 [1] NCCL INFO Received and initiated operation=GetFd res=0
c0b58536a5f1:1906493:1907714 [1] NCCL INFO Imported shareable buffer device 1 size 6291456 ptr 0x434600000
c0b58536a5f1:1906493:1907714 [1] NCCL INFO ncclPollProxyResponse Received new opId=0x7fb8c0096330
c0b58536a5f1:1906493:1907714 [1] NCCL INFO resp.opId=0x7fb8c0096330 matches expected opId=0x7fb8c0096330
c0b58536a5f1:1906493:1907714 [1] NCCL INFO Connected to proxy localRank 0 -> connection 0x7fe1dc005fb8
c0b58536a5f1:1906493:1907715 [1] NCCL INFO New proxy send connection 35 from local rank 0, transport 0
c0b58536a5f1:1906493:1907715 [1] NCCL INFO proxyProgressAsync opId=0x7fe1d0096330 op.type=1 op.reqBuff=0x7fb8b4038730 op.respSize=16 done
c0b58536a5f1:1906493:1907715 [1] NCCL INFO Received and initiated operation=Init res=0
c0b58536a5f1:1906493:1907714 [1] NCCL INFO ncclPollProxyResponse Received new opId=0x4df290f903993430
c0b58536a5f1:1906493:1907714 [1] NCCL INFO resp.opId=0x4df290f903993430 matches expected opId=0x4df290f903993430
c0b58536a5f1:1906493:1907714 [1] NCCL INFO UDS converted handle 0x7fe1dc021d70 to fd 170 on remote peer 0
c0b58536a5f1:1906493:1907715 [1] NCCL INFO UDS proxyGetFd received handle 0x7fb8b40223a0 peer 0 opId 792512bd3ff3c6cc
c0b58536a5f1:1906493:1907714 [1] NCCL INFO Imported shareable buffer device 1 size 6291456 ptr 0x434c00000
c0b58536a5f1:1906493:1907714 [1] NCCL INFO ncclPollProxyResponse Received new opId=0x7fb8c0096330
c0b58536a5f1:1906493:1907714 [1] NCCL INFO resp.opId=0x7fb8c0096330 matches expected opId=0x7fb8c0096330
c0b58536a5f1:1906493:1907715 [1] NCCL INFO proxyProgressAsync opId=0x792512bd3ff3c6cc op.type=9 op.reqBuff=0x7fb8b4037050 op.respSize=0 done
c0b58536a5f1:1906493:1907714 [1] NCCL INFO Connected to proxy localRank 0 -> connection 0x7fe1dc006030
c0b58536a5f1:1906493:1907715 [1] NCCL INFO Received and initiated operation=GetFd res=0
c0b58536a5f1:1906493:1907714 [1] NCCL INFO ncclPollProxyResponse Received new opId=0x69107a0421eb9f93
c0b58536a5f1:1906493:1907714 [1] NCCL INFO resp.opId=0x69107a0421eb9f93 matches expected opId=0x69107a0421eb9f93
c0b58536a5f1:1906493:1907714 [1] NCCL INFO UDS converted handle 0x7fe1dc00bb60 to fd 170 on remote peer 0
c0b58536a5f1:1906493:1907715 [1] NCCL INFO New proxy send connection 36 from local rank 0, transport 0
c0b58536a5f1:1906493:1907715 [1] NCCL INFO proxyProgressAsync opId=0x7fe1d0096330 op.type=1 op.reqBuff=0x7fb8b4037050 op.respSize=16 done
c0b58536a5f1:1906493:1907715 [1] NCCL INFO Received and initiated operation=Init res=0
c0b58536a5f1:1906493:1907715 [1] NCCL INFO UDS proxyGetFd received handle 0x7fb8b400bf10 peer 0 opId 1297ccfd528d88b4
c0b58536a5f1:1906493:1907714 [1] NCCL INFO Imported shareable buffer device 1 size 6291456 ptr 0x435200000
c0b58536a5f1:1906493:1907714 [1] NCCL INFO ncclPollProxyResponse Received new opId=0x7fb8c0096330
c0b58536a5f1:1906493:1907714 [1] NCCL INFO resp.opId=0x7fb8c0096330 matches expected opId=0x7fb8c0096330
c0b58536a5f1:1906493:1907714 [1] NCCL INFO Connected to proxy localRank 0 -> connection 0x7fe1dc0060a8
c0b58536a5f1:1906493:1907715 [1] NCCL INFO proxyProgressAsync opId=0x1297ccfd528d88b4 op.type=9 op.reqBuff=0x7fb8b4038730 op.respSize=0 done
c0b58536a5f1:1906493:1907715 [1] NCCL INFO Received and initiated operation=GetFd res=0
c0b58536a5f1:1906493:1907714 [1] NCCL INFO ncclPollProxyResponse Received new opId=0x7e87c4275580b66
c0b58536a5f1:1906493:1907714 [1] NCCL INFO resp.opId=0x7e87c4275580b66 matches expected opId=0x7e87c4275580b66
c0b58536a5f1:1906493:1907714 [1] NCCL INFO UDS converted handle 0x7fe1dc023450 to fd 170 on remote peer 0
c0b58536a5f1:1906493:1907715 [1] NCCL INFO New proxy send connection 37 from local rank 0, transport 0
c0b58536a5f1:1906493:1907715 [1] NCCL INFO proxyProgressAsync opId=0x7fe1d0096330 op.type=1 op.reqBuff=0x7fb8b4038730 op.respSize=16 done
c0b58536a5f1:1906493:1907715 [1] NCCL INFO Received and initiated operation=Init res=0
c0b58536a5f1:1906493:1907715 [1] NCCL INFO UDS proxyGetFd received handle 0x7fb8b4023a80 peer 0 opId 687d593b49278111
c0b58536a5f1:1906493:1907714 [1] NCCL INFO Imported shareable buffer device 1 size 6291456 ptr 0x435800000
c0b58536a5f1:1906493:1907714 [1] NCCL INFO ncclPollProxyResponse Received new opId=0x7fb8c0096330
c0b58536a5f1:1906493:1907714 [1] NCCL INFO resp.opId=0x7fb8c0096330 matches expected opId=0x7fb8c0096330
c0b58536a5f1:1906493:1907714 [1] NCCL INFO Connected to proxy localRank 0 -> connection 0x7fe1dc006120
c0b58536a5f1:1906493:1907715 [1] NCCL INFO proxyProgressAsync opId=0x687d593b49278111 op.type=9 op.reqBuff=0x7fb8b4037050 op.respSize=0 done
c0b58536a5f1:1906493:1907715 [1] NCCL INFO Received and initiated operation=GetFd res=0
c0b58536a5f1:1906493:1907714 [1] NCCL INFO ncclPollProxyResponse Received new opId=0x749c88897b05e090
c0b58536a5f1:1906493:1907714 [1] NCCL INFO resp.opId=0x749c88897b05e090 matches expected opId=0x749c88897b05e090
c0b58536a5f1:1906493:1907714 [1] NCCL INFO UDS converted handle 0x7fe1dc00d2a0 to fd 170 on remote peer 0
c0b58536a5f1:1906493:1907715 [1] NCCL INFO New proxy send connection 38 from local rank 0, transport 0
c0b58536a5f1:1906493:1907715 [1] NCCL INFO proxyProgressAsync opId=0x7fe1d0096330 op.type=1 op.reqBuff=0x7fb8b4037050 op.respSize=16 done
c0b58536a5f1:1906493:1907715 [1] NCCL INFO Received and initiated operation=Init res=0
c0b58536a5f1:1906493:1907715 [1] NCCL INFO UDS proxyGetFd received handle 0x7fb8b400d830 peer 0 opId 6840ee5971deacdf
c0b58536a5f1:1906493:1907715 [1] NCCL INFO proxyProgressAsync opId=0x6840ee5971deacdf op.type=9 op.reqBuff=0x7fb8b4038730 op.respSize=0 done
c0b58536a5f1:1906493:1907715 [1] NCCL INFO Received and initiated operation=GetFd res=0
c0b58536a5f1:1906493:1907714 [1] NCCL INFO Imported shareable buffer device 1 size 6291456 ptr 0x436000000
c0b58536a5f1:1906493:1907714 [1] NCCL INFO ncclPollProxyResponse Received new opId=0x7fb8c0096330
c0b58536a5f1:1906493:1907714 [1] NCCL INFO resp.opId=0x7fb8c0096330 matches expected opId=0x7fb8c0096330
c0b58536a5f1:1906493:1907714 [1] NCCL INFO Connected to proxy localRank 0 -> connection 0x7fe1dc006198
c0b58536a5f1:1906493:1907715 [1] NCCL INFO New proxy send connection 39 from local rank 0, transport 0
c0b58536a5f1:1906493:1907715 [1] NCCL INFO proxyProgressAsync opId=0x7fe1d0096330 op.type=1 op.reqBuff=0x7fb8b4038730 op.respSize=16 done
c0b58536a5f1:1906493:1907715 [1] NCCL INFO Received and initiated operation=Init res=0
c0b58536a5f1:1906493:1907714 [1] NCCL INFO ncclPollProxyResponse Received new opId=0x2df1198d2c79945f
c0b58536a5f1:1906493:1907714 [1] NCCL INFO resp.opId=0x2df1198d2c79945f matches expected opId=0x2df1198d2c79945f
c0b58536a5f1:1906493:1907714 [1] NCCL INFO UDS converted handle 0x7fe1dc024b30 to fd 170 on remote peer 0
c0b58536a5f1:1906493:1907715 [1] NCCL INFO UDS proxyGetFd received handle 0x7fb8b40255b0 peer 0 opId 43f28fe35e605ad8
c0b58536a5f1:1906493:1907714 [1] NCCL INFO Imported shareable buffer device 1 size 6291456 ptr 0x436600000
c0b58536a5f1:1906493:1907714 [1] NCCL INFO ncclPollProxyResponse Received new opId=0x7fb8c0096330
c0b58536a5f1:1906493:1907714 [1] NCCL INFO resp.opId=0x7fb8c0096330 matches expected opId=0x7fb8c0096330
c0b58536a5f1:1906493:1907715 [1] NCCL INFO proxyProgressAsync opId=0x43f28fe35e605ad8 op.type=9 op.reqBuff=0x7fb8b4037050 op.respSize=0 done
c0b58536a5f1:1906493:1907714 [1] NCCL INFO Connected to proxy localRank 0 -> connection 0x7fe1dc006210
c0b58536a5f1:1906493:1907715 [1] NCCL INFO Received and initiated operation=GetFd res=0
c0b58536a5f1:1906493:1907715 [1] NCCL INFO New proxy send connection 40 from local rank 0, transport 0
c0b58536a5f1:1906493:1907715 [1] NCCL INFO proxyProgressAsync opId=0x7fe1d0096330 op.type=1 op.reqBuff=0x7fb8b4037050 op.respSize=16 done
c0b58536a5f1:1906493:1907715 [1] NCCL INFO Received and initiated operation=Init res=0
c0b58536a5f1:1906493:1907714 [1] NCCL INFO ncclPollProxyResponse Received new opId=0x12e223a41674c1d8
c0b58536a5f1:1906493:1907714 [1] NCCL INFO resp.opId=0x12e223a41674c1d8 matches expected opId=0x12e223a41674c1d8
c0b58536a5f1:1906493:1907714 [1] NCCL INFO UDS converted handle 0x7fe1dc00e9c0 to fd 170 on remote peer 0
c0b58536a5f1:1906493:1907715 [1] NCCL INFO UDS proxyGetFd received handle 0x7fb8b400f120 peer 0 opId 29957e1c20ff971f
c0b58536a5f1:1906493:1907715 [1] NCCL INFO proxyProgressAsync opId=0x29957e1c20ff971f op.type=9 op.reqBuff=0x7fb8b4038730 op.respSize=0 done
c0b58536a5f1:1906493:1907715 [1] NCCL INFO Received and initiated operation=GetFd res=0
c0b58536a5f1:1906493:1907714 [1] NCCL INFO Imported shareable buffer device 1 size 6291456 ptr 0x436c00000
c0b58536a5f1:1906493:1907714 [1] NCCL INFO ncclPollProxyResponse Received new opId=0x7fb8c0096330
c0b58536a5f1:1906493:1907714 [1] NCCL INFO resp.opId=0x7fb8c0096330 matches expected opId=0x7fb8c0096330
c0b58536a5f1:1906493:1907714 [1] NCCL INFO Connected to proxy localRank 0 -> connection 0x7fe1dc006288
c0b58536a5f1:1906493:1907714 [1] NCCL INFO ncclPollProxyResponse Received new opId=0x1c71bd8e6fc885ac
c0b58536a5f1:1906493:1907714 [1] NCCL INFO resp.opId=0x1c71bd8e6fc885ac matches expected opId=0x1c71bd8e6fc885ac
c0b58536a5f1:1906493:1907714 [1] NCCL INFO UDS converted handle 0x7fe1dc026210 to fd 170 on remote peer 0
c0b58536a5f1:1906493:1907715 [1] NCCL INFO New proxy send connection 41 from local rank 0, transport 0
c0b58536a5f1:1906493:1907715 [1] NCCL INFO proxyProgressAsync opId=0x7fe1d0096330 op.type=1 op.reqBuff=0x7fb8b4038730 op.respSize=16 done
c0b58536a5f1:1906493:1907715 [1] NCCL INFO Received and initiated operation=Init res=0
c0b58536a5f1:1906493:1907715 [1] NCCL INFO UDS proxyGetFd received handle 0x7fb8b4026c90 peer 0 opId 64510c1368be3443
c0b58536a5f1:1906493:1907714 [1] NCCL INFO Imported shareable buffer device 1 size 6291456 ptr 0x437200000
c0b58536a5f1:1906493:1907714 [1] NCCL INFO ncclPollProxyResponse Received new opId=0x7fb8c0096330
c0b58536a5f1:1906493:1907714 [1] NCCL INFO resp.opId=0x7fb8c0096330 matches expected opId=0x7fb8c0096330
c0b58536a5f1:1906493:1907714 [1] NCCL INFO Connected to proxy localRank 0 -> connection 0x7fe1dc006300
c0b58536a5f1:1906493:1907715 [1] NCCL INFO proxyProgressAsync opId=0x64510c1368be3443 op.type=9 op.reqBuff=0x7fb8b4037050 op.respSize=0 done
c0b58536a5f1:1906493:1907715 [1] NCCL INFO Received and initiated operation=GetFd res=0
c0b58536a5f1:1906493:1907714 [1] NCCL INFO ncclPollProxyResponse Received new opId=0xe6977c56ace24ab
c0b58536a5f1:1906493:1907714 [1] NCCL INFO resp.opId=0xe6977c56ace24ab matches expected opId=0xe6977c56ace24ab
c0b58536a5f1:1906493:1907714 [1] NCCL INFO UDS converted handle 0x7fe1dc010040 to fd 169 on remote peer 0
c0b58536a5f1:1906493:1907715 [1] NCCL INFO New proxy send connection 42 from local rank 0, transport 0
c0b58536a5f1:1906493:1907715 [1] NCCL INFO proxyProgressAsync opId=0x7fe1d0096330 op.type=1 op.reqBuff=0x7fb8b4037050 op.respSize=16 done
c0b58536a5f1:1906493:1907715 [1] NCCL INFO Received and initiated operation=Init res=0
c0b58536a5f1:1906493:1907715 [1] NCCL INFO UDS proxyGetFd received handle 0x7fb8b4010840 peer 0 opId 2d649bee0ba5ca1c
c0b58536a5f1:1906493:1907714 [1] NCCL INFO Imported shareable buffer device 1 size 6291456 ptr 0x437800000
c0b58536a5f1:1906493:1907714 [1] NCCL INFO ncclPollProxyResponse Received new opId=0x7fb8c0096330
c0b58536a5f1:1906493:1907714 [1] NCCL INFO resp.opId=0x7fb8c0096330 matches expected opId=0x7fb8c0096330
c0b58536a5f1:1906493:1907714 [1] NCCL INFO Connected to proxy localRank 0 -> connection 0x7fe1dc006378
c0b58536a5f1:1906493:1907715 [1] NCCL INFO proxyProgressAsync opId=0x2d649bee0ba5ca1c op.type=9 op.reqBuff=0x7fb8b4038730 op.respSize=0 done
c0b58536a5f1:1906493:1907715 [1] NCCL INFO Received and initiated operation=GetFd res=0
c0b58536a5f1:1906493:1907714 [1] NCCL INFO ncclPollProxyResponse Received new opId=0x171c95014de8df79
c0b58536a5f1:1906493:1907714 [1] NCCL INFO resp.opId=0x171c95014de8df79 matches expected opId=0x171c95014de8df79
c0b58536a5f1:1906493:1907714 [1] NCCL INFO UDS converted handle 0x7fe1dc027d40 to fd 170 on remote peer 0
c0b58536a5f1:1906493:1907715 [1] NCCL INFO New proxy send connection 43 from local rank 0, transport 0
c0b58536a5f1:1906493:1907715 [1] NCCL INFO proxyProgressAsync opId=0x7fe1d0096330 op.type=1 op.reqBuff=0x7fb8b4038730 op.respSize=16 done
c0b58536a5f1:1906493:1907715 [1] NCCL INFO Received and initiated operation=Init res=0
c0b58536a5f1:1906493:1907715 [1] NCCL INFO UDS proxyGetFd received handle 0x7fb8b4028370 peer 0 opId 1c4162ed34b2d54d
c0b58536a5f1:1906493:1907715 [1] NCCL INFO proxyProgressAsync opId=0x1c4162ed34b2d54d op.type=9 op.reqBuff=0x7fb8b4037050 op.respSize=0 done
c0b58536a5f1:1906493:1907715 [1] NCCL INFO Received and initiated operation=GetFd res=0
c0b58536a5f1:1906493:1907714 [1] NCCL INFO Imported shareable buffer device 1 size 6291456 ptr 0x438000000
c0b58536a5f1:1906493:1907714 [1] NCCL INFO ncclPollProxyResponse Received new opId=0x7fb8c0096330
c0b58536a5f1:1906493:1907714 [1] NCCL INFO resp.opId=0x7fb8c0096330 matches expected opId=0x7fb8c0096330
c0b58536a5f1:1906493:1907714 [1] NCCL INFO Connected to proxy localRank 0 -> connection 0x7fe1dc0063f0
c0b58536a5f1:1906493:1907715 [1] NCCL INFO New proxy send connection 44 from local rank 0, transport 0
c0b58536a5f1:1906493:1907715 [1] NCCL INFO proxyProgressAsync opId=0x7fe1d0096330 op.type=1 op.reqBuff=0x7fb8b4037050 op.respSize=16 done
c0b58536a5f1:1906493:1907715 [1] NCCL INFO Received and initiated operation=Init res=0
c0b58536a5f1:1906493:1907714 [1] NCCL INFO ncclPollProxyResponse Received new opId=0x342f5f485545e81a
c0b58536a5f1:1906493:1907714 [1] NCCL INFO resp.opId=0x342f5f485545e81a matches expected opId=0x342f5f485545e81a
c0b58536a5f1:1906493:1907714 [1] NCCL INFO UDS converted handle 0x7fe1dc011930 to fd 170 on remote peer 0
c0b58536a5f1:1906493:1907715 [1] NCCL INFO UDS proxyGetFd received handle 0x7fb8b4011f60 peer 0 opId 764e1107726add40
c0b58536a5f1:1906493:1907715 [1] NCCL INFO proxyProgressAsync opId=0x764e1107726add40 op.type=9 op.reqBuff=0x7fb8b4038730 op.respSize=0 done
c0b58536a5f1:1906493:1907715 [1] NCCL INFO Received and initiated operation=GetFd res=0
c0b58536a5f1:1906493:1907714 [1] NCCL INFO Imported shareable buffer device 1 size 6291456 ptr 0x438600000
c0b58536a5f1:1906493:1907714 [1] NCCL INFO ncclPollProxyResponse Received new opId=0x7fb8c0096330
c0b58536a5f1:1906493:1907714 [1] NCCL INFO resp.opId=0x7fb8c0096330 matches expected opId=0x7fb8c0096330
c0b58536a5f1:1906493:1907714 [1] NCCL INFO Connected to proxy localRank 0 -> connection 0x7fe1dc006468
c0b58536a5f1:1906493:1907715 [1] NCCL INFO New proxy send connection 45 from local rank 0, transport 0
c0b58536a5f1:1906493:1907715 [1] NCCL INFO proxyProgressAsync opId=0x7fe1d0096330 op.type=1 op.reqBuff=0x7fb8b4038730 op.respSize=16 done
c0b58536a5f1:1906493:1907715 [1] NCCL INFO Received and initiated operation=Init res=0
c0b58536a5f1:1906493:1907714 [1] NCCL INFO ncclPollProxyResponse Received new opId=0x1cd9ec72480a6e75
c0b58536a5f1:1906493:1907714 [1] NCCL INFO resp.opId=0x1cd9ec72480a6e75 matches expected opId=0x1cd9ec72480a6e75
c0b58536a5f1:1906493:1907714 [1] NCCL INFO UDS converted handle 0x7fe1dc029420 to fd 170 on remote peer 0
c0b58536a5f1:1906493:1907715 [1] NCCL INFO UDS proxyGetFd received handle 0x7fb8b4029a50 peer 0 opId 31538593263be1e8
c0b58536a5f1:1906493:1907714 [1] NCCL INFO Imported shareable buffer device 1 size 6291456 ptr 0x438c00000
c0b58536a5f1:1906493:1907714 [1] NCCL INFO ncclPollProxyResponse Received new opId=0x7fb8c0096330
c0b58536a5f1:1906493:1907714 [1] NCCL INFO resp.opId=0x7fb8c0096330 matches expected opId=0x7fb8c0096330
c0b58536a5f1:1906493:1907714 [1] NCCL INFO Connected to proxy localRank 0 -> connection 0x7fe1dc0064e0
c0b58536a5f1:1906493:1907715 [1] NCCL INFO proxyProgressAsync opId=0x31538593263be1e8 op.type=9 op.reqBuff=0x7fb8b4037050 op.respSize=0 done
c0b58536a5f1:1906493:1907715 [1] NCCL INFO Received and initiated operation=GetFd res=0
c0b58536a5f1:1906493:1907714 [1] NCCL INFO ncclPollProxyResponse Received new opId=0x555f1863225b493e
c0b58536a5f1:1906493:1907714 [1] NCCL INFO resp.opId=0x555f1863225b493e matches expected opId=0x555f1863225b493e
c0b58536a5f1:1906493:1907714 [1] NCCL INFO UDS converted handle 0x7fe1dc013010 to fd 170 on remote peer 0
c0b58536a5f1:1906493:1907715 [1] NCCL INFO New proxy send connection 46 from local rank 0, transport 0
c0b58536a5f1:1906493:1907715 [1] NCCL INFO proxyProgressAsync opId=0x7fe1d0096330 op.type=1 op.reqBuff=0x7fb8b4037050 op.respSize=16 done
c0b58536a5f1:1906493:1907715 [1] NCCL INFO Received and initiated operation=Init res=0
c0b58536a5f1:1906493:1907715 [1] NCCL INFO UDS proxyGetFd received handle 0x7fb8b4013640 peer 0 opId 657a9a4479f239b2
c0b58536a5f1:1906493:1907714 [1] NCCL INFO Imported shareable buffer device 1 size 6291456 ptr 0x439200000
c0b58536a5f1:1906493:1907714 [1] NCCL INFO ncclPollProxyResponse Received new opId=0x7fb8c0096330
c0b58536a5f1:1906493:1907714 [1] NCCL INFO resp.opId=0x7fb8c0096330 matches expected opId=0x7fb8c0096330
c0b58536a5f1:1906493:1907714 [1] NCCL INFO Connected to proxy localRank 0 -> connection 0x7fe1dc006558
c0b58536a5f1:1906493:1907715 [1] NCCL INFO proxyProgressAsync opId=0x657a9a4479f239b2 op.type=9 op.reqBuff=0x7fb8b4038730 op.respSize=0 done
c0b58536a5f1:1906493:1907715 [1] NCCL INFO Received and initiated operation=GetFd res=0
c0b58536a5f1:1906493:1907714 [1] NCCL INFO ncclPollProxyResponse Received new opId=0x565cee373540a936
c0b58536a5f1:1906493:1907714 [1] NCCL INFO resp.opId=0x565cee373540a936 matches expected opId=0x565cee373540a936
c0b58536a5f1:1906493:1907714 [1] NCCL INFO UDS converted handle 0x7fe1dc02ab00 to fd 170 on remote peer 0
c0b58536a5f1:1906493:1907715 [1] NCCL INFO New proxy send connection 47 from local rank 0, transport 0
c0b58536a5f1:1906493:1907715 [1] NCCL INFO proxyProgressAsync opId=0x7fe1d0096330 op.type=1 op.reqBuff=0x7fb8b4038730 op.respSize=16 done
c0b58536a5f1:1906493:1907715 [1] NCCL INFO Received and initiated operation=Init res=0
c0b58536a5f1:1906493:1907715 [1] NCCL INFO UDS proxyGetFd received handle 0x7fb8b402b130 peer 0 opId 799a39644cdc5191
c0b58536a5f1:1906493:1907714 [1] NCCL INFO Imported shareable buffer device 1 size 6291456 ptr 0x439800000
c0b58536a5f1:1906493:1907714 [1] NCCL INFO ncclPollProxyResponse Received new opId=0x7fb8c0096330
c0b58536a5f1:1906493:1907714 [1] NCCL INFO resp.opId=0x7fb8c0096330 matches expected opId=0x7fb8c0096330
c0b58536a5f1:1906493:1907714 [1] NCCL INFO Connected to proxy localRank 0 -> connection 0x7fe1dc0065d0
c0b58536a5f1:1906493:1907715 [1] NCCL INFO proxyProgressAsync opId=0x799a39644cdc5191 op.type=9 op.reqBuff=0x7fb8b4037050 op.respSize=0 done
c0b58536a5f1:1906493:1907715 [1] NCCL INFO Received and initiated operation=GetFd res=0
c0b58536a5f1:1906493:1907714 [1] NCCL INFO ncclPollProxyResponse Received new opId=0x25ca9e08644356fb
c0b58536a5f1:1906493:1907714 [1] NCCL INFO resp.opId=0x25ca9e08644356fb matches expected opId=0x25ca9e08644356fb
c0b58536a5f1:1906493:1907714 [1] NCCL INFO UDS converted handle 0x7fe1dc0146f0 to fd 170 on remote peer 0
c0b58536a5f1:1906493:1907715 [1] NCCL INFO New proxy send connection 48 from local rank 0, transport 0
c0b58536a5f1:1906493:1907715 [1] NCCL INFO proxyProgressAsync opId=0x7fe1d0096330 op.type=1 op.reqBuff=0x7fb8b4037050 op.respSize=16 done
c0b58536a5f1:1906493:1907715 [1] NCCL INFO Received and initiated operation=Init res=0
c0b58536a5f1:1906493:1907715 [1] NCCL INFO UDS proxyGetFd received handle 0x7fb8b4014d20 peer 0 opId 3b113a0f5a120797
c0b58536a5f1:1906493:1907715 [1] NCCL INFO proxyProgressAsync opId=0x3b113a0f5a120797 op.type=9 op.reqBuff=0x7fb8b4038730 op.respSize=0 done
c0b58536a5f1:1906493:1907715 [1] NCCL INFO Received and initiated operation=GetFd res=0
c0b58536a5f1:1906493:1907714 [1] NCCL INFO Imported shareable buffer device 1 size 6291456 ptr 0x43a000000
c0b58536a5f1:1906493:1907714 [1] NCCL INFO ncclPollProxyResponse Received new opId=0x7fb8c0096330
c0b58536a5f1:1906493:1907714 [1] NCCL INFO resp.opId=0x7fb8c0096330 matches expected opId=0x7fb8c0096330
c0b58536a5f1:1906493:1907714 [1] NCCL INFO Connected to proxy localRank 0 -> connection 0x7fe1dc006648
c0b58536a5f1:1906493:1907715 [1] NCCL INFO New proxy send connection 49 from local rank 0, transport 0
c0b58536a5f1:1906493:1907715 [1] NCCL INFO proxyProgressAsync opId=0x7fe1d0096330 op.type=1 op.reqBuff=0x7fb8b4038730 op.respSize=16 done
c0b58536a5f1:1906493:1907715 [1] NCCL INFO Received and initiated operation=Init res=0
c0b58536a5f1:1906493:1907714 [1] NCCL INFO ncclPollProxyResponse Received new opId=0x1e5590554a5a6f10
c0b58536a5f1:1906493:1907714 [1] NCCL INFO resp.opId=0x1e5590554a5a6f10 matches expected opId=0x1e5590554a5a6f10
c0b58536a5f1:1906493:1907714 [1] NCCL INFO UDS converted handle 0x7fe1dc02c1e0 to fd 170 on remote peer 0
c0b58536a5f1:1906493:1907715 [1] NCCL INFO UDS proxyGetFd received handle 0x7fb8b402cc60 peer 0 opId 4c2fb95d32a9f9a8
c0b58536a5f1:1906493:1907714 [1] NCCL INFO Imported shareable buffer device 1 size 6291456 ptr 0x43a600000
c0b58536a5f1:1906493:1907714 [1] NCCL INFO ncclPollProxyResponse Received new opId=0x7fb8c0096330
c0b58536a5f1:1906493:1907714 [1] NCCL INFO resp.opId=0x7fb8c0096330 matches expected opId=0x7fb8c0096330
c0b58536a5f1:1906493:1907715 [1] NCCL INFO proxyProgressAsync opId=0x4c2fb95d32a9f9a8 op.type=9 op.reqBuff=0x7fb8b4037050 op.respSize=0 done
c0b58536a5f1:1906493:1907715 [1] NCCL INFO Received and initiated operation=GetFd res=0
c0b58536a5f1:1906493:1907714 [1] NCCL INFO Connected to proxy localRank 0 -> connection 0x7fe1dc0066c0
c0b58536a5f1:1906493:1907715 [1] NCCL INFO New proxy send connection 50 from local rank 0, transport 0
c0b58536a5f1:1906493:1907715 [1] NCCL INFO proxyProgressAsync opId=0x7fe1d0096330 op.type=1 op.reqBuff=0x7fb8b4037050 op.respSize=16 done
c0b58536a5f1:1906493:1907715 [1] NCCL INFO Received and initiated operation=Init res=0
c0b58536a5f1:1906493:1907714 [1] NCCL INFO ncclPollProxyResponse Received new opId=0x167f328b6c48214f
c0b58536a5f1:1906493:1907714 [1] NCCL INFO resp.opId=0x167f328b6c48214f matches expected opId=0x167f328b6c48214f
c0b58536a5f1:1906493:1907715 [1] NCCL INFO UDS proxyGetFd received handle 0x7fb8b4016850 peer 0 opId 3ed85cfe4554cc1b
c0b58536a5f1:1906493:1907714 [1] NCCL INFO UDS converted handle 0x7fe1dc015dd0 to fd 170 on remote peer 0
c0b58536a5f1:1906493:1907715 [1] NCCL INFO proxyProgressAsync opId=0x3ed85cfe4554cc1b op.type=9 op.reqBuff=0x7fb8b4038730 op.respSize=0 done
c0b58536a5f1:1906493:1907715 [1] NCCL INFO Received and initiated operation=GetFd res=0
c0b58536a5f1:1906493:1907714 [1] NCCL INFO Imported shareable buffer device 1 size 6291456 ptr 0x43ac00000
c0b58536a5f1:1906493:1907714 [1] NCCL INFO ncclPollProxyResponse Received new opId=0x7fb8c0096330
c0b58536a5f1:1906493:1907714 [1] NCCL INFO resp.opId=0x7fb8c0096330 matches expected opId=0x7fb8c0096330
c0b58536a5f1:1906493:1907714 [1] NCCL INFO Connected to proxy localRank 0 -> connection 0x7fe1dc006738
c0b58536a5f1:1906493:1907714 [1] NCCL INFO ncclPollProxyResponse Received new opId=0x4df3a3407f8fac8f
c0b58536a5f1:1906493:1907714 [1] NCCL INFO resp.opId=0x4df3a3407f8fac8f matches expected opId=0x4df3a3407f8fac8f
c0b58536a5f1:1906493:1907714 [1] NCCL INFO UDS converted handle 0x7fe1dc02d8c0 to fd 170 on remote peer 0
c0b58536a5f1:1906493:1907715 [1] NCCL INFO New proxy send connection 51 from local rank 0, transport 0
c0b58536a5f1:1906493:1907715 [1] NCCL INFO proxyProgressAsync opId=0x7fe1d0096330 op.type=1 op.reqBuff=0x7fb8b4038730 op.respSize=16 done
c0b58536a5f1:1906493:1907715 [1] NCCL INFO Received and initiated operation=Init res=0
c0b58536a5f1:1906493:1907715 [1] NCCL INFO UDS proxyGetFd received handle 0x7fb8b402e340 peer 0 opId 729dc074517029fb
c0b58536a5f1:1906493:1907714 [1] NCCL INFO Imported shareable buffer device 1 size 6291456 ptr 0x43b200000
c0b58536a5f1:1906493:1907714 [1] NCCL INFO ncclPollProxyResponse Received new opId=0x7fb8c0096330
c0b58536a5f1:1906493:1907714 [1] NCCL INFO resp.opId=0x7fb8c0096330 matches expected opId=0x7fb8c0096330
c0b58536a5f1:1906493:1907714 [1] NCCL INFO Connected to proxy localRank 0 -> connection 0x7fe1dc0067b0
c0b58536a5f1:1906493:1907715 [1] NCCL INFO proxyProgressAsync opId=0x729dc074517029fb op.type=9 op.reqBuff=0x7fb8b4037050 op.respSize=0 done
c0b58536a5f1:1906493:1907715 [1] NCCL INFO Received and initiated operation=GetFd res=0
c0b58536a5f1:1906493:1907714 [1] NCCL INFO ncclPollProxyResponse Received new opId=0xe33c0e255dc1f82
c0b58536a5f1:1906493:1907714 [1] NCCL INFO resp.opId=0xe33c0e255dc1f82 matches expected opId=0xe33c0e255dc1f82
c0b58536a5f1:1906493:1907714 [1] NCCL INFO UDS converted handle 0x7fe1dc0174b0 to fd 169 on remote peer 0
c0b58536a5f1:1906493:1907715 [1] NCCL INFO New proxy send connection 52 from local rank 0, transport 0
c0b58536a5f1:1906493:1907715 [1] NCCL INFO proxyProgressAsync opId=0x7fe1d0096330 op.type=1 op.reqBuff=0x7fb8b4037050 op.respSize=16 done
c0b58536a5f1:1906493:1907715 [1] NCCL INFO Received and initiated operation=Init res=0
c0b58536a5f1:1906493:1907715 [1] NCCL INFO UDS proxyGetFd received handle 0x7fb8b4017f30 peer 0 opId 17e254cf5b1b19b0
c0b58536a5f1:1906493:1907714 [1] NCCL INFO Imported shareable buffer device 1 size 6291456 ptr 0x43b800000
c0b58536a5f1:1906493:1907714 [1] NCCL INFO ncclPollProxyResponse Received new opId=0x7fb8c0096330
c0b58536a5f1:1906493:1907714 [1] NCCL INFO resp.opId=0x7fb8c0096330 matches expected opId=0x7fb8c0096330
c0b58536a5f1:1906493:1907714 [1] NCCL INFO Connected to proxy localRank 0 -> connection 0x7fe1dc006828
c0b58536a5f1:1906493:1907715 [1] NCCL INFO proxyProgressAsync opId=0x17e254cf5b1b19b0 op.type=9 op.reqBuff=0x7fb8b4038730 op.respSize=0 done
c0b58536a5f1:1906493:1907715 [1] NCCL INFO Received and initiated operation=GetFd res=0
c0b58536a5f1:1906493:1907714 [1] NCCL INFO ncclPollProxyResponse Received new opId=0x74e7b7f602d0496c
c0b58536a5f1:1906493:1907714 [1] NCCL INFO resp.opId=0x74e7b7f602d0496c matches expected opId=0x74e7b7f602d0496c
c0b58536a5f1:1906493:1907714 [1] NCCL INFO UDS converted handle 0x7fe1dc02f3f0 to fd 170 on remote peer 0
c0b58536a5f1:1906493:1907715 [1] NCCL INFO New proxy send connection 53 from local rank 0, transport 0
c0b58536a5f1:1906493:1907715 [1] NCCL INFO proxyProgressAsync opId=0x7fe1d0096330 op.type=1 op.reqBuff=0x7fb8b4038730 op.respSize=16 done
c0b58536a5f1:1906493:1907715 [1] NCCL INFO Received and initiated operation=Init res=0
c0b58536a5f1:1906493:1907715 [1] NCCL INFO UDS proxyGetFd received handle 0x7fb8b402fa20 peer 0 opId 1a97ab0d00234329
c0b58536a5f1:1906493:1907715 [1] NCCL INFO proxyProgressAsync opId=0x1a97ab0d00234329 op.type=9 op.reqBuff=0x7fb8b4037050 op.respSize=0 done
c0b58536a5f1:1906493:1907715 [1] NCCL INFO Received and initiated operation=GetFd res=0
c0b58536a5f1:1906493:1907714 [1] NCCL INFO Imported shareable buffer device 1 size 6291456 ptr 0x43c000000
c0b58536a5f1:1906493:1907714 [1] NCCL INFO ncclPollProxyResponse Received new opId=0x7fb8c0096330
c0b58536a5f1:1906493:1907714 [1] NCCL INFO resp.opId=0x7fb8c0096330 matches expected opId=0x7fb8c0096330
c0b58536a5f1:1906493:1907714 [1] NCCL INFO Connected to proxy localRank 0 -> connection 0x7fe1dc0068a0
c0b58536a5f1:1906493:1907715 [1] NCCL INFO New proxy send connection 54 from local rank 0, transport 0
c0b58536a5f1:1906493:1907715 [1] NCCL INFO proxyProgressAsync opId=0x7fe1d0096330 op.type=1 op.reqBuff=0x7fb8b4037050 op.respSize=16 done
c0b58536a5f1:1906493:1907715 [1] NCCL INFO Received and initiated operation=Init res=0
c0b58536a5f1:1906493:1907714 [1] NCCL INFO ncclPollProxyResponse Received new opId=0x50e2001322d8d183
c0b58536a5f1:1906493:1907714 [1] NCCL INFO resp.opId=0x50e2001322d8d183 matches expected opId=0x50e2001322d8d183
c0b58536a5f1:1906493:1907714 [1] NCCL INFO UDS converted handle 0x7fe1dc018fe0 to fd 170 on remote peer 0
c0b58536a5f1:1906493:1907715 [1] NCCL INFO UDS proxyGetFd received handle 0x7fb8b4019610 peer 0 opId 4cf9c68f5e8a3af0
c0b58536a5f1:1906493:1907714 [1] NCCL INFO Imported shareable buffer device 1 size 6291456 ptr 0x43c600000
c0b58536a5f1:1906493:1907714 [1] NCCL INFO ncclPollProxyResponse Received new opId=0x7fb8c0096330
c0b58536a5f1:1906493:1907714 [1] NCCL INFO resp.opId=0x7fb8c0096330 matches expected opId=0x7fb8c0096330
c0b58536a5f1:1906493:1907715 [1] NCCL INFO proxyProgressAsync opId=0x4cf9c68f5e8a3af0 op.type=9 op.reqBuff=0x7fb8b4038730 op.respSize=0 done
c0b58536a5f1:1906493:1907714 [1] NCCL INFO Connected to proxy localRank 0 -> connection 0x7fe1dc006918
c0b58536a5f1:1906493:1907715 [1] NCCL INFO Received and initiated operation=GetFd res=0
c0b58536a5f1:1906493:1907714 [1] NCCL INFO ncclPollProxyResponse Received new opId=0x2f49ddcb63c423b7
c0b58536a5f1:1906493:1907714 [1] NCCL INFO resp.opId=0x2f49ddcb63c423b7 matches expected opId=0x2f49ddcb63c423b7
c0b58536a5f1:1906493:1907714 [1] NCCL INFO UDS converted handle 0x7fe1dc030ad0 to fd 170 on remote peer 0
c0b58536a5f1:1906493:1907715 [1] NCCL INFO New proxy send connection 55 from local rank 0, transport 0
c0b58536a5f1:1906493:1907715 [1] NCCL INFO proxyProgressAsync opId=0x7fe1d0096330 op.type=1 op.reqBuff=0x7fb8b4038730 op.respSize=16 done
c0b58536a5f1:1906493:1907715 [1] NCCL INFO Received and initiated operation=Init res=0
c0b58536a5f1:1906493:1907715 [1] NCCL INFO UDS proxyGetFd received handle 0x7fb8b4031100 peer 0 opId 5e839e01768f44ab
c0b58536a5f1:1906493:1907714 [1] NCCL INFO Imported shareable buffer device 1 size 6291456 ptr 0x43cc00000
c0b58536a5f1:1906493:1907714 [1] NCCL INFO ncclPollProxyResponse Received new opId=0x7fb8c0096330
c0b58536a5f1:1906493:1907714 [1] NCCL INFO resp.opId=0x7fb8c0096330 matches expected opId=0x7fb8c0096330
c0b58536a5f1:1906493:1907714 [1] NCCL INFO Connected to proxy localRank 0 -> connection 0x7fe1dc006990
c0b58536a5f1:1906493:1907715 [1] NCCL INFO proxyProgressAsync opId=0x5e839e01768f44ab op.type=9 op.reqBuff=0x7fb8b4037050 op.respSize=0 done
c0b58536a5f1:1906493:1907715 [1] NCCL INFO Received and initiated operation=GetFd res=0
c0b58536a5f1:1906493:1907714 [1] NCCL INFO ncclPollProxyResponse Received new opId=0x394d935b4bbb9b59
c0b58536a5f1:1906493:1907714 [1] NCCL INFO resp.opId=0x394d935b4bbb9b59 matches expected opId=0x394d935b4bbb9b59
c0b58536a5f1:1906493:1907714 [1] NCCL INFO UDS converted handle 0x7fe1dc01a6c0 to fd 170 on remote peer 0
c0b58536a5f1:1906493:1907715 [1] NCCL INFO New proxy send connection 56 from local rank 0, transport 0
c0b58536a5f1:1906493:1907715 [1] NCCL INFO proxyProgressAsync opId=0x7fe1d0096330 op.type=1 op.reqBuff=0x7fb8b4037050 op.respSize=16 done
c0b58536a5f1:1906493:1907715 [1] NCCL INFO Received and initiated operation=Init res=0
c0b58536a5f1:1906493:1907715 [1] NCCL INFO UDS proxyGetFd received handle 0x7fb8b401acf0 peer 0 opId 7f89d21042d4aa14
c0b58536a5f1:1906493:1907714 [1] NCCL INFO Imported shareable buffer device 1 size 6291456 ptr 0x43d200000
c0b58536a5f1:1906493:1907714 [1] NCCL INFO ncclPollProxyResponse Received new opId=0x7fb8c0096330
c0b58536a5f1:1906493:1907714 [1] NCCL INFO resp.opId=0x7fb8c0096330 matches expected opId=0x7fb8c0096330
c0b58536a5f1:1906493:1907714 [1] NCCL INFO Connected to proxy localRank 0 -> connection 0x7fe1dc006a08
c0b58536a5f1:1906493:1907715 [1] NCCL INFO proxyProgressAsync opId=0x7f89d21042d4aa14 op.type=9 op.reqBuff=0x7fb8b4038730 op.respSize=0 done
c0b58536a5f1:1906493:1907715 [1] NCCL INFO Received and initiated operation=GetFd res=0
c0b58536a5f1:1906493:1907714 [1] NCCL INFO ncclPollProxyResponse Received new opId=0x538ca96447b70b20
c0b58536a5f1:1906493:1907714 [1] NCCL INFO resp.opId=0x538ca96447b70b20 matches expected opId=0x538ca96447b70b20
c0b58536a5f1:1906493:1907714 [1] NCCL INFO UDS converted handle 0x7fe1dc0321b0 to fd 170 on remote peer 0
c0b58536a5f1:1906493:1907715 [1] NCCL INFO New proxy send connection 57 from local rank 0, transport 0
c0b58536a5f1:1906493:1907715 [1] NCCL INFO proxyProgressAsync opId=0x7fe1d0096330 op.type=1 op.reqBuff=0x7fb8b4038730 op.respSize=16 done
c0b58536a5f1:1906493:1907715 [1] NCCL INFO Received and initiated operation=Init res=0
c0b58536a5f1:1906493:1907715 [1] NCCL INFO UDS proxyGetFd received handle 0x7fb8b40327e0 peer 0 opId 5f4d78ee2cee6dfe
c0b58536a5f1:1906493:1907714 [1] NCCL INFO Imported shareable buffer device 1 size 6291456 ptr 0x43d800000
c0b58536a5f1:1906493:1907714 [1] NCCL INFO ncclPollProxyResponse Received new opId=0x7fb8c0096330
c0b58536a5f1:1906493:1907714 [1] NCCL INFO resp.opId=0x7fb8c0096330 matches expected opId=0x7fb8c0096330
c0b58536a5f1:1906493:1907714 [1] NCCL INFO Connected to proxy localRank 0 -> connection 0x7fe1dc006a80
c0b58536a5f1:1906493:1907715 [1] NCCL INFO proxyProgressAsync opId=0x5f4d78ee2cee6dfe op.type=9 op.reqBuff=0x7fb8b4037050 op.respSize=0 done
c0b58536a5f1:1906493:1907715 [1] NCCL INFO Received and initiated operation=GetFd res=0
c0b58536a5f1:1906493:1907714 [1] NCCL INFO ncclPollProxyResponse Received new opId=0x3689c0046aa93e65
c0b58536a5f1:1906493:1907714 [1] NCCL INFO resp.opId=0x3689c0046aa93e65 matches expected opId=0x3689c0046aa93e65
c0b58536a5f1:1906493:1907714 [1] NCCL INFO UDS converted handle 0x7fe1dc01bda0 to fd 170 on remote peer 0
c0b58536a5f1:1906493:1907715 [1] NCCL INFO New proxy send connection 58 from local rank 0, transport 0
c0b58536a5f1:1906493:1907715 [1] NCCL INFO proxyProgressAsync opId=0x7fe1d0096330 op.type=1 op.reqBuff=0x7fb8b4037050 op.respSize=16 done
c0b58536a5f1:1906493:1907715 [1] NCCL INFO Received and initiated operation=Init res=0
c0b58536a5f1:1906493:1907715 [1] NCCL INFO UDS proxyGetFd received handle 0x7fb8b401c3d0 peer 0 opId 4e7a74307b8edbdc
c0b58536a5f1:1906493:1907715 [1] NCCL INFO proxyProgressAsync opId=0x4e7a74307b8edbdc op.type=9 op.reqBuff=0x7fb8b4038730 op.respSize=0 done
c0b58536a5f1:1906493:1907715 [1] NCCL INFO Received and initiated operation=GetFd res=0
c0b58536a5f1:1906493:1907714 [1] NCCL INFO Imported shareable buffer device 1 size 6291456 ptr 0x43e000000
c0b58536a5f1:1906493:1907714 [1] NCCL INFO ncclPollProxyResponse Received new opId=0x7fb8c0096330
c0b58536a5f1:1906493:1907714 [1] NCCL INFO resp.opId=0x7fb8c0096330 matches expected opId=0x7fb8c0096330
c0b58536a5f1:1906493:1907714 [1] NCCL INFO Connected to proxy localRank 0 -> connection 0x7fe1dc006af8
c0b58536a5f1:1906493:1907715 [1] NCCL INFO New proxy send connection 59 from local rank 0, transport 0
c0b58536a5f1:1906493:1907715 [1] NCCL INFO proxyProgressAsync opId=0x7fe1d0096330 op.type=1 op.reqBuff=0x7fb8b4038730 op.respSize=16 done
c0b58536a5f1:1906493:1907715 [1] NCCL INFO Received and initiated operation=Init res=0
c0b58536a5f1:1906493:1907714 [1] NCCL INFO ncclPollProxyResponse Received new opId=0x159fea996ab91f4d
c0b58536a5f1:1906493:1907714 [1] NCCL INFO resp.opId=0x159fea996ab91f4d matches expected opId=0x159fea996ab91f4d
c0b58536a5f1:1906493:1907714 [1] NCCL INFO UDS converted handle 0x7fe1dc033890 to fd 170 on remote peer 0
c0b58536a5f1:1906493:1907715 [1] NCCL INFO UDS proxyGetFd received handle 0x7fb8b4034310 peer 0 opId 61a1434b44c88537
c0b58536a5f1:1906493:1907714 [1] NCCL INFO Imported shareable buffer device 1 size 6291456 ptr 0x43e600000
c0b58536a5f1:1906493:1907714 [1] NCCL INFO ncclPollProxyResponse Received new opId=0x7fb8c0096330
c0b58536a5f1:1906493:1907714 [1] NCCL INFO resp.opId=0x7fb8c0096330 matches expected opId=0x7fb8c0096330
c0b58536a5f1:1906493:1907715 [1] NCCL INFO proxyProgressAsync opId=0x61a1434b44c88537 op.type=9 op.reqBuff=0x7fb8b4037050 op.respSize=0 done
c0b58536a5f1:1906493:1907714 [1] NCCL INFO Connected to proxy localRank 0 -> connection 0x7fe1dc006b70
c0b58536a5f1:1906493:1907715 [1] NCCL INFO Received and initiated operation=GetFd res=0
c0b58536a5f1:1906493:1907715 [1] NCCL INFO New proxy send connection 60 from local rank 0, transport 0
c0b58536a5f1:1906493:1907715 [1] NCCL INFO proxyProgressAsync opId=0x7fe1d0096330 op.type=1 op.reqBuff=0x7fb8b4037050 op.respSize=16 done
c0b58536a5f1:1906493:1907715 [1] NCCL INFO Received and initiated operation=Init res=0
c0b58536a5f1:1906493:1907714 [1] NCCL INFO ncclPollProxyResponse Received new opId=0x3fef267f3279d70b
c0b58536a5f1:1906493:1907714 [1] NCCL INFO resp.opId=0x3fef267f3279d70b matches expected opId=0x3fef267f3279d70b
c0b58536a5f1:1906493:1907714 [1] NCCL INFO UDS converted handle 0x7fe1dc01d480 to fd 170 on remote peer 0
c0b58536a5f1:1906493:1907715 [1] NCCL INFO UDS proxyGetFd received handle 0x7fb8b401df00 peer 0 opId 6df9b91c12f4c8df
c0b58536a5f1:1906493:1907715 [1] NCCL INFO proxyProgressAsync opId=0x6df9b91c12f4c8df op.type=9 op.reqBuff=0x7fb8b4038730 op.respSize=0 done
c0b58536a5f1:1906493:1907715 [1] NCCL INFO Received and initiated operation=GetFd res=0
c0b58536a5f1:1906493:1907714 [1] NCCL INFO Imported shareable buffer device 1 size 6291456 ptr 0x43ec00000
c0b58536a5f1:1906493:1907714 [1] NCCL INFO ncclPollProxyResponse Received new opId=0x7fb8c0096330
c0b58536a5f1:1906493:1907714 [1] NCCL INFO resp.opId=0x7fb8c0096330 matches expected opId=0x7fb8c0096330
c0b58536a5f1:1906493:1907714 [1] NCCL INFO Connected to proxy localRank 0 -> connection 0x7fe1dc006be8
c0b58536a5f1:1906493:1907714 [1] NCCL INFO ncclPollProxyResponse Received new opId=0x32c38dc2154e3ee3
c0b58536a5f1:1906493:1907714 [1] NCCL INFO resp.opId=0x32c38dc2154e3ee3 matches expected opId=0x32c38dc2154e3ee3
c0b58536a5f1:1906493:1907714 [1] NCCL INFO UDS converted handle 0x7fe1dc034f70 to fd 170 on remote peer 0
c0b58536a5f1:1906493:1907715 [1] NCCL INFO New proxy send connection 61 from local rank 0, transport 0
c0b58536a5f1:1906493:1907715 [1] NCCL INFO proxyProgressAsync opId=0x7fe1d0096330 op.type=1 op.reqBuff=0x7fb8b4038730 op.respSize=16 done
c0b58536a5f1:1906493:1907715 [1] NCCL INFO Received and initiated operation=Init res=0
c0b58536a5f1:1906493:1907715 [1] NCCL INFO UDS proxyGetFd received handle 0x7fb8b40359f0 peer 0 opId 6b04671f53745360
c0b58536a5f1:1906493:1907714 [1] NCCL INFO Imported shareable buffer device 1 size 6291456 ptr 0x43f200000
c0b58536a5f1:1906493:1907714 [1] NCCL INFO ncclPollProxyResponse Received new opId=0x7fb8c0096330
c0b58536a5f1:1906493:1907714 [1] NCCL INFO resp.opId=0x7fb8c0096330 matches expected opId=0x7fb8c0096330
c0b58536a5f1:1906493:1907714 [1] NCCL INFO Connected to proxy localRank 0 -> connection 0x7fe1dc006c60
c0b58536a5f1:1906493:1907715 [1] NCCL INFO proxyProgressAsync opId=0x6b04671f53745360 op.type=9 op.reqBuff=0x7fb8b4037050 op.respSize=0 done
c0b58536a5f1:1906493:1907715 [1] NCCL INFO Received and initiated operation=GetFd res=0
c0b58536a5f1:1906493:1907714 [1] NCCL INFO ncclPollProxyResponse Received new opId=0x54d5204909207bfa
c0b58536a5f1:1906493:1907714 [1] NCCL INFO resp.opId=0x54d5204909207bfa matches expected opId=0x54d5204909207bfa
c0b58536a5f1:1906493:1907714 [1] NCCL INFO UDS converted handle 0x7fe1dc01eb60 to fd 169 on remote peer 0
c0b58536a5f1:1906493:1907715 [1] NCCL INFO New proxy send connection 62 from local rank 0, transport 0
c0b58536a5f1:1906493:1907715 [1] NCCL INFO proxyProgressAsync opId=0x7fe1d0096330 op.type=1 op.reqBuff=0x7fb8b4037050 op.respSize=16 done
c0b58536a5f1:1906493:1907715 [1] NCCL INFO Received and initiated operation=Init res=0
c0b58536a5f1:1906493:1907715 [1] NCCL INFO UDS proxyGetFd received handle 0x7fb8b401f5e0 peer 0 opId ce70291649ea083
c0b58536a5f1:1906493:1907714 [1] NCCL INFO Imported shareable buffer device 1 size 6291456 ptr 0x43f800000
c0b58536a5f1:1906493:1907714 [1] NCCL INFO ncclPollProxyResponse Received new opId=0x7fb8c0096330
c0b58536a5f1:1906493:1907714 [1] NCCL INFO resp.opId=0x7fb8c0096330 matches expected opId=0x7fb8c0096330
c0b58536a5f1:1906493:1907714 [1] NCCL INFO Connected to proxy localRank 0 -> connection 0x7fe1dc006cd8
c0b58536a5f1:1906493:1907715 [1] NCCL INFO proxyProgressAsync opId=0xce70291649ea083 op.type=9 op.reqBuff=0x7fb8b4038730 op.respSize=0 done
c0b58536a5f1:1906493:1907715 [1] NCCL INFO Received and initiated operation=GetFd res=0
c0b58536a5f1:1906493:1907714 [1] NCCL INFO ncclPollProxyResponse Received new opId=0x4a8ee8197a9fbe51
c0b58536a5f1:1906493:1907714 [1] NCCL INFO resp.opId=0x4a8ee8197a9fbe51 matches expected opId=0x4a8ee8197a9fbe51
c0b58536a5f1:1906493:1907714 [1] NCCL INFO UDS converted handle 0x7fe1dc036aa0 to fd 170 on remote peer 0
c0b58536a5f1:1906493:1907715 [1] NCCL INFO New proxy send connection 63 from local rank 0, transport 0
c0b58536a5f1:1906493:1907715 [1] NCCL INFO proxyProgressAsync opId=0x7fe1d0096330 op.type=1 op.reqBuff=0x7fb8b4038730 op.respSize=16 done
c0b58536a5f1:1906493:1907715 [1] NCCL INFO Received and initiated operation=Init res=0
c0b58536a5f1:1906493:1907715 [1] NCCL INFO UDS proxyGetFd received handle 0x7fb8b40370d0 peer 0 opId 2050a4f147f83ca1
c0b58536a5f1:1906493:1907715 [1] NCCL INFO proxyProgressAsync opId=0x2050a4f147f83ca1 op.type=9 op.reqBuff=0x7fb8b4037050 op.respSize=0 done
c0b58536a5f1:1906493:1907715 [1] NCCL INFO Received and initiated operation=GetFd res=0
c0b58536a5f1:1906493:1907714 [1] NCCL INFO Imported shareable buffer device 1 size 6291456 ptr 0x440000000
c0b58536a5f1:1906493:1907714 [1] NCCL INFO Connected all rings
c0b58536a5f1:1906493:1907714 [1] NCCL INFO Connected all trees
c0b58536a5f1:1906493:1907714 [1] NCCL INFO threadThresholds 8/8/64 | 16/8/64 | 512 | 512
c0b58536a5f1:1906493:1907714 [1] NCCL INFO 16 coll channels, 0 nvls channels, 16 p2p channels, 16 p2p channels per peer
c0b58536a5f1:1906493:1907715 [1] NCCL INFO Allocated 4194660 bytes of shared memory in /dev/shm/nccl-Ya7CZZ
c0b58536a5f1:1906493:1907715 [1] NCCL INFO New proxy send connection 64 from local rank 1, transport 2
c0b58536a5f1:1906493:1907715 [1] NCCL INFO proxyProgressAsync opId=0x7fb8c0096390 op.type=1 op.reqBuff=0x7fb8b4037050 op.respSize=16 done
c0b58536a5f1:1906493:1907714 [1] NCCL INFO ncclPollProxyResponse Received new opId=0x7fb8c0096390
c0b58536a5f1:1906493:1907715 [1] NCCL INFO Received and initiated operation=Init res=0
c0b58536a5f1:1906493:1907714 [1] NCCL INFO resp.opId=0x7fb8c0096390 matches expected opId=0x7fb8c0096390
c0b58536a5f1:1906493:1907714 [1] NCCL INFO Connected to proxy localRank 1 -> connection 0x7fb8b4006d40
c0b58536a5f1:1906493:1907715 [1] NCCL INFO Allocated shareable buffer 0x442000000 size 134217728 ipcDesc 0x7fb8b4038a98
c0b58536a5f1:1906493:1907715 [1] NCCL INFO proxyProgressAsync opId=0x7fb8c0096390 op.type=2 op.reqBuff=0x7fb8b4038730 op.respSize=0 done
c0b58536a5f1:1906493:1907715 [1] NCCL INFO Received and initiated operation=SharedInit res=0
c0b58536a5f1:1906493:1907714 [1] NCCL INFO ncclPollProxyResponse Received new opId=0x7fb8c0096390
c0b58536a5f1:1906493:1907714 [1] NCCL INFO resp.opId=0x7fb8c0096390 matches expected opId=0x7fb8c0096390
c0b58536a5f1:1906493:1907714 [1] NCCL INFO init.cc:415 Cuda Alloc Size 7744 pointer 0x440600000
c0b58536a5f1:1906493:1907714 [1] NCCL INFO init.cc:441 Cuda Host Alloc Size 33554432 pointer 0x7fb96c000000
c0b58536a5f1:1906493:1907714 [1] NCCL INFO init.cc:447 Cuda Host Alloc Size 128 pointer 0x7fba53400600
c0b58536a5f1:1906493:1907714 [1] NCCL INFO comm 0x55f3f1b8c250 rank 1 nranks 2 cudaDev 1 nvmlDev 1 busId 2d000 commId 0x9f64dc99bf686d69 - Init COMPLETE
c0b58536a5f1:1906493:1906493 [1] NCCL INFO Broadcast: opCount 0 sendbuff 0x7fba533b0000 recvbuff 0x7fba533b0000 count 65536 datatype 0 op 0 root 0 comm 0x55f3f1b8c250 [nranks=2] stream 0x55f3ea296770
c0b58536a5f1:1906493:1906493 [1] NCCL INFO misc/utils.cc:235 memory stack hunk malloc(65536)
c0b58536a5f1:1906493:1906493 [1] NCCL INFO Broadcast: opCount 1 sendbuff 0x7fba533c0000 recvbuff 0x7fba533c0000 count 65536 datatype 0 op 0 root 0 comm 0x55f3f1b8c250 [nranks=2] stream 0x55f3ea296770
c0b58536a5f1:1906493:1906493 [1] NCCL INFO Broadcast: opCount 2 sendbuff 0x7fba533d0000 recvbuff 0x7fba533d0000 count 32768 datatype 0 op 0 root 0 comm 0x55f3f1b8c250 [nranks=2] stream 0x55f3ea296770
c0b58536a5f1:1906493:1906493 [1] NCCL INFO Broadcast: opCount 3 sendbuff 0x7fb978800000 recvbuff 0x7fb978800000 count 8388608 datatype 0 op 0 root 0 comm 0x55f3f1b8c250 [nranks=2] stream 0x55f3ea296770
c0b58536a5f1:1906493:1906493 [1] NCCL INFO Broadcast: opCount 4 sendbuff 0x7fba533d8000 recvbuff 0x7fba533d8000 count 65536 datatype 0 op 0 root 0 comm 0x55f3f1b8c250 [nranks=2] stream 0x55f3ea296770
c0b58536a5f1:1906493:1906493 [1] NCCL INFO AllReduce: opCount 5 sendbuff 0x440800000 recvbuff 0x440800000 count 8388608 datatype 6 op 0 root 0 comm 0x55f3f1b8c250 [nranks=2] stream 0x55f3ea296770
c0b58536a5f1:1906493:1906493 [1] NCCL INFO AllReduce: opCount 6 sendbuff 0x7fb924000000 recvbuff 0x7fb924000000 count 8388608 datatype 6 op 0 root 0 comm 0x55f3f1b8c250 [nranks=2] stream 0x55f3ea296770
c0b58536a5f1:1906493:1906493 [1] NCCL INFO AllReduce: opCount 7 sendbuff 0x7fb925000000 recvbuff 0x7fb925000000 count 8388608 datatype 6 op 0 root 0 comm 0x55f3f1b8c250 [nranks=2] stream 0x55f3ea296770
c0b58536a5f1:1906493:1906493 [1] NCCL INFO AllReduce: opCount 8 sendbuff 0x7fb8a7000000 recvbuff 0x7fb8a7000000 count 8388608 datatype 6 op 0 root 0 comm 0x55f3f1b8c250 [nranks=2] stream 0x55f3ea296770
c0b58536a5f1:1906493:1906493 [1] NCCL INFO AllReduce: opCount 9 sendbuff 0x7fb89a000000 recvbuff 0x7fb89a000000 count 8388608 datatype 6 op 0 root 0 comm 0x55f3f1b8c250 [nranks=2] stream 0x55f3ea296770
c0b58536a5f1:1906493:1906493 [1] NCCL INFO AllReduce: opCount a sendbuff 0x7fb890000000 recvbuff 0x7fb890000000 count 8388608 datatype 6 op 0 root 0 comm 0x55f3f1b8c250 [nranks=2] stream 0x55f3ea296770
c0b58536a5f1:1906493:1906493 [1] NCCL INFO AllReduce: opCount b sendbuff 0x7fb890000000 recvbuff 0x7fb890000000 count 8388608 datatype 6 op 0 root 0 comm 0x55f3f1b8c250 [nranks=2] stream 0x55f3ea296770
c0b58536a5f1:1906493:1906493 [1] NCCL INFO AllReduce: opCount c sendbuff 0x7fb889000000 recvbuff 0x7fb889000000 count 8388608 datatype 6 op 0 root 0 comm 0x55f3f1b8c250 [nranks=2] stream 0x55f3ea296770
c0b58536a5f1:1906493:1906493 [1] NCCL INFO AllReduce: opCount d sendbuff 0x7fb889000000 recvbuff 0x7fb889000000 count 8388608 datatype 6 op 0 root 0 comm 0x55f3f1b8c250 [nranks=2] stream 0x55f3ea296770
c0b58536a5f1:1906493:1906493 [1] NCCL INFO AllReduce: opCount e sendbuff 0x7fb879000000 recvbuff 0x7fb879000000 count 8388608 datatype 6 op 0 root 0 comm 0x55f3f1b8c250 [nranks=2] stream 0x55f3ea296770
c0b58536a5f1:1906493:1906493 [1] NCCL INFO AllReduce: opCount f sendbuff 0x7fb879000000 recvbuff 0x7fb879000000 count 8388608 datatype 6 op 0 root 0 comm 0x55f3f1b8c250 [nranks=2] stream 0x55f3ea296770
c0b58536a5f1:1906493:1906493 [1] NCCL INFO AllReduce: opCount 10 sendbuff 0x7fb86b000000 recvbuff 0x7fb86b000000 count 8388608 datatype 6 op 0 root 0 comm 0x55f3f1b8c250 [nranks=2] stream 0x55f3ea296770
c0b58536a5f1:1906493:1906493 [1] NCCL INFO AllReduce: opCount 11 sendbuff 0x7fb86b000000 recvbuff 0x7fb86b000000 count 8388608 datatype 6 op 0 root 0 comm 0x55f3f1b8c250 [nranks=2] stream 0x55f3ea296770
c0b58536a5f1:1906493:1906493 [1] NCCL INFO AllReduce: opCount 12 sendbuff 0x7fb85d000000 recvbuff 0x7fb85d000000 count 8388608 datatype 6 op 0 root 0 comm 0x55f3f1b8c250 [nranks=2] stream 0x55f3ea296770
c0b58536a5f1:1906493:1906493 [1] NCCL INFO AllReduce: opCount 13 sendbuff 0x7fb85d000000 recvbuff 0x7fb85d000000 count 8388608 datatype 6 op 0 root 0 comm 0x55f3f1b8c250 [nranks=2] stream 0x55f3ea296770
c0b58536a5f1:1906493:1906493 [1] NCCL INFO AllReduce: opCount 14 sendbuff 0x7fb84f000000 recvbuff 0x7fb84f000000 count 8388608 datatype 6 op 0 root 0 comm 0x55f3f1b8c250 [nranks=2] stream 0x55f3ea296770
c0b58536a5f1:1906493:1906493 [1] NCCL INFO AllReduce: opCount 15 sendbuff 0x7fb849000000 recvbuff 0x7fb849000000 count 8388608 datatype 6 op 0 root 0 comm 0x55f3f1b8c250 [nranks=2] stream 0x55f3ea296770
c0b58536a5f1:1906493:1906493 [1] NCCL INFO AllReduce: opCount 16 sendbuff 0x7fb83c000000 recvbuff 0x7fb83c000000 count 8388608 datatype 6 op 0 root 0 comm 0x55f3f1b8c250 [nranks=2] stream 0x55f3ea296770
c0b58536a5f1:1906493:1906493 [1] NCCL INFO AllReduce: opCount 17 sendbuff 0x7fb836000000 recvbuff 0x7fb836000000 count 8388608 datatype 6 op 0 root 0 comm 0x55f3f1b8c250 [nranks=2] stream 0x55f3ea296770
c0b58536a5f1:1906493:1906493 [1] NCCL INFO AllReduce: opCount 18 sendbuff 0x7fb835000000 recvbuff 0x7fb835000000 count 8388608 datatype 6 op 0 root 0 comm 0x55f3f1b8c250 [nranks=2] stream 0x55f3ea296770
c0b58536a5f1:1906493:1906493 [1] NCCL INFO AllReduce: opCount 19 sendbuff 0x7fb82f000000 recvbuff 0x7fb82f000000 count 8388608 datatype 6 op 0 root 0 comm 0x55f3f1b8c250 [nranks=2] stream 0x55f3ea296770
c0b58536a5f1:1906493:1906493 [1] NCCL INFO AllReduce: opCount 1a sendbuff 0x7fb827000000 recvbuff 0x7fb827000000 count 8388608 datatype 6 op 0 root 0 comm 0x55f3f1b8c250 [nranks=2] stream 0x55f3ea296770
c0b58536a5f1:1906493:1906493 [1] NCCL INFO AllReduce: opCount 1b sendbuff 0x7fb81f000000 recvbuff 0x7fb81f000000 count 8388608 datatype 6 op 0 root 0 comm 0x55f3f1b8c250 [nranks=2] stream 0x55f3ea296770
c0b58536a5f1:1906493:1906493 [1] NCCL INFO AllReduce: opCount 1c sendbuff 0x7fb819000000 recvbuff 0x7fb819000000 count 8388608 datatype 6 op 0 root 0 comm 0x55f3f1b8c250 [nranks=2] stream 0x55f3ea296770
c0b58536a5f1:1906493:1906493 [1] NCCL INFO AllReduce: opCount 1d sendbuff 0x7fb811000000 recvbuff 0x7fb811000000 count 8388608 datatype 6 op 0 root 0 comm 0x55f3f1b8c250 [nranks=2] stream 0x55f3ea296770
c0b58536a5f1:1906493:1906493 [1] NCCL INFO AllReduce: opCount 1e sendbuff 0x7fb84b5a0000 recvbuff 0x7fb84b5a0000 count 8192 datatype 7 op 2 root 0 comm 0x55f3f1b8c250 [nranks=2] stream 0x55f3ea296770
c0b58536a5f1:1906493:1906493 [1] NCCL INFO AllReduce: opCount 1f sendbuff 0x7fb84b5d4000 recvbuff 0x7fb84b5d4000 count 8192 datatype 7 op 0 root 0 comm 0x55f3f1b8c250 [nranks=2] stream 0x55f3ea296770
c0b58536a5f1:1906493:1906493 [1] NCCL INFO AllReduce: opCount 20 sendbuff 0x7fb84b5cc000 recvbuff 0x7fb84b5cc000 count 8192 datatype 7 op 0 root 0 comm 0x55f3f1b8c250 [nranks=2] stream 0x55f3ea296770
c0b58536a5f1:1906493:1906977 [1] NCCL INFO AllReduce: opCount 21 sendbuff 0x7fb819000000 recvbuff 0x7fb819000000 count 8388608 datatype 6 op 0 root 0 comm 0x55f3f1b8c250 [nranks=2] stream 0x55f3ea296770
c0b58536a5f1:1906493:1906977 [1] NCCL INFO AllReduce: opCount 22 sendbuff 0x7fb80a000000 recvbuff 0x7fb80a000000 count 8388608 datatype 6 op 0 root 0 comm 0x55f3f1b8c250 [nranks=2] stream 0x55f3ea296770
c0b58536a5f1:1906493:1906977 [1] NCCL INFO AllReduce: opCount 23 sendbuff 0x7fb80b000000 recvbuff 0x7fb80b000000 count 8388608 datatype 6 op 0 root 0 comm 0x55f3f1b8c250 [nranks=2] stream 0x55f3ea296770
c0b58536a5f1:1906493:1906977 [1] NCCL INFO AllReduce: opCount 24 sendbuff 0x7fb80b000000 recvbuff 0x7fb80b000000 count 8388608 datatype 6 op 0 root 0 comm 0x55f3f1b8c250 [nranks=2] stream 0x55f3ea296770
c0b58536a5f1:1906493:1906977 [1] NCCL INFO AllReduce: opCount 25 sendbuff 0x7fb80b000000 recvbuff 0x7fb80b000000 count 8388608 datatype 6 op 0 root 0 comm 0x55f3f1b8c250 [nranks=2] stream 0x55f3ea296770
c0b58536a5f1:1906493:1906977 [1] NCCL INFO AllReduce: opCount 26 sendbuff 0x7fb80b000000 recvbuff 0x7fb80b000000 count 8388608 datatype 6 op 0 root 0 comm 0x55f3f1b8c250 [nranks=2] stream 0x55f3ea296770
c0b58536a5f1:1906493:1906977 [1] NCCL INFO AllReduce: opCount 27 sendbuff 0x7fb80b000000 recvbuff 0x7fb80b000000 count 8388608 datatype 6 op 0 root 0 comm 0x55f3f1b8c250 [nranks=2] stream 0x55f3ea296770
c0b58536a5f1:1906493:1906977 [1] NCCL INFO AllReduce: opCount 28 sendbuff 0x7fb80b000000 recvbuff 0x7fb80b000000 count 8388608 datatype 6 op 0 root 0 comm 0x55f3f1b8c250 [nranks=2] stream 0x55f3ea296770
c0b58536a5f1:1906493:1906977 [1] NCCL INFO AllReduce: opCount 29 sendbuff 0x7fb80b000000 recvbuff 0x7fb80b000000 count 8388608 datatype 6 op 0 root 0 comm 0x55f3f1b8c250 [nranks=2] stream 0x55f3ea296770
c0b58536a5f1:1906493:1906977 [1] NCCL INFO AllReduce: opCount 2a sendbuff 0x7fb80b000000 recvbuff 0x7fb80b000000 count 8388608 datatype 6 op 0 root 0 comm 0x55f3f1b8c250 [nranks=2] stream 0x55f3ea296770
c0b58536a5f1:1906493:1906977 [1] NCCL INFO AllReduce: opCount 2b sendbuff 0x7fb80b000000 recvbuff 0x7fb80b000000 count 8388608 datatype 6 op 0 root 0 comm 0x55f3f1b8c250 [nranks=2] stream 0x55f3ea296770
c0b58536a5f1:1906493:1906977 [1] NCCL INFO AllReduce: opCount 2c sendbuff 0x7fb80b000000 recvbuff 0x7fb80b000000 count 8388608 datatype 6 op 0 root 0 comm 0x55f3f1b8c250 [nranks=2] stream 0x55f3ea296770
c0b58536a5f1:1906493:1906977 [1] NCCL INFO AllReduce: opCount 2d sendbuff 0x7fb80b000000 recvbuff 0x7fb80b000000 count 8388608 datatype 6 op 0 root 0 comm 0x55f3f1b8c250 [nranks=2] stream 0x55f3ea296770
c0b58536a5f1:1906493:1906977 [1] NCCL INFO AllReduce: opCount 2e sendbuff 0x7fb80b000000 recvbuff 0x7fb80b000000 count 8388608 datatype 6 op 0 root 0 comm 0x55f3f1b8c250 [nranks=2] stream 0x55f3ea296770
c0b58536a5f1:1906493:1906977 [1] NCCL INFO AllReduce: opCount 2f sendbuff 0x7fb80b000000 recvbuff 0x7fb80b000000 count 8388608 datatype 6 op 0 root 0 comm 0x55f3f1b8c250 [nranks=2] stream 0x55f3ea296770
c0b58536a5f1:1906493:1906977 [1] NCCL INFO AllReduce: opCount 30 sendbuff 0x7fb80b000000 recvbuff 0x7fb80b000000 count 8388608 datatype 6 op 0 root 0 comm 0x55f3f1b8c250 [nranks=2] stream 0x55f3ea296770
c0b58536a5f1:1906493:1906977 [1] NCCL INFO AllReduce: opCount 31 sendbuff 0x7fb80b000000 recvbuff 0x7fb80b000000 count 8388608 datatype 6 op 0 root 0 comm 0x55f3f1b8c250 [nranks=2] stream 0x55f3ea296770
c0b58536a5f1:1906493:1906977 [1] NCCL INFO AllReduce: opCount 32 sendbuff 0x7fb80b000000 recvbuff 0x7fb80b000000 count 8388608 datatype 6 op 0 root 0 comm 0x55f3f1b8c250 [nranks=2] stream 0x55f3ea296770
c0b58536a5f1:1906493:1906977 [1] NCCL INFO AllReduce: opCount 33 sendbuff 0x7fb80b000000 recvbuff 0x7fb80b000000 count 8388608 datatype 6 op 0 root 0 comm 0x55f3f1b8c250 [nranks=2] stream 0x55f3ea296770
c0b58536a5f1:1906493:1906977 [1] NCCL INFO AllReduce: opCount 34 sendbuff 0x7fb80b000000 recvbuff 0x7fb80b000000 count 8388608 datatype 6 op 0 root 0 comm 0x55f3f1b8c250 [nranks=2] stream 0x55f3ea296770
c0b58536a5f1:1906493:1906977 [1] NCCL INFO AllReduce: opCount 35 sendbuff 0x7fb80b000000 recvbuff 0x7fb80b000000 count 8388608 datatype 6 op 0 root 0 comm 0x55f3f1b8c250 [nranks=2] stream 0x55f3ea296770
c0b58536a5f1:1906493:1906977 [1] NCCL INFO AllReduce: opCount 36 sendbuff 0x7fb80b000000 recvbuff 0x7fb80b000000 count 8388608 datatype 6 op 0 root 0 comm 0x55f3f1b8c250 [nranks=2] stream 0x55f3ea296770
c0b58536a5f1:1906493:1906977 [1] NCCL INFO AllReduce: opCount 37 sendbuff 0x7fb80b000000 recvbuff 0x7fb80b000000 count 8388608 datatype 6 op 0 root 0 comm 0x55f3f1b8c250 [nranks=2] stream 0x55f3ea296770
c0b58536a5f1:1906493:1906977 [1] NCCL INFO AllReduce: opCount 38 sendbuff 0x7fb80b000000 recvbuff 0x7fb80b000000 count 8388608 datatype 6 op 0 root 0 comm 0x55f3f1b8c250 [nranks=2] stream 0x55f3ea296770
c0b58536a5f1:1906493:1906977 [1] NCCL INFO AllReduce: opCount 39 sendbuff 0x7fb80b000000 recvbuff 0x7fb80b000000 count 8388608 datatype 6 op 0 root 0 comm 0x55f3f1b8c250 [nranks=2] stream 0x55f3ea296770
c0b58536a5f1:1906493:1906493 [1] NCCL INFO Broadcast: opCount 3a sendbuff 0x7fba533e9e00 recvbuff 0x7fba533e9e00 count 65536 datatype 0 op 0 root 0 comm 0x55f3f1b8c250 [nranks=2] stream 0x55f3ea296770
c0b58536a5f1:1906493:1906493 [1] NCCL INFO Broadcast: opCount 3b sendbuff 0x7fba533b0000 recvbuff 0x7fba533b0000 count 65536 datatype 0 op 0 root 0 comm 0x55f3f1b8c250 [nranks=2] stream 0x55f3ea296770
c0b58536a5f1:1906493:1906493 [1] NCCL INFO Broadcast: opCount 3c sendbuff 0x7fba533c0000 recvbuff 0x7fba533c0000 count 32768 datatype 0 op 0 root 0 comm 0x55f3f1b8c250 [nranks=2] stream 0x55f3ea296770
c0b58536a5f1:1906493:1906493 [1] NCCL INFO Broadcast: opCount 3d sendbuff 0x7fb978800000 recvbuff 0x7fb978800000 count 8388608 datatype 0 op 0 root 0 comm 0x55f3f1b8c250 [nranks=2] stream 0x55f3ea296770
c0b58536a5f1:1906493:1906493 [1] NCCL INFO Broadcast: opCount 3e sendbuff 0x7fba533c8000 recvbuff 0x7fba533c8000 count 65536 datatype 0 op 0 root 0 comm 0x55f3f1b8c250 [nranks=2] stream 0x55f3ea296770
c0b58536a5f1:1906493:1906493 [1] NCCL INFO AllReduce: opCount 3f sendbuff 0x440800000 recvbuff 0x440800000 count 8388608 datatype 6 op 0 root 0 comm 0x55f3f1b8c250 [nranks=2] stream 0x55f3ea296770
c0b58536a5f1:1906493:1906493 [1] NCCL INFO AllReduce: opCount 40 sendbuff 0x7fb819000000 recvbuff 0x7fb819000000 count 8388608 datatype 6 op 0 root 0 comm 0x55f3f1b8c250 [nranks=2] stream 0x55f3ea296770
c0b58536a5f1:1906493:1906493 [1] NCCL INFO AllReduce: opCount 41 sendbuff 0x7fb826000000 recvbuff 0x7fb826000000 count 8388608 datatype 6 op 0 root 0 comm 0x55f3f1b8c250 [nranks=2] stream 0x55f3ea296770
c0b58536a5f1:1906493:1906493 [1] NCCL INFO AllReduce: opCount 42 sendbuff 0x7fb835000000 recvbuff 0x7fb835000000 count 8388608 datatype 6 op 0 root 0 comm 0x55f3f1b8c250 [nranks=2] stream 0x55f3ea296770
c0b58536a5f1:1906493:1906493 [1] NCCL INFO AllReduce: opCount 43 sendbuff 0x7fb837000000 recvbuff 0x7fb837000000 count 8388608 datatype 6 op 0 root 0 comm 0x55f3f1b8c250 [nranks=2] stream 0x55f3ea296770
c0b58536a5f1:1906493:1906493 [1] NCCL INFO AllReduce: opCount 44 sendbuff 0x7fb848000000 recvbuff 0x7fb848000000 count 8388608 datatype 6 op 0 root 0 comm 0x55f3f1b8c250 [nranks=2] stream 0x55f3ea296770
c0b58536a5f1:1906493:1906493 [1] NCCL INFO AllReduce: opCount 45 sendbuff 0x7fb84f000000 recvbuff 0x7fb84f000000 count 8388608 datatype 6 op 0 root 0 comm 0x55f3f1b8c250 [nranks=2] stream 0x55f3ea296770
c0b58536a5f1:1906493:1906493 [1] NCCL INFO AllReduce: opCount 46 sendbuff 0x7fb864000000 recvbuff 0x7fb864000000 count 8388608 datatype 6 op 0 root 0 comm 0x55f3f1b8c250 [nranks=2] stream 0x55f3ea296770
c0b58536a5f1:1906493:1906493 [1] NCCL INFO AllReduce: opCount 47 sendbuff 0x7fb86a000000 recvbuff 0x7fb86a000000 count 8388608 datatype 6 op 0 root 0 comm 0x55f3f1b8c250 [nranks=2] stream 0x55f3ea296770
c0b58536a5f1:1906493:1906493 [1] NCCL INFO AllReduce: opCount 48 sendbuff 0x7fb879000000 recvbuff 0x7fb879000000 count 8388608 datatype 6 op 0 root 0 comm 0x55f3f1b8c250 [nranks=2] stream 0x55f3ea296770
c0b58536a5f1:1906493:1906493 [1] NCCL INFO AllReduce: opCount 49 sendbuff 0x7fb888000000 recvbuff 0x7fb888000000 count 8388608 datatype 6 op 0 root 0 comm 0x55f3f1b8c250 [nranks=2] stream 0x55f3ea296770
c0b58536a5f1:1906493:1906493 [1] NCCL INFO AllReduce: opCount 4a sendbuff 0x7fb89b000000 recvbuff 0x7fb89b000000 count 8388608 datatype 6 op 0 root 0 comm 0x55f3f1b8c250 [nranks=2] stream 0x55f3ea296770
c0b58536a5f1:1906493:1906493 [1] NCCL INFO AllReduce: opCount 4b sendbuff 0x7fb8a7000000 recvbuff 0x7fb8a7000000 count 8388608 datatype 6 op 0 root 0 comm 0x55f3f1b8c250 [nranks=2] stream 0x55f3ea296770
c0b58536a5f1:1906493:1906493 [1] NCCL INFO AllReduce: opCount 4c sendbuff 0x7fb960000000 recvbuff 0x7fb960000000 count 8388608 datatype 6 op 0 root 0 comm 0x55f3f1b8c250 [nranks=2] stream 0x55f3ea296770
c0b58536a5f1:1906493:1906493 [1] NCCL INFO AllReduce: opCount 4d sendbuff 0x7fb814000000 recvbuff 0x7fb814000000 count 8388608 datatype 6 op 0 root 0 comm 0x55f3f1b8c250 [nranks=2] stream 0x55f3ea296770
c0b58536a5f1:1906493:1906493 [1] NCCL INFO AllReduce: opCount 4e sendbuff 0x7fb83e000000 recvbuff 0x7fb83e000000 count 8388608 datatype 6 op 0 root 0 comm 0x55f3f1b8c250 [nranks=2] stream 0x55f3ea296770
c0b58536a5f1:1906493:1906493 [1] NCCL INFO AllReduce: opCount 4f sendbuff 0x7fb850000000 recvbuff 0x7fb850000000 count 8388608 datatype 6 op 0 root 0 comm 0x55f3f1b8c250 [nranks=2] stream 0x55f3ea296770
c0b58536a5f1:1906493:1906493 [1] NCCL INFO AllReduce: opCount 50 sendbuff 0x7fb874000000 recvbuff 0x7fb874000000 count 8388608 datatype 6 op 0 root 0 comm 0x55f3f1b8c250 [nranks=2] stream 0x55f3ea296770
c0b58536a5f1:1906493:1906493 [1] NCCL INFO AllReduce: opCount 51 sendbuff 0x7fb884000000 recvbuff 0x7fb884000000 count 8388608 datatype 6 op 0 root 0 comm 0x55f3f1b8c250 [nranks=2] stream 0x55f3ea296770
c0b58536a5f1:1906493:1906493 [1] NCCL INFO AllReduce: opCount 52 sendbuff 0x7fb8a0000000 recvbuff 0x7fb8a0000000 count 8388608 datatype 6 op 0 root 0 comm 0x55f3f1b8c250 [nranks=2] stream 0x55f3ea296770
c0b58536a5f1:1906493:1906493 [1] NCCL INFO AllReduce: opCount 53 sendbuff 0x7fb8a0000000 recvbuff 0x7fb8a0000000 count 8388608 datatype 6 op 0 root 0 comm 0x55f3f1b8c250 [nranks=2] stream 0x55f3ea296770
c0b58536a5f1:1906493:1906493 [1] NCCL INFO AllReduce: opCount 54 sendbuff 0x7fb84c000000 recvbuff 0x7fb84c000000 count 8388608 datatype 6 op 0 root 0 comm 0x55f3f1b8c250 [nranks=2] stream 0x55f3ea296770
c0b58536a5f1:1906493:1906493 [1] NCCL INFO AllReduce: opCount 55 sendbuff 0x7fb84c000000 recvbuff 0x7fb84c000000 count 8388608 datatype 6 op 0 root 0 comm 0x55f3f1b8c250 [nranks=2] stream 0x55f3ea296770
c0b58536a5f1:1906493:1906493 [1] NCCL INFO AllReduce: opCount 56 sendbuff 0x7fb896000000 recvbuff 0x7fb896000000 count 8388608 datatype 6 op 0 root 0 comm 0x55f3f1b8c250 [nranks=2] stream 0x55f3ea296770
c0b58536a5f1:1906493:1906493 [1] NCCL INFO AllReduce: opCount 57 sendbuff 0x7fb896000000 recvbuff 0x7fb896000000 count 8388608 datatype 6 op 0 root 0 comm 0x55f3f1b8c250 [nranks=2] stream 0x55f3ea296770
c0b58536a5f1:1906493:1906493 [1] NCCL INFO AllReduce: opCount 58 sendbuff 0x7fb84b5a0000 recvbuff 0x7fb84b5a0000 count 8192 datatype 7 op 2 root 0 comm 0x55f3f1b8c250 [nranks=2] stream 0x55f3ea296770
c0b58536a5f1:1906493:1906493 [1] NCCL INFO AllReduce: opCount 59 sendbuff 0x7fb84b5d4000 recvbuff 0x7fb84b5d4000 count 8192 datatype 7 op 0 root 0 comm 0x55f3f1b8c250 [nranks=2] stream 0x55f3ea296770
c0b58536a5f1:1906493:1906493 [1] NCCL INFO AllReduce: opCount 5a sendbuff 0x7fb84b5cc000 recvbuff 0x7fb84b5cc000 count 8192 datatype 7 op 0 root 0 comm 0x55f3f1b8c250 [nranks=2] stream 0x55f3ea296770
c0b58536a5f1:1906493:1906977 [1] NCCL INFO AllReduce: opCount 5b sendbuff 0x7fb896000000 recvbuff 0x7fb896000000 count 8388608 datatype 6 op 0 root 0 comm 0x55f3f1b8c250 [nranks=2] stream 0x55f3ea296770
c0b58536a5f1:1906493:1906977 [1] NCCL INFO AllReduce: opCount 5c sendbuff 0x7fb930000000 recvbuff 0x7fb930000000 count 8388608 datatype 6 op 0 root 0 comm 0x55f3f1b8c250 [nranks=2] stream 0x55f3ea296770
c0b58536a5f1:1906493:1906977 [1] NCCL INFO AllReduce: opCount 5d sendbuff 0x7fb7f0000000 recvbuff 0x7fb7f0000000 count 8388608 datatype 6 op 0 root 0 comm 0x55f3f1b8c250 [nranks=2] stream 0x55f3ea296770
c0b58536a5f1:1906493:1906977 [1] NCCL INFO AllReduce: opCount 5e sendbuff 0x7fb84c000000 recvbuff 0x7fb84c000000 count 8388608 datatype 6 op 0 root 0 comm 0x55f3f1b8c250 [nranks=2] stream 0x55f3ea296770
c0b58536a5f1:1906493:1906977 [1] NCCL INFO AllReduce: opCount 5f sendbuff 0x7fb8a0000000 recvbuff 0x7fb8a0000000 count 8388608 datatype 6 op 0 root 0 comm 0x55f3f1b8c250 [nranks=2] stream 0x55f3ea296770
c0b58536a5f1:1906493:1906977 [1] NCCL INFO AllReduce: opCount 60 sendbuff 0x7fb816000000 recvbuff 0x7fb816000000 count 8388608 datatype 6 op 0 root 0 comm 0x55f3f1b8c250 [nranks=2] stream 0x55f3ea296770
c0b58536a5f1:1906493:1906977 [1] NCCL INFO AllReduce: opCount 61 sendbuff 0x7fb884000000 recvbuff 0x7fb884000000 count 8388608 datatype 6 op 0 root 0 comm 0x55f3f1b8c250 [nranks=2] stream 0x55f3ea296770
c0b58536a5f1:1906493:1906977 [1] NCCL INFO AllReduce: opCount 62 sendbuff 0x7fb88a000000 recvbuff 0x7fb88a000000 count 8388608 datatype 6 op 0 root 0 comm 0x55f3f1b8c250 [nranks=2] stream 0x55f3ea296770
c0b58536a5f1:1906493:1906977 [1] NCCL INFO AllReduce: opCount 63 sendbuff 0x7fb866000000 recvbuff 0x7fb866000000 count 8388608 datatype 6 op 0 root 0 comm 0x55f3f1b8c250 [nranks=2] stream 0x55f3ea296770
c0b58536a5f1:1906493:1906977 [1] NCCL INFO AllReduce: opCount 64 sendbuff 0x7fb850000000 recvbuff 0x7fb850000000 count 8388608 datatype 6 op 0 root 0 comm 0x55f3f1b8c250 [nranks=2] stream 0x55f3ea296770
c0b58536a5f1:1906493:1906977 [1] NCCL INFO AllReduce: opCount 65 sendbuff 0x7fb822000000 recvbuff 0x7fb822000000 count 8388608 datatype 6 op 0 root 0 comm 0x55f3f1b8c250 [nranks=2] stream 0x55f3ea296770
c0b58536a5f1:1906493:1906977 [1] NCCL INFO AllReduce: opCount 66 sendbuff 0x7fb820000000 recvbuff 0x7fb820000000 count 8388608 datatype 6 op 0 root 0 comm 0x55f3f1b8c250 [nranks=2] stream 0x55f3ea296770
c0b58536a5f1:1906493:1906977 [1] NCCL INFO AllReduce: opCount 67 sendbuff 0x7fb7f0000000 recvbuff 0x7fb7f0000000 count 8388608 datatype 6 op 0 root 0 comm 0x55f3f1b8c250 [nranks=2] stream 0x55f3ea296770
c0b58536a5f1:1906493:1906977 [1] NCCL INFO AllReduce: opCount 68 sendbuff 0x7fb812000000 recvbuff 0x7fb812000000 count 8388608 datatype 6 op 0 root 0 comm 0x55f3f1b8c250 [nranks=2] stream 0x55f3ea296770
c0b58536a5f1:1906493:1906977 [1] NCCL INFO AllReduce: opCount 69 sendbuff 0x7fb858000000 recvbuff 0x7fb858000000 count 8388608 datatype 6 op 0 root 0 comm 0x55f3f1b8c250 [nranks=2] stream 0x55f3ea296770
c0b58536a5f1:1906493:1906977 [1] NCCL INFO AllReduce: opCount 6a sendbuff 0x7fb85e000000 recvbuff 0x7fb85e000000 count 8388608 datatype 6 op 0 root 0 comm 0x55f3f1b8c250 [nranks=2] stream 0x55f3ea296770
c0b58536a5f1:1906493:1906977 [1] NCCL INFO AllReduce: opCount 6b sendbuff 0x7fb873000000 recvbuff 0x7fb873000000 count 8388608 datatype 6 op 0 root 0 comm 0x55f3f1b8c250 [nranks=2] stream 0x55f3ea296770
c0b58536a5f1:1906493:1906977 [1] NCCL INFO AllReduce: opCount 6c sendbuff 0x7fb86a000000 recvbuff 0x7fb86a000000 count 8388608 datatype 6 op 0 root 0 comm 0x55f3f1b8c250 [nranks=2] stream 0x55f3ea296770
c0b58536a5f1:1906493:1906977 [1] NCCL INFO AllReduce: opCount 6d sendbuff 0x7fb850000000 recvbuff 0x7fb850000000 count 8388608 datatype 6 op 0 root 0 comm 0x55f3f1b8c250 [nranks=2] stream 0x55f3ea296770
c0b58536a5f1:1906493:1906977 [1] NCCL INFO AllReduce: opCount 6e sendbuff 0x7fb822000000 recvbuff 0x7fb822000000 count 8388608 datatype 6 op 0 root 0 comm 0x55f3f1b8c250 [nranks=2] stream 0x55f3ea296770
c0b58536a5f1:1906493:1906977 [1] NCCL INFO AllReduce: opCount 6f sendbuff 0x7fb7f0000000 recvbuff 0x7fb7f0000000 count 8388608 datatype 6 op 0 root 0 comm 0x55f3f1b8c250 [nranks=2] stream 0x55f3ea296770
c0b58536a5f1:1906493:1906977 [1] NCCL INFO AllReduce: opCount 70 sendbuff 0x7fb812000000 recvbuff 0x7fb812000000 count 8388608 datatype 6 op 0 root 0 comm 0x55f3f1b8c250 [nranks=2] stream 0x55f3ea296770
c0b58536a5f1:1906493:1906977 [1] NCCL INFO AllReduce: opCount 71 sendbuff 0x7fb82e000000 recvbuff 0x7fb82e000000 count 8388608 datatype 6 op 0 root 0 comm 0x55f3f1b8c250 [nranks=2] stream 0x55f3ea296770
c0b58536a5f1:1906493:1906977 [1] NCCL INFO AllReduce: opCount 72 sendbuff 0x7fb826000000 recvbuff 0x7fb826000000 count 8388608 datatype 6 op 0 root 0 comm 0x55f3f1b8c250 [nranks=2] stream 0x55f3ea296770
c0b58536a5f1:1906493:1906977 [1] NCCL INFO AllReduce: opCount 73 sendbuff 0x7fb80a000000 recvbuff 0x7fb80a000000 count 8388608 datatype 6 op 0 root 0 comm 0x55f3f1b8c250 [nranks=2] stream 0x55f3ea296770
c0b58536a5f1:1906493:1906493 [1] NCCL INFO Broadcast: opCount 74 sendbuff 0x7fba533d8000 recvbuff 0x7fba533d8000 count 65536 datatype 0 op 0 root 0 comm 0x55f3f1b8c250 [nranks=2] stream 0x55f3ea296770
c0b58536a5f1:1906493:1906493 [1] NCCL INFO Broadcast: opCount 75 sendbuff 0x7fba533b0000 recvbuff 0x7fba533b0000 count 65536 datatype 0 op 0 root 0 comm 0x55f3f1b8c250 [nranks=2] stream 0x55f3ea296770
c0b58536a5f1:1906493:1906493 [1] NCCL INFO Broadcast: opCount 76 sendbuff 0x7fba533c0000 recvbuff 0x7fba533c0000 count 32768 datatype 0 op 0 root 0 comm 0x55f3f1b8c250 [nranks=2] stream 0x55f3ea296770
c0b58536a5f1:1906493:1906493 [1] NCCL INFO Broadcast: opCount 77 sendbuff 0x7fb978800000 recvbuff 0x7fb978800000 count 8388608 datatype 0 op 0 root 0 comm 0x55f3f1b8c250 [nranks=2] stream 0x55f3ea296770
c0b58536a5f1:1906493:1906493 [1] NCCL INFO Broadcast: opCount 78 sendbuff 0x7fb84b5a8800 recvbuff 0x7fb84b5a8800 count 65536 datatype 0 op 0 root 0 comm 0x55f3f1b8c250 [nranks=2] stream 0x55f3ea296770
c0b58536a5f1:1906493:1906493 [1] NCCL INFO AllReduce: opCount 79 sendbuff 0x440800000 recvbuff 0x440800000 count 8388608 datatype 6 op 0 root 0 comm 0x55f3f1b8c250 [nranks=2] stream 0x55f3ea296770
c0b58536a5f1:1906493:1906493 [1] NCCL INFO AllReduce: opCount 7a sendbuff 0x7fb81f000000 recvbuff 0x7fb81f000000 count 8388608 datatype 6 op 0 root 0 comm 0x55f3f1b8c250 [nranks=2] stream 0x55f3ea296770
c0b58536a5f1:1906493:1906493 [1] NCCL INFO AllReduce: opCount 7b sendbuff 0x7fb82f000000 recvbuff 0x7fb82f000000 count 8388608 datatype 6 op 0 root 0 comm 0x55f3f1b8c250 [nranks=2] stream 0x55f3ea296770
c0b58536a5f1:1906493:1906493 [1] NCCL INFO AllReduce: opCount 7c sendbuff 0x7fb83d000000 recvbuff 0x7fb83d000000 count 8388608 datatype 6 op 0 root 0 comm 0x55f3f1b8c250 [nranks=2] stream 0x55f3ea296770
c0b58536a5f1:1906493:1906493 [1] NCCL INFO AllReduce: opCount 7d sendbuff 0x7fb843000000 recvbuff 0x7fb843000000 count 8388608 datatype 6 op 0 root 0 comm 0x55f3f1b8c250 [nranks=2] stream 0x55f3ea296770
c0b58536a5f1:1906493:1906493 [1] NCCL INFO AllReduce: opCount 7e sendbuff 0x7fb80a000000 recvbuff 0x7fb80a000000 count 8388608 datatype 6 op 0 root 0 comm 0x55f3f1b8c250 [nranks=2] stream 0x55f3ea296770
c0b58536a5f1:1906493:1906493 [1] NCCL INFO AllReduce: opCount 7f sendbuff 0x7fb85d000000 recvbuff 0x7fb85d000000 count 8388608 datatype 6 op 0 root 0 comm 0x55f3f1b8c250 [nranks=2] stream 0x55f3ea296770
c0b58536a5f1:1906493:1906493 [1] NCCL INFO AllReduce: opCount 80 sendbuff 0x7fb872000000 recvbuff 0x7fb872000000 count 8388608 datatype 6 op 0 root 0 comm 0x55f3f1b8c250 [nranks=2] stream 0x55f3ea296770
c0b58536a5f1:1906493:1906493 [1] NCCL INFO AllReduce: opCount 81 sendbuff 0x7fb878000000 recvbuff 0x7fb878000000 count 8388608 datatype 6 op 0 root 0 comm 0x55f3f1b8c250 [nranks=2] stream 0x55f3ea296770
c0b58536a5f1:1906493:1906493 [1] NCCL INFO AllReduce: opCount 82 sendbuff 0x7fb888000000 recvbuff 0x7fb888000000 count 8388608 datatype 6 op 0 root 0 comm 0x55f3f1b8c250 [nranks=2] stream 0x55f3ea296770
c0b58536a5f1:1906493:1906493 [1] NCCL INFO AllReduce: opCount 83 sendbuff 0x7fb891000000 recvbuff 0x7fb891000000 count 8388608 datatype 6 op 0 root 0 comm 0x55f3f1b8c250 [nranks=2] stream 0x55f3ea296770
c0b58536a5f1:1906493:1906493 [1] NCCL INFO AllReduce: opCount 84 sendbuff 0x7fb8a7000000 recvbuff 0x7fb8a7000000 count 8388608 datatype 6 op 0 root 0 comm 0x55f3f1b8c250 [nranks=2] stream 0x55f3ea296770
c0b58536a5f1:1906493:1906493 [1] NCCL INFO AllReduce: opCount 85 sendbuff 0x7fb93c000000 recvbuff 0x7fb93c000000 count 8388608 datatype 6 op 0 root 0 comm 0x55f3f1b8c250 [nranks=2] stream 0x55f3ea296770
c0b58536a5f1:1906493:1906493 [1] NCCL INFO AllReduce: opCount 86 sendbuff 0x7fb820000000 recvbuff 0x7fb820000000 count 8388608 datatype 6 op 0 root 0 comm 0x55f3f1b8c250 [nranks=2] stream 0x55f3ea296770
c0b58536a5f1:1906493:1906493 [1] NCCL INFO AllReduce: opCount 87 sendbuff 0x7fb83e000000 recvbuff 0x7fb83e000000 count 8388608 datatype 6 op 0 root 0 comm 0x55f3f1b8c250 [nranks=2] stream 0x55f3ea296770
c0b58536a5f1:1906493:1906493 [1] NCCL INFO AllReduce: opCount 88 sendbuff 0x7fb866000000 recvbuff 0x7fb866000000 count 8388608 datatype 6 op 0 root 0 comm 0x55f3f1b8c250 [nranks=2] stream 0x55f3ea296770
c0b58536a5f1:1906493:1906493 [1] NCCL INFO AllReduce: opCount 89 sendbuff 0x7fb874000000 recvbuff 0x7fb874000000 count 8388608 datatype 6 op 0 root 0 comm 0x55f3f1b8c250 [nranks=2] stream 0x55f3ea296770
c0b58536a5f1:1906493:1906493 [1] NCCL INFO AllReduce: opCount 8a sendbuff 0x7fb892000000 recvbuff 0x7fb892000000 count 8388608 datatype 6 op 0 root 0 comm 0x55f3f1b8c250 [nranks=2] stream 0x55f3ea296770
c0b58536a5f1:1906493:1906493 [1] NCCL INFO AllReduce: opCount 8b sendbuff 0x7fb8a0000000 recvbuff 0x7fb8a0000000 count 8388608 datatype 6 op 0 root 0 comm 0x55f3f1b8c250 [nranks=2] stream 0x55f3ea296770
c0b58536a5f1:1906493:1906493 [1] NCCL INFO AllReduce: opCount 8c sendbuff 0x7fb832000000 recvbuff 0x7fb832000000 count 8388608 datatype 6 op 0 root 0 comm 0x55f3f1b8c250 [nranks=2] stream 0x55f3ea296770
c0b58536a5f1:1906493:1906493 [1] NCCL INFO AllReduce: opCount 8d sendbuff 0x7fb840000000 recvbuff 0x7fb840000000 count 8388608 datatype 6 op 0 root 0 comm 0x55f3f1b8c250 [nranks=2] stream 0x55f3ea296770
c0b58536a5f1:1906493:1906493 [1] NCCL INFO AllReduce: opCount 8e sendbuff 0x7fb876000000 recvbuff 0x7fb876000000 count 8388608 datatype 6 op 0 root 0 comm 0x55f3f1b8c250 [nranks=2] stream 0x55f3ea296770
c0b58536a5f1:1906493:1906493 [1] NCCL INFO AllReduce: opCount 8f sendbuff 0x7fb886000000 recvbuff 0x7fb886000000 count 8388608 datatype 6 op 0 root 0 comm 0x55f3f1b8c250 [nranks=2] stream 0x55f3ea296770
c0b58536a5f1:1906493:1906493 [1] NCCL INFO AllReduce: opCount 90 sendbuff 0x7fb8b8000000 recvbuff 0x7fb8b8000000 count 8388608 datatype 6 op 0 root 0 comm 0x55f3f1b8c250 [nranks=2] stream 0x55f3ea296770
c0b58536a5f1:1906493:1906493 [1] NCCL INFO AllReduce: opCount 91 sendbuff 0x7fb7f3000000 recvbuff 0x7fb7f3000000 count 8388608 datatype 6 op 0 root 0 comm 0x55f3f1b8c250 [nranks=2] stream 0x55f3ea296770
c0b58536a5f1:1906493:1906493 [1] NCCL INFO AllReduce: opCount 92 sendbuff 0x7fb7975b0000 recvbuff 0x7fb7975b0000 count 8192 datatype 7 op 2 root 0 comm 0x55f3f1b8c250 [nranks=2] stream 0x55f3ea296770
c0b58536a5f1:1906493:1906493 [1] NCCL INFO AllReduce: opCount 93 sendbuff 0x7fb7975e0000 recvbuff 0x7fb7975e0000 count 8192 datatype 7 op 0 root 0 comm 0x55f3f1b8c250 [nranks=2] stream 0x55f3ea296770
c0b58536a5f1:1906493:1906493 [1] NCCL INFO AllReduce: opCount 94 sendbuff 0x7fb7975d8000 recvbuff 0x7fb7975d8000 count 8192 datatype 7 op 0 root 0 comm 0x55f3f1b8c250 [nranks=2] stream 0x55f3ea296770
c0b58536a5f1:1906493:1906977 [1] NCCL INFO AllReduce: opCount 95 sendbuff 0x7fb832000000 recvbuff 0x7fb832000000 count 8388608 datatype 6 op 0 root 0 comm 0x55f3f1b8c250 [nranks=2] stream 0x55f3ea296770
c0b58536a5f1:1906493:1906977 [1] NCCL INFO AllReduce: opCount 96 sendbuff 0x7fb7f4000000 recvbuff 0x7fb7f4000000 count 8388608 datatype 6 op 0 root 0 comm 0x55f3f1b8c250 [nranks=2] stream 0x55f3ea296770
c0b58536a5f1:1906493:1906977 [1] NCCL INFO AllReduce: opCount 97 sendbuff 0x7fb7f5000000 recvbuff 0x7fb7f5000000 count 8388608 datatype 6 op 0 root 0 comm 0x55f3f1b8c250 [nranks=2] stream 0x55f3ea296770
c0b58536a5f1:1906493:1906977 [1] NCCL INFO AllReduce: opCount 98 sendbuff 0x7fb840000000 recvbuff 0x7fb840000000 count 8388608 datatype 6 op 0 root 0 comm 0x55f3f1b8c250 [nranks=2] stream 0x55f3ea296770
c0b58536a5f1:1906493:1906977 [1] NCCL INFO AllReduce: opCount 99 sendbuff 0x7fb83e000000 recvbuff 0x7fb83e000000 count 8388608 datatype 6 op 0 root 0 comm 0x55f3f1b8c250 [nranks=2] stream 0x55f3ea296770
c0b58536a5f1:1906493:1906977 [1] NCCL INFO AllReduce: opCount 9a sendbuff 0x7fb866000000 recvbuff 0x7fb866000000 count 8388608 datatype 6 op 0 root 0 comm 0x55f3f1b8c250 [nranks=2] stream 0x55f3ea296770
c0b58536a5f1:1906493:1906977 [1] NCCL INFO AllReduce: opCount 9b sendbuff 0x7fb820000000 recvbuff 0x7fb820000000 count 8388608 datatype 6 op 0 root 0 comm 0x55f3f1b8c250 [nranks=2] stream 0x55f3ea296770
c0b58536a5f1:1906493:1906977 [1] NCCL INFO AllReduce: opCount 9c sendbuff 0x7fb93c000000 recvbuff 0x7fb93c000000 count 8388608 datatype 6 op 0 root 0 comm 0x55f3f1b8c250 [nranks=2] stream 0x55f3ea296770
c0b58536a5f1:1906493:1906977 [1] NCCL INFO AllReduce: opCount 9d sendbuff 0x7fb8a7000000 recvbuff 0x7fb8a7000000 count 8388608 datatype 6 op 0 root 0 comm 0x55f3f1b8c250 [nranks=2] stream 0x55f3ea296770
c0b58536a5f1:1906493:1906977 [1] NCCL INFO AllReduce: opCount 9e sendbuff 0x7fb891000000 recvbuff 0x7fb891000000 count 8388608 datatype 6 op 0 root 0 comm 0x55f3f1b8c250 [nranks=2] stream 0x55f3ea296770
c0b58536a5f1:1906493:1906977 [1] NCCL INFO AllReduce: opCount 9f sendbuff 0x7fb850000000 recvbuff 0x7fb850000000 count 8388608 datatype 6 op 0 root 0 comm 0x55f3f1b8c250 [nranks=2] stream 0x55f3ea296770
c0b58536a5f1:1906493:1906977 [1] NCCL INFO AllReduce: opCount a0 sendbuff 0x7fb84a000000 recvbuff 0x7fb84a000000 count 8388608 datatype 6 op 0 root 0 comm 0x55f3f1b8c250 [nranks=2] stream 0x55f3ea296770
c0b58536a5f1:1906493:1906977 [1] NCCL INFO AllReduce: opCount a1 sendbuff 0x7fb812000000 recvbuff 0x7fb812000000 count 8388608 datatype 6 op 0 root 0 comm 0x55f3f1b8c250 [nranks=2] stream 0x55f3ea296770
c0b58536a5f1:1906493:1906977 [1] NCCL INFO AllReduce: opCount a2 sendbuff 0x7fb814000000 recvbuff 0x7fb814000000 count 8388608 datatype 6 op 0 root 0 comm 0x55f3f1b8c250 [nranks=2] stream 0x55f3ea296770
c0b58536a5f1:1906493:1906977 [1] NCCL INFO AllReduce: opCount a3 sendbuff 0x7fb828000000 recvbuff 0x7fb828000000 count 8388608 datatype 6 op 0 root 0 comm 0x55f3f1b8c250 [nranks=2] stream 0x55f3ea296770
c0b58536a5f1:1906493:1906977 [1] NCCL INFO AllReduce: opCount a4 sendbuff 0x7fb80a000000 recvbuff 0x7fb80a000000 count 8388608 datatype 6 op 0 root 0 comm 0x55f3f1b8c250 [nranks=2] stream 0x55f3ea296770
c0b58536a5f1:1906493:1906977 [1] NCCL INFO AllReduce: opCount a5 sendbuff 0x7fb830000000 recvbuff 0x7fb830000000 count 8388608 datatype 6 op 0 root 0 comm 0x55f3f1b8c250 [nranks=2] stream 0x55f3ea296770
c0b58536a5f1:1906493:1906977 [1] NCCL INFO AllReduce: opCount a6 sendbuff 0x7fb82f000000 recvbuff 0x7fb82f000000 count 8388608 datatype 6 op 0 root 0 comm 0x55f3f1b8c250 [nranks=2] stream 0x55f3ea296770
c0b58536a5f1:1906493:1906977 [1] NCCL INFO AllReduce: opCount a7 sendbuff 0x440800000 recvbuff 0x440800000 count 8388608 datatype 6 op 0 root 0 comm 0x55f3f1b8c250 [nranks=2] stream 0x55f3ea296770
c0b58536a5f1:1906493:1906977 [1] NCCL INFO AllReduce: opCount a8 sendbuff 0x7fb81f000000 recvbuff 0x7fb81f000000 count 8388608 datatype 6 op 0 root 0 comm 0x55f3f1b8c250 [nranks=2] stream 0x55f3ea296770
c0b58536a5f1:1906493:1906977 [1] NCCL INFO AllReduce: opCount a9 sendbuff 0x7fb83d000000 recvbuff 0x7fb83d000000 count 8388608 datatype 6 op 0 root 0 comm 0x55f3f1b8c250 [nranks=2] stream 0x55f3ea296770
c0b58536a5f1:1906493:1906977 [1] NCCL INFO AllReduce: opCount aa sendbuff 0x7fb826000000 recvbuff 0x7fb826000000 count 8388608 datatype 6 op 0 root 0 comm 0x55f3f1b8c250 [nranks=2] stream 0x55f3ea296770
c0b58536a5f1:1906493:1906977 [1] NCCL INFO AllReduce: opCount ab sendbuff 0x7fb820000000 recvbuff 0x7fb820000000 count 8388608 datatype 6 op 0 root 0 comm 0x55f3f1b8c250 [nranks=2] stream 0x55f3ea296770
c0b58536a5f1:1906493:1906977 [1] NCCL INFO AllReduce: opCount ac sendbuff 0x7fb82e000000 recvbuff 0x7fb82e000000 count 8388608 datatype 6 op 0 root 0 comm 0x55f3f1b8c250 [nranks=2] stream 0x55f3ea296770
c0b58536a5f1:1906493:1906977 [1] NCCL INFO AllReduce: opCount ad sendbuff 0x7fb818000000 recvbuff 0x7fb818000000 count 8388608 datatype 6 op 0 root 0 comm 0x55f3f1b8c250 [nranks=2] stream 0x55f3ea296770
c0b58536a5f1:1906493:1906493 [1] NCCL INFO Broadcast: opCount ae sendbuff 0x7fb84b588000 recvbuff 0x7fb84b588000 count 65536 datatype 0 op 0 root 0 comm 0x55f3f1b8c250 [nranks=2] stream 0x55f3ea296770
c0b58536a5f1:1906493:1906493 [1] NCCL INFO Broadcast: opCount af sendbuff 0x7fb84b598000 recvbuff 0x7fb84b598000 count 65536 datatype 0 op 0 root 0 comm 0x55f3f1b8c250 [nranks=2] stream 0x55f3ea296770
c0b58536a5f1:1906493:1906493 [1] NCCL INFO Broadcast: opCount b0 sendbuff 0x7fba533e9e00 recvbuff 0x7fba533e9e00 count 32768 datatype 0 op 0 root 0 comm 0x55f3f1b8c250 [nranks=2] stream 0x55f3ea296770
c0b58536a5f1:1906493:1906493 [1] NCCL INFO Broadcast: opCount b1 sendbuff 0x7fb822000000 recvbuff 0x7fb822000000 count 8388608 datatype 0 op 0 root 0 comm 0x55f3f1b8c250 [nranks=2] stream 0x55f3ea296770
c0b58536a5f1:1906493:1906493 [1] NCCL INFO Broadcast: opCount b2 sendbuff 0x7fba533b0000 recvbuff 0x7fba533b0000 count 65536 datatype 0 op 0 root 0 comm 0x55f3f1b8c250 [nranks=2] stream 0x55f3ea296770
c0b58536a5f1:1906493:1906493 [1] NCCL INFO AllReduce: opCount b3 sendbuff 0x7fb80b000000 recvbuff 0x7fb80b000000 count 8388608 datatype 6 op 0 root 0 comm 0x55f3f1b8c250 [nranks=2] stream 0x55f3ea296770
c0b58536a5f1:1906493:1906493 [1] NCCL INFO AllReduce: opCount b4 sendbuff 0x7fb812000000 recvbuff 0x7fb812000000 count 8388608 datatype 6 op 0 root 0 comm 0x55f3f1b8c250 [nranks=2] stream 0x55f3ea296770
c0b58536a5f1:1906493:1906493 [1] NCCL INFO AllReduce: opCount b5 sendbuff 0x7fb814000000 recvbuff 0x7fb814000000 count 8388608 datatype 6 op 0 root 0 comm 0x55f3f1b8c250 [nranks=2] stream 0x55f3ea296770
c0b58536a5f1:1906493:1906493 [1] NCCL INFO AllReduce: opCount b6 sendbuff 0x7fb848000000 recvbuff 0x7fb848000000 count 8388608 datatype 6 op 0 root 0 comm 0x55f3f1b8c250 [nranks=2] stream 0x55f3ea296770
c0b58536a5f1:1906493:1906493 [1] NCCL INFO AllReduce: opCount b7 sendbuff 0x7fb80a000000 recvbuff 0x7fb80a000000 count 8388608 datatype 6 op 0 root 0 comm 0x55f3f1b8c250 [nranks=2] stream 0x55f3ea296770
c0b58536a5f1:1906493:1906493 [1] NCCL INFO AllReduce: opCount b8 sendbuff 0x7fb857000000 recvbuff 0x7fb857000000 count 8388608 datatype 6 op 0 root 0 comm 0x55f3f1b8c250 [nranks=2] stream 0x55f3ea296770
c0b58536a5f1:1906493:1906493 [1] NCCL INFO AllReduce: opCount b9 sendbuff 0x7fb85d000000 recvbuff 0x7fb85d000000 count 8388608 datatype 6 op 0 root 0 comm 0x55f3f1b8c250 [nranks=2] stream 0x55f3ea296770
c0b58536a5f1:1906493:1906493 [1] NCCL INFO AllReduce: opCount ba sendbuff 0x7fb872000000 recvbuff 0x7fb872000000 count 8388608 datatype 6 op 0 root 0 comm 0x55f3f1b8c250 [nranks=2] stream 0x55f3ea296770
c0b58536a5f1:1906493:1906493 [1] NCCL INFO AllReduce: opCount bb sendbuff 0x7fb879000000 recvbuff 0x7fb879000000 count 8388608 datatype 6 op 0 root 0 comm 0x55f3f1b8c250 [nranks=2] stream 0x55f3ea296770
c0b58536a5f1:1906493:1906493 [1] NCCL INFO AllReduce: opCount bc sendbuff 0x7fb890000000 recvbuff 0x7fb890000000 count 8388608 datatype 6 op 0 root 0 comm 0x55f3f1b8c250 [nranks=2] stream 0x55f3ea296770
c0b58536a5f1:1906493:1906493 [1] NCCL INFO AllReduce: opCount bd sendbuff 0x7fb89a000000 recvbuff 0x7fb89a000000 count 8388608 datatype 6 op 0 root 0 comm 0x55f3f1b8c250 [nranks=2] stream 0x55f3ea296770
c0b58536a5f1:1906493:1906493 [1] NCCL INFO AllReduce: opCount be sendbuff 0x7fb925000000 recvbuff 0x7fb925000000 count 8388608 datatype 6 op 0 root 0 comm 0x55f3f1b8c250 [nranks=2] stream 0x55f3ea296770
c0b58536a5f1:1906493:1906493 [1] NCCL INFO AllReduce: opCount bf sendbuff 0x7fb818000000 recvbuff 0x7fb818000000 count 8388608 datatype 6 op 0 root 0 comm 0x55f3f1b8c250 [nranks=2] stream 0x55f3ea296770
c0b58536a5f1:1906493:1906493 [1] NCCL INFO AllReduce: opCount c0 sendbuff 0x7fb85e000000 recvbuff 0x7fb85e000000 count 8388608 datatype 6 op 0 root 0 comm 0x55f3f1b8c250 [nranks=2] stream 0x55f3ea296770
c0b58536a5f1:1906493:1906493 [1] NCCL INFO AllReduce: opCount c1 sendbuff 0x7fb80b000000 recvbuff 0x7fb80b000000 count 8388608 datatype 6 op 0 root 0 comm 0x55f3f1b8c250 [nranks=2] stream 0x55f3ea296770
c0b58536a5f1:1906493:1906493 [1] NCCL INFO AllReduce: opCount c2 sendbuff 0x7fb88a000000 recvbuff 0x7fb88a000000 count 8388608 datatype 6 op 0 root 0 comm 0x55f3f1b8c250 [nranks=2] stream 0x55f3ea296770
c0b58536a5f1:1906493:1906493 [1] NCCL INFO AllReduce: opCount c3 sendbuff 0x7fb848000000 recvbuff 0x7fb848000000 count 8388608 datatype 6 op 0 root 0 comm 0x55f3f1b8c250 [nranks=2] stream 0x55f3ea296770
c0b58536a5f1:1906493:1906493 [1] NCCL INFO AllReduce: opCount c4 sendbuff 0x7fb857000000 recvbuff 0x7fb857000000 count 8388608 datatype 6 op 0 root 0 comm 0x55f3f1b8c250 [nranks=2] stream 0x55f3ea296770
c0b58536a5f1:1906493:1906493 [1] NCCL INFO AllReduce: opCount c5 sendbuff 0x7fb85d000000 recvbuff 0x7fb85d000000 count 8388608 datatype 6 op 0 root 0 comm 0x55f3f1b8c250 [nranks=2] stream 0x55f3ea296770
c0b58536a5f1:1906493:1906493 [1] NCCL INFO AllReduce: opCount c6 sendbuff 0x7fb868000000 recvbuff 0x7fb868000000 count 8388608 datatype 6 op 0 root 0 comm 0x55f3f1b8c250 [nranks=2] stream 0x55f3ea296770
c0b58536a5f1:1906493:1906493 [1] NCCL INFO AllReduce: opCount c7 sendbuff 0x7fb876000000 recvbuff 0x7fb876000000 count 8388608 datatype 6 op 0 root 0 comm 0x55f3f1b8c250 [nranks=2] stream 0x55f3ea296770
c0b58536a5f1:1906493:1906493 [1] NCCL INFO AllReduce: opCount c8 sendbuff 0x7fb930000000 recvbuff 0x7fb930000000 count 8388608 datatype 6 op 0 root 0 comm 0x55f3f1b8c250 [nranks=2] stream 0x55f3ea296770
c0b58536a5f1:1906493:1906493 [1] NCCL INFO AllReduce: opCount c9 sendbuff 0x7fb8b8000000 recvbuff 0x7fb8b8000000 count 8388608 datatype 6 op 0 root 0 comm 0x55f3f1b8c250 [nranks=2] stream 0x55f3ea296770
c0b58536a5f1:1906493:1906493 [1] NCCL INFO AllReduce: opCount ca sendbuff 0x7fb7f2000000 recvbuff 0x7fb7f2000000 count 8388608 datatype 6 op 0 root 0 comm 0x55f3f1b8c250 [nranks=2] stream 0x55f3ea296770
c0b58536a5f1:1906493:1906493 [1] NCCL INFO AllReduce: opCount cb sendbuff 0x7fb7f8000000 recvbuff 0x7fb7f8000000 count 8388608 datatype 6 op 0 root 0 comm 0x55f3f1b8c250 [nranks=2] stream 0x55f3ea296770
c0b58536a5f1:1906493:1906493 [1] NCCL INFO AllReduce: opCount cc sendbuff 0x7fb7efdb8000 recvbuff 0x7fb7efdb8000 count 8192 datatype 7 op 2 root 0 comm 0x55f3f1b8c250 [nranks=2] stream 0x55f3ea296770
c0b58536a5f1:1906493:1906493 [1] NCCL INFO AllReduce: opCount cd sendbuff 0x7fb7efde8000 recvbuff 0x7fb7efde8000 count 8192 datatype 7 op 0 root 0 comm 0x55f3f1b8c250 [nranks=2] stream 0x55f3ea296770
c0b58536a5f1:1906493:1906493 [1] NCCL INFO AllReduce: opCount ce sendbuff 0x7fb7efde0000 recvbuff 0x7fb7efde0000 count 8192 datatype 7 op 0 root 0 comm 0x55f3f1b8c250 [nranks=2] stream 0x55f3ea296770
c0b58536a5f1:1906493:1906977 [1] NCCL INFO AllReduce: opCount cf sendbuff 0x7fb80b000000 recvbuff 0x7fb80b000000 count 8388608 datatype 6 op 0 root 0 comm 0x55f3f1b8c250 [nranks=2] stream 0x55f3ea296770
c0b58536a5f1:1906493:1906977 [1] NCCL INFO AllReduce: opCount d0 sendbuff 0x7fb7f9000000 recvbuff 0x7fb7f9000000 count 8388608 datatype 6 op 0 root 0 comm 0x55f3f1b8c250 [nranks=2] stream 0x55f3ea296770
c0b58536a5f1:1906493:1906977 [1] NCCL INFO AllReduce: opCount d1 sendbuff 0x7fb7fa000000 recvbuff 0x7fb7fa000000 count 8388608 datatype 6 op 0 root 0 comm 0x55f3f1b8c250 [nranks=2] stream 0x55f3ea296770
c0b58536a5f1:1906493:1906977 [1] NCCL INFO AllReduce: opCount d2 sendbuff 0x7fb818000000 recvbuff 0x7fb818000000 count 8388608 datatype 6 op 0 root 0 comm 0x55f3f1b8c250 [nranks=2] stream 0x55f3ea296770
c0b58536a5f1:1906493:1906977 [1] NCCL INFO AllReduce: opCount d3 sendbuff 0x7fb848000000 recvbuff 0x7fb848000000 count 8388608 datatype 6 op 0 root 0 comm 0x55f3f1b8c250 [nranks=2] stream 0x55f3ea296770
c0b58536a5f1:1906493:1906977 [1] NCCL INFO AllReduce: opCount d4 sendbuff 0x7fb857000000 recvbuff 0x7fb857000000 count 8388608 datatype 6 op 0 root 0 comm 0x55f3f1b8c250 [nranks=2] stream 0x55f3ea296770
c0b58536a5f1:1906493:1906977 [1] NCCL INFO AllReduce: opCount d5 sendbuff 0x7fb85d000000 recvbuff 0x7fb85d000000 count 8388608 datatype 6 op 0 root 0 comm 0x55f3f1b8c250 [nranks=2] stream 0x55f3ea296770
c0b58536a5f1:1906493:1906977 [1] NCCL INFO AllReduce: opCount d6 sendbuff 0x7fb872000000 recvbuff 0x7fb872000000 count 8388608 datatype 6 op 0 root 0 comm 0x55f3f1b8c250 [nranks=2] stream 0x55f3ea296770
c0b58536a5f1:1906493:1906977 [1] NCCL INFO AllReduce: opCount d7 sendbuff 0x7fb879000000 recvbuff 0x7fb879000000 count 8388608 datatype 6 op 0 root 0 comm 0x55f3f1b8c250 [nranks=2] stream 0x55f3ea296770
c0b58536a5f1:1906493:1906977 [1] NCCL INFO AllReduce: opCount d8 sendbuff 0x7fb80a000000 recvbuff 0x7fb80a000000 count 8388608 datatype 6 op 0 root 0 comm 0x55f3f1b8c250 [nranks=2] stream 0x55f3ea296770
c0b58536a5f1:1906493:1906977 [1] NCCL INFO AllReduce: opCount d9 sendbuff 0x7fb812000000 recvbuff 0x7fb812000000 count 8388608 datatype 6 op 0 root 0 comm 0x55f3f1b8c250 [nranks=2] stream 0x55f3ea296770
c0b58536a5f1:1906493:1906977 [1] NCCL INFO AllReduce: opCount da sendbuff 0x7fb814000000 recvbuff 0x7fb814000000 count 8388608 datatype 6 op 0 root 0 comm 0x55f3f1b8c250 [nranks=2] stream 0x55f3ea296770
c0b58536a5f1:1906493:1906977 [1] NCCL INFO AllReduce: opCount db sendbuff 0x7fb820000000 recvbuff 0x7fb820000000 count 8388608 datatype 6 op 0 root 0 comm 0x55f3f1b8c250 [nranks=2] stream 0x55f3ea296770
c0b58536a5f1:1906493:1906977 [1] NCCL INFO AllReduce: opCount dc sendbuff 0x7fb83e000000 recvbuff 0x7fb83e000000 count 8388608 datatype 6 op 0 root 0 comm 0x55f3f1b8c250 [nranks=2] stream 0x55f3ea296770
c0b58536a5f1:1906493:1906977 [1] NCCL INFO AllReduce: opCount dd sendbuff 0x7fb82e000000 recvbuff 0x7fb82e000000 count 8388608 datatype 6 op 0 root 0 comm 0x55f3f1b8c250 [nranks=2] stream 0x55f3ea296770
c0b58536a5f1:1906493:1906977 [1] NCCL INFO AllReduce: opCount de sendbuff 0x7fb858000000 recvbuff 0x7fb858000000 count 8388608 datatype 6 op 0 root 0 comm 0x55f3f1b8c250 [nranks=2] stream 0x55f3ea296770
c0b58536a5f1:1906493:1906977 [1] NCCL INFO AllReduce: opCount df sendbuff 0x7fb822000000 recvbuff 0x7fb822000000 count 8388608 datatype 6 op 0 root 0 comm 0x55f3f1b8c250 [nranks=2] stream 0x55f3ea296770
c0b58536a5f1:1906493:1906977 [1] NCCL INFO AllReduce: opCount e0 sendbuff 0x7fb826000000 recvbuff 0x7fb826000000 count 8388608 datatype 6 op 0 root 0 comm 0x55f3f1b8c250 [nranks=2] stream 0x55f3ea296770
c0b58536a5f1:1906493:1906977 [1] NCCL INFO AllReduce: opCount e1 sendbuff 0x7fb83d000000 recvbuff 0x7fb83d000000 count 8388608 datatype 6 op 0 root 0 comm 0x55f3f1b8c250 [nranks=2] stream 0x55f3ea296770
c0b58536a5f1:1906493:1906977 [1] NCCL INFO AllReduce: opCount e2 sendbuff 0x440800000 recvbuff 0x440800000 count 8388608 datatype 6 op 0 root 0 comm 0x55f3f1b8c250 [nranks=2] stream 0x55f3ea296770
c0b58536a5f1:1906493:1906977 [1] NCCL INFO AllReduce: opCount e3 sendbuff 0x7fb80b000000 recvbuff 0x7fb80b000000 count 8388608 datatype 6 op 0 root 0 comm 0x55f3f1b8c250 [nranks=2] stream 0x55f3ea296770
c0b58536a5f1:1906493:1906977 [1] NCCL INFO AllReduce: opCount e4 sendbuff 0x7fb82f000000 recvbuff 0x7fb82f000000 count 8388608 datatype 6 op 0 root 0 comm 0x55f3f1b8c250 [nranks=2] stream 0x55f3ea296770
c0b58536a5f1:1906493:1906977 [1] NCCL INFO AllReduce: opCount e5 sendbuff 0x7fb828000000 recvbuff 0x7fb828000000 count 8388608 datatype 6 op 0 root 0 comm 0x55f3f1b8c250 [nranks=2] stream 0x55f3ea296770
c0b58536a5f1:1906493:1906977 [1] NCCL INFO AllReduce: opCount e6 sendbuff 0x7fb830000000 recvbuff 0x7fb830000000 count 8388608 datatype 6 op 0 root 0 comm 0x55f3f1b8c250 [nranks=2] stream 0x55f3ea296770
c0b58536a5f1:1906493:1906977 [1] NCCL INFO AllReduce: opCount e7 sendbuff 0x7fb818000000 recvbuff 0x7fb818000000 count 8388608 datatype 6 op 0 root 0 comm 0x55f3f1b8c250 [nranks=2] stream 0x55f3ea296770
c0b58536a5f1:1906493:1906493 [1] NCCL INFO Broadcast: opCount e8 sendbuff 0x7fba533c1c00 recvbuff 0x7fba533c1c00 count 65536 datatype 0 op 0 root 0 comm 0x55f3f1b8c250 [nranks=2] stream 0x55f3ea296770
c0b58536a5f1:1906493:1906493 [1] NCCL INFO Broadcast: opCount e9 sendbuff 0x7fb84b588000 recvbuff 0x7fb84b588000 count 65536 datatype 0 op 0 root 0 comm 0x55f3f1b8c250 [nranks=2] stream 0x55f3ea296770
c0b58536a5f1:1906493:1906493 [1] NCCL INFO Broadcast: opCount ea sendbuff 0x7fba533d1c00 recvbuff 0x7fba533d1c00 count 32768 datatype 0 op 0 root 0 comm 0x55f3f1b8c250 [nranks=2] stream 0x55f3ea296770
c0b58536a5f1:1906493:1906493 [1] NCCL INFO Broadcast: opCount eb sendbuff 0x7fb810000000 recvbuff 0x7fb810000000 count 8388608 datatype 0 op 0 root 0 comm 0x55f3f1b8c250 [nranks=2] stream 0x55f3ea296770
c0b58536a5f1:1906493:1906493 [1] NCCL INFO Broadcast: opCount ec sendbuff 0x7fb84b598000 recvbuff 0x7fb84b598000 count 65536 datatype 0 op 0 root 0 comm 0x55f3f1b8c250 [nranks=2] stream 0x55f3ea296770
c0b58536a5f1:1906493:1906493 [1] NCCL INFO AllReduce: opCount ed sendbuff 0x7fb819000000 recvbuff 0x7fb819000000 count 8388608 datatype 6 op 0 root 0 comm 0x55f3f1b8c250 [nranks=2] stream 0x55f3ea296770
c0b58536a5f1:1906493:1906493 [1] NCCL INFO AllReduce: opCount ee sendbuff 0x7fb837000000 recvbuff 0x7fb837000000 count 8388608 datatype 6 op 0 root 0 comm 0x55f3f1b8c250 [nranks=2] stream 0x55f3ea296770
c0b58536a5f1:1906493:1906493 [1] NCCL INFO AllReduce: opCount ef sendbuff 0x7fb842000000 recvbuff 0x7fb842000000 count 8388608 datatype 6 op 0 root 0 comm 0x55f3f1b8c250 [nranks=2] stream 0x55f3ea296770
c0b58536a5f1:1906493:1906493 [1] NCCL INFO AllReduce: opCount f0 sendbuff 0x7fb856000000 recvbuff 0x7fb856000000 count 8388608 datatype 6 op 0 root 0 comm 0x55f3f1b8c250 [nranks=2] stream 0x55f3ea296770
c0b58536a5f1:1906493:1906493 [1] NCCL INFO AllReduce: opCount f1 sendbuff 0x7fb85d000000 recvbuff 0x7fb85d000000 count 8388608 datatype 6 op 0 root 0 comm 0x55f3f1b8c250 [nranks=2] stream 0x55f3ea296770
c0b58536a5f1:1906493:1906493 [1] NCCL INFO AllReduce: opCount f2 sendbuff 0x7fb872000000 recvbuff 0x7fb872000000 count 8388608 datatype 6 op 0 root 0 comm 0x55f3f1b8c250 [nranks=2] stream 0x55f3ea296770
c0b58536a5f1:1906493:1906493 [1] NCCL INFO AllReduce: opCount f3 sendbuff 0x7fb878000000 recvbuff 0x7fb878000000 count 8388608 datatype 6 op 0 root 0 comm 0x55f3f1b8c250 [nranks=2] stream 0x55f3ea296770
c0b58536a5f1:1906493:1906493 [1] NCCL INFO AllReduce: opCount f4 sendbuff 0x7fb889000000 recvbuff 0x7fb889000000 count 8388608 datatype 6 op 0 root 0 comm 0x55f3f1b8c250 [nranks=2] stream 0x55f3ea296770
c0b58536a5f1:1906493:1906493 [1] NCCL INFO AllReduce: opCount f5 sendbuff 0x7fb82e000000 recvbuff 0x7fb82e000000 count 8388608 datatype 6 op 0 root 0 comm 0x55f3f1b8c250 [nranks=2] stream 0x55f3ea296770
c0b58536a5f1:1906493:1906493 [1] NCCL INFO AllReduce: opCount f6 sendbuff 0x7fb93c000000 recvbuff 0x7fb93c000000 count 8388608 datatype 6 op 0 root 0 comm 0x55f3f1b8c250 [nranks=2] stream 0x55f3ea296770
c0b58536a5f1:1906493:1906493 [1] NCCL INFO AllReduce: opCount f7 sendbuff 0x7fb822000000 recvbuff 0x7fb822000000 count 8388608 datatype 6 op 0 root 0 comm 0x55f3f1b8c250 [nranks=2] stream 0x55f3ea296770
c0b58536a5f1:1906493:1906493 [1] NCCL INFO AllReduce: opCount f8 sendbuff 0x7fb858000000 recvbuff 0x7fb858000000 count 8388608 datatype 6 op 0 root 0 comm 0x55f3f1b8c250 [nranks=2] stream 0x55f3ea296770
c0b58536a5f1:1906493:1906493 [1] NCCL INFO AllReduce: opCount f9 sendbuff 0x7fb866000000 recvbuff 0x7fb866000000 count 8388608 datatype 6 op 0 root 0 comm 0x55f3f1b8c250 [nranks=2] stream 0x55f3ea296770
c0b58536a5f1:1906493:1906493 [1] NCCL INFO AllReduce: opCount fa sendbuff 0x7fb884000000 recvbuff 0x7fb884000000 count 8388608 datatype 6 op 0 root 0 comm 0x55f3f1b8c250 [nranks=2] stream 0x55f3ea296770
c0b58536a5f1:1906493:1906493 [1] NCCL INFO AllReduce: opCount fb sendbuff 0x7fb892000000 recvbuff 0x7fb892000000 count 8388608 datatype 6 op 0 root 0 comm 0x55f3f1b8c250 [nranks=2] stream 0x55f3ea296770
c0b58536a5f1:1906493:1906493 [1] NCCL INFO AllReduce: opCount fc sendbuff 0x7fb828000000 recvbuff 0x7fb828000000 count 8388608 datatype 6 op 0 root 0 comm 0x55f3f1b8c250 [nranks=2] stream 0x55f3ea296770
c0b58536a5f1:1906493:1906493 [1] NCCL INFO AllReduce: opCount fd sendbuff 0x7fb830000000 recvbuff 0x7fb830000000 count 8388608 datatype 6 op 0 root 0 comm 0x55f3f1b8c250 [nranks=2] stream 0x55f3ea296770
c0b58536a5f1:1906493:1906493 [1] NCCL INFO AllReduce: opCount fe sendbuff 0x7fb85a000000 recvbuff 0x7fb85a000000 count 8388608 datatype 6 op 0 root 0 comm 0x55f3f1b8c250 [nranks=2] stream 0x55f3ea296770
c0b58536a5f1:1906493:1906493 [1] NCCL INFO AllReduce: opCount ff sendbuff 0x7fb876000000 recvbuff 0x7fb876000000 count 8388608 datatype 6 op 0 root 0 comm 0x55f3f1b8c250 [nranks=2] stream 0x55f3ea296770
c0b58536a5f1:1906493:1906493 [1] NCCL INFO AllReduce: opCount 100 sendbuff 0x7fb930000000 recvbuff 0x7fb930000000 count 8388608 datatype 6 op 0 root 0 comm 0x55f3f1b8c250 [nranks=2] stream 0x55f3ea296770
c0b58536a5f1:1906493:1906493 [1] NCCL INFO AllReduce: opCount 101 sendbuff 0x7fb842000000 recvbuff 0x7fb842000000 count 8388608 datatype 6 op 0 root 0 comm 0x55f3f1b8c250 [nranks=2] stream 0x55f3ea296770
c0b58536a5f1:1906493:1906493 [1] NCCL INFO AllReduce: opCount 102 sendbuff 0x7fb8b8800000 recvbuff 0x7fb8b8800000 count 8388608 datatype 6 op 0 root 0 comm 0x55f3f1b8c250 [nranks=2] stream 0x55f3ea296770
c0b58536a5f1:1906493:1906493 [1] NCCL INFO AllReduce: opCount 103 sendbuff 0x7fb872000000 recvbuff 0x7fb872000000 count 8388608 datatype 6 op 0 root 0 comm 0x55f3f1b8c250 [nranks=2] stream 0x55f3ea296770
c0b58536a5f1:1906493:1906493 [1] NCCL INFO AllReduce: opCount 104 sendbuff 0x7fb7f7000000 recvbuff 0x7fb7f7000000 count 8388608 datatype 6 op 0 root 0 comm 0x55f3f1b8c250 [nranks=2] stream 0x55f3ea296770
c0b58536a5f1:1906493:1906493 [1] NCCL INFO AllReduce: opCount 105 sendbuff 0x7fb7fd000000 recvbuff 0x7fb7fd000000 count 8388608 datatype 6 op 0 root 0 comm 0x55f3f1b8c250 [nranks=2] stream 0x55f3ea296770
c0b58536a5f1:1906493:1906493 [1] NCCL INFO AllReduce: opCount 106 sendbuff 0x7fb797428000 recvbuff 0x7fb797428000 count 8192 datatype 7 op 2 root 0 comm 0x55f3f1b8c250 [nranks=2] stream 0x55f3ea296770
c0b58536a5f1:1906493:1906493 [1] NCCL INFO AllReduce: opCount 107 sendbuff 0x7fb797458000 recvbuff 0x7fb797458000 count 8192 datatype 7 op 0 root 0 comm 0x55f3f1b8c250 [nranks=2] stream 0x55f3ea296770
c0b58536a5f1:1906493:1906493 [1] NCCL INFO AllReduce: opCount 108 sendbuff 0x7fb797450000 recvbuff 0x7fb797450000 count 8192 datatype 7 op 0 root 0 comm 0x55f3f1b8c250 [nranks=2] stream 0x55f3ea296770
c0b58536a5f1:1906493:1906977 [1] NCCL INFO AllReduce: opCount 109 sendbuff 0x7fb93c000000 recvbuff 0x7fb93c000000 count 8388608 datatype 6 op 0 root 0 comm 0x55f3f1b8c250 [nranks=2] stream 0x55f3ea296770
c0b58536a5f1:1906493:1906977 [1] NCCL INFO AllReduce: opCount 10a sendbuff 0x7fb82e000000 recvbuff 0x7fb82e000000 count 8388608 datatype 6 op 0 root 0 comm 0x55f3f1b8c250 [nranks=2] stream 0x55f3ea296770
c0b58536a5f1:1906493:1906977 [1] NCCL INFO AllReduce: opCount 10b sendbuff 0x7fb7fe000000 recvbuff 0x7fb7fe000000 count 8388608 datatype 6 op 0 root 0 comm 0x55f3f1b8c250 [nranks=2] stream 0x55f3ea296770
c0b58536a5f1:1906493:1906977 [1] NCCL INFO AllReduce: opCount 10c sendbuff 0x7fb878000000 recvbuff 0x7fb878000000 count 8388608 datatype 6 op 0 root 0 comm 0x55f3f1b8c250 [nranks=2] stream 0x55f3ea296770
c0b58536a5f1:1906493:1906977 [1] NCCL INFO AllReduce: opCount 10d sendbuff 0x7fb856000000 recvbuff 0x7fb856000000 count 8388608 datatype 6 op 0 root 0 comm 0x55f3f1b8c250 [nranks=2] stream 0x55f3ea296770
c0b58536a5f1:1906493:1906977 [1] NCCL INFO AllReduce: opCount 10e sendbuff 0x7fb85d000000 recvbuff 0x7fb85d000000 count 8388608 datatype 6 op 0 root 0 comm 0x55f3f1b8c250 [nranks=2] stream 0x55f3ea296770
c0b58536a5f1:1906493:1906977 [1] NCCL INFO AllReduce: opCount 10f sendbuff 0x7fb819000000 recvbuff 0x7fb819000000 count 8388608 datatype 6 op 0 root 0 comm 0x55f3f1b8c250 [nranks=2] stream 0x55f3ea296770
c0b58536a5f1:1906493:1906977 [1] NCCL INFO AllReduce: opCount 110 sendbuff 0x7fb828000000 recvbuff 0x7fb828000000 count 8388608 datatype 6 op 0 root 0 comm 0x55f3f1b8c250 [nranks=2] stream 0x55f3ea296770
c0b58536a5f1:1906493:1906977 [1] NCCL INFO AllReduce: opCount 111 sendbuff 0x7fb818000000 recvbuff 0x7fb818000000 count 8388608 datatype 6 op 0 root 0 comm 0x55f3f1b8c250 [nranks=2] stream 0x55f3ea296770
c0b58536a5f1:1906493:1906977 [1] NCCL INFO AllReduce: opCount 112 sendbuff 0x7fb830000000 recvbuff 0x7fb830000000 count 8388608 datatype 6 op 0 root 0 comm 0x55f3f1b8c250 [nranks=2] stream 0x55f3ea296770
c0b58536a5f1:1906493:1906977 [1] NCCL INFO AllReduce: opCount 113 sendbuff 0x7fb837000000 recvbuff 0x7fb837000000 count 8388608 datatype 6 op 0 root 0 comm 0x55f3f1b8c250 [nranks=2] stream 0x55f3ea296770
c0b58536a5f1:1906493:1906977 [1] NCCL INFO AllReduce: opCount 114 sendbuff 0x7fb82f000000 recvbuff 0x7fb82f000000 count 8388608 datatype 6 op 0 root 0 comm 0x55f3f1b8c250 [nranks=2] stream 0x55f3ea296770
c0b58536a5f1:1906493:1906977 [1] NCCL INFO AllReduce: opCount 115 sendbuff 0x7fb80b000000 recvbuff 0x7fb80b000000 count 8388608 datatype 6 op 0 root 0 comm 0x55f3f1b8c250 [nranks=2] stream 0x55f3ea296770
c0b58536a5f1:1906493:1906977 [1] NCCL INFO AllReduce: opCount 116 sendbuff 0x440800000 recvbuff 0x440800000 count 8388608 datatype 6 op 0 root 0 comm 0x55f3f1b8c250 [nranks=2] stream 0x55f3ea296770
c0b58536a5f1:1906493:1906977 [1] NCCL INFO AllReduce: opCount 117 sendbuff 0x7fb81f000000 recvbuff 0x7fb81f000000 count 8388608 datatype 6 op 0 root 0 comm 0x55f3f1b8c250 [nranks=2] stream 0x55f3ea296770
c0b58536a5f1:1906493:1906977 [1] NCCL INFO AllReduce: opCount 118 sendbuff 0x7fb826000000 recvbuff 0x7fb826000000 count 8388608 datatype 6 op 0 root 0 comm 0x55f3f1b8c250 [nranks=2] stream 0x55f3ea296770
c0b58536a5f1:1906493:1906977 [1] NCCL INFO AllReduce: opCount 119 sendbuff 0x7fb83d000000 recvbuff 0x7fb83d000000 count 8388608 datatype 6 op 0 root 0 comm 0x55f3f1b8c250 [nranks=2] stream 0x55f3ea296770
c0b58536a5f1:1906493:1906977 [1] NCCL INFO AllReduce: opCount 11a sendbuff 0x7fb83e000000 recvbuff 0x7fb83e000000 count 8388608 datatype 6 op 0 root 0 comm 0x55f3f1b8c250 [nranks=2] stream 0x55f3ea296770
c0b58536a5f1:1906493:1906977 [1] NCCL INFO AllReduce: opCount 11b sendbuff 0x7fb842000000 recvbuff 0x7fb842000000 count 8388608 datatype 6 op 0 root 0 comm 0x55f3f1b8c250 [nranks=2] stream 0x55f3ea296770
c0b58536a5f1:1906493:1906977 [1] NCCL INFO AllReduce: opCount 11c sendbuff 0x7fb820000000 recvbuff 0x7fb820000000 count 8388608 datatype 6 op 0 root 0 comm 0x55f3f1b8c250 [nranks=2] stream 0x55f3ea296770
c0b58536a5f1:1906493:1906977 [1] NCCL INFO AllReduce: opCount 11d sendbuff 0x7fb814000000 recvbuff 0x7fb814000000 count 8388608 datatype 6 op 0 root 0 comm 0x55f3f1b8c250 [nranks=2] stream 0x55f3ea296770
c0b58536a5f1:1906493:1906977 [1] NCCL INFO AllReduce: opCount 11e sendbuff 0x7fb812000000 recvbuff 0x7fb812000000 count 8388608 datatype 6 op 0 root 0 comm 0x55f3f1b8c250 [nranks=2] stream 0x55f3ea296770
c0b58536a5f1:1906493:1906977 [1] NCCL INFO AllReduce: opCount 11f sendbuff 0x7fb84a000000 recvbuff 0x7fb84a000000 count 8388608 datatype 6 op 0 root 0 comm 0x55f3f1b8c250 [nranks=2] stream 0x55f3ea296770
c0b58536a5f1:1906493:1906977 [1] NCCL INFO AllReduce: opCount 120 sendbuff 0x7fb843000000 recvbuff 0x7fb843000000 count 8388608 datatype 6 op 0 root 0 comm 0x55f3f1b8c250 [nranks=2] stream 0x55f3ea296770
c0b58536a5f1:1906493:1906977 [1] NCCL INFO AllReduce: opCount 121 sendbuff 0x7fb834000000 recvbuff 0x7fb834000000 count 8388608 datatype 6 op 0 root 0 comm 0x55f3f1b8c250 [nranks=2] stream 0x55f3ea296770
c0b58536a5f1:1906493:1906493 [1] NCCL INFO Broadcast: opCount 122 sendbuff 0x7fb84b587c00 recvbuff 0x7fb84b587c00 count 65536 datatype 0 op 0 root 0 comm 0x55f3f1b8c250 [nranks=2] stream 0x55f3ea296770
c0b58536a5f1:1906493:1906493 [1] NCCL INFO Broadcast: opCount 123 sendbuff 0x7fba533c1c00 recvbuff 0x7fba533c1c00 count 65536 datatype 0 op 0 root 0 comm 0x55f3f1b8c250 [nranks=2] stream 0x55f3ea296770
c0b58536a5f1:1906493:1906493 [1] NCCL INFO Broadcast: opCount 124 sendbuff 0x7fba533d1c00 recvbuff 0x7fba533d1c00 count 32768 datatype 0 op 0 root 0 comm 0x55f3f1b8c250 [nranks=2] stream 0x55f3ea296770
c0b58536a5f1:1906493:1906493 [1] NCCL INFO Broadcast: opCount 125 sendbuff 0x7fb810800000 recvbuff 0x7fb810800000 count 8388608 datatype 0 op 0 root 0 comm 0x55f3f1b8c250 [nranks=2] stream 0x55f3ea296770
c0b58536a5f1:1906493:1906493 [1] NCCL INFO Broadcast: opCount 126 sendbuff 0x7fb893400000 recvbuff 0x7fb893400000 count 65536 datatype 0 op 0 root 0 comm 0x55f3f1b8c250 [nranks=2] stream 0x55f3ea296770
c0b58536a5f1:1906493:1906493 [1] NCCL INFO AllReduce: opCount 127 sendbuff 0x7fb81e000000 recvbuff 0x7fb81e000000 count 8388608 datatype 6 op 0 root 0 comm 0x55f3f1b8c250 [nranks=2] stream 0x55f3ea296770
c0b58536a5f1:1906493:1906493 [1] NCCL INFO AllReduce: opCount 128 sendbuff 0x7fb840000000 recvbuff 0x7fb840000000 count 8388608 datatype 6 op 0 root 0 comm 0x55f3f1b8c250 [nranks=2] stream 0x55f3ea296770
c0b58536a5f1:1906493:1906493 [1] NCCL INFO AllReduce: opCount 129 sendbuff 0x7fb84e000000 recvbuff 0x7fb84e000000 count 8388608 datatype 6 op 0 root 0 comm 0x55f3f1b8c250 [nranks=2] stream 0x55f3ea296770
c0b58536a5f1:1906493:1906493 [1] NCCL INFO AllReduce: opCount 12a sendbuff 0x7fb85e000000 recvbuff 0x7fb85e000000 count 8388608 datatype 6 op 0 root 0 comm 0x55f3f1b8c250 [nranks=2] stream 0x55f3ea296770
c0b58536a5f1:1906493:1906493 [1] NCCL INFO AllReduce: opCount 12b sendbuff 0x7fb86a000000 recvbuff 0x7fb86a000000 count 8388608 datatype 6 op 0 root 0 comm 0x55f3f1b8c250 [nranks=2] stream 0x55f3ea296770
c0b58536a5f1:1906493:1906493 [1] NCCL INFO AllReduce: opCount 12c sendbuff 0x7fb874000000 recvbuff 0x7fb874000000 count 8388608 datatype 6 op 0 root 0 comm 0x55f3f1b8c250 [nranks=2] stream 0x55f3ea296770
c0b58536a5f1:1906493:1906493 [1] NCCL INFO AllReduce: opCount 12d sendbuff 0x7fb879000000 recvbuff 0x7fb879000000 count 8388608 datatype 6 op 0 root 0 comm 0x55f3f1b8c250 [nranks=2] stream 0x55f3ea296770
c0b58536a5f1:1906493:1906493 [1] NCCL INFO AllReduce: opCount 12e sendbuff 0x7fb818000000 recvbuff 0x7fb818000000 count 8388608 datatype 6 op 0 root 0 comm 0x55f3f1b8c250 [nranks=2] stream 0x55f3ea296770
c0b58536a5f1:1906493:1906493 [1] NCCL INFO AllReduce: opCount 12f sendbuff 0x7fb89a000000 recvbuff 0x7fb89a000000 count 8388608 datatype 6 op 0 root 0 comm 0x55f3f1b8c250 [nranks=2] stream 0x55f3ea296770
c0b58536a5f1:1906493:1906493 [1] NCCL INFO AllReduce: opCount 130 sendbuff 0x7fb925000000 recvbuff 0x7fb925000000 count 8388608 datatype 6 op 0 root 0 comm 0x55f3f1b8c250 [nranks=2] stream 0x55f3ea296770
c0b58536a5f1:1906493:1906493 [1] NCCL INFO AllReduce: opCount 131 sendbuff 0x7fb82f000000 recvbuff 0x7fb82f000000 count 8388608 datatype 6 op 0 root 0 comm 0x55f3f1b8c250 [nranks=2] stream 0x55f3ea296770
c0b58536a5f1:1906493:1906493 [1] NCCL INFO AllReduce: opCount 132 sendbuff 0x7fb830000000 recvbuff 0x7fb830000000 count 8388608 datatype 6 op 0 root 0 comm 0x55f3f1b8c250 [nranks=2] stream 0x55f3ea296770
c0b58536a5f1:1906493:1906493 [1] NCCL INFO AllReduce: opCount 133 sendbuff 0x7fb892000000 recvbuff 0x7fb892000000 count 8388608 datatype 6 op 0 root 0 comm 0x55f3f1b8c250 [nranks=2] stream 0x55f3ea296770
c0b58536a5f1:1906493:1906493 [1] NCCL INFO AllReduce: opCount 134 sendbuff 0x7fb8ac000000 recvbuff 0x7fb8ac000000 count 8388608 datatype 6 op 0 root 0 comm 0x55f3f1b8c250 [nranks=2] stream 0x55f3ea296770
c0b58536a5f1:1906493:1906493 [1] NCCL INFO AllReduce: opCount 135 sendbuff 0x7fb824000000 recvbuff 0x7fb824000000 count 8388608 datatype 6 op 0 root 0 comm 0x55f3f1b8c250 [nranks=2] stream 0x55f3ea296770
c0b58536a5f1:1906493:1906493 [1] NCCL INFO AllReduce: opCount 136 sendbuff 0x7fb85a000000 recvbuff 0x7fb85a000000 count 8388608 datatype 6 op 0 root 0 comm 0x55f3f1b8c250 [nranks=2] stream 0x55f3ea296770
c0b58536a5f1:1906493:1906493 [1] NCCL INFO AllReduce: opCount 137 sendbuff 0x7fb842000000 recvbuff 0x7fb842000000 count 8388608 datatype 6 op 0 root 0 comm 0x55f3f1b8c250 [nranks=2] stream 0x55f3ea296770
c0b58536a5f1:1906493:1906493 [1] NCCL INFO AllReduce: opCount 138 sendbuff 0x7fb8a4000000 recvbuff 0x7fb8a4000000 count 8388608 datatype 6 op 0 root 0 comm 0x55f3f1b8c250 [nranks=2] stream 0x55f3ea296770
c0b58536a5f1:1906493:1906493 [1] NCCL INFO AllReduce: opCount 139 sendbuff 0x7fb814000000 recvbuff 0x7fb814000000 count 8388608 datatype 6 op 0 root 0 comm 0x55f3f1b8c250 [nranks=2] stream 0x55f3ea296770
c0b58536a5f1:1906493:1906493 [1] NCCL INFO AllReduce: opCount 13a sendbuff 0x7fb812000000 recvbuff 0x7fb812000000 count 8388608 datatype 6 op 0 root 0 comm 0x55f3f1b8c250 [nranks=2] stream 0x55f3ea296770
c0b58536a5f1:1906493:1906493 [1] NCCL INFO AllReduce: opCount 13b sendbuff 0x7fb89d000000 recvbuff 0x7fb89d000000 count 8388608 datatype 6 op 0 root 0 comm 0x55f3f1b8c250 [nranks=2] stream 0x55f3ea296770
c0b58536a5f1:1906493:1906493 [1] NCCL INFO AllReduce: opCount 13c sendbuff 0x7fb834000000 recvbuff 0x7fb834000000 count 8388608 datatype 6 op 0 root 0 comm 0x55f3f1b8c250 [nranks=2] stream 0x55f3ea296770
c0b58536a5f1:1906493:1906493 [1] NCCL INFO AllReduce: opCount 13d sendbuff 0x7fb7f4000000 recvbuff 0x7fb7f4000000 count 8388608 datatype 6 op 0 root 0 comm 0x55f3f1b8c250 [nranks=2] stream 0x55f3ea296770
c0b58536a5f1:1906493:1906493 [1] NCCL INFO AllReduce: opCount 13e sendbuff 0x7fb7fa000000 recvbuff 0x7fb7fa000000 count 8388608 datatype 6 op 0 root 0 comm 0x55f3f1b8c250 [nranks=2] stream 0x55f3ea296770
c0b58536a5f1:1906493:1906493 [1] NCCL INFO AllReduce: opCount 13f sendbuff 0x7fb7ff000000 recvbuff 0x7fb7ff000000 count 8388608 datatype 6 op 0 root 0 comm 0x55f3f1b8c250 [nranks=2] stream 0x55f3ea296770
c0b58536a5f1:1906493:1906493 [1] NCCL INFO AllReduce: opCount 140 sendbuff 0x7fb797788000 recvbuff 0x7fb797788000 count 8192 datatype 7 op 2 root 0 comm 0x55f3f1b8c250 [nranks=2] stream 0x55f3ea296770
c0b58536a5f1:1906493:1906493 [1] NCCL INFO AllReduce: opCount 141 sendbuff 0x7fb7977b8000 recvbuff 0x7fb7977b8000 count 8192 datatype 7 op 0 root 0 comm 0x55f3f1b8c250 [nranks=2] stream 0x55f3ea296770
c0b58536a5f1:1906493:1906493 [1] NCCL INFO AllReduce: opCount 142 sendbuff 0x7fb7977b0000 recvbuff 0x7fb7977b0000 count 8192 datatype 7 op 0 root 0 comm 0x55f3f1b8c250 [nranks=2] stream 0x55f3ea296770
c0b58536a5f1:1906493:1906977 [1] NCCL INFO AllReduce: opCount 143 sendbuff 0x7fb86a000000 recvbuff 0x7fb86a000000 count 8388608 datatype 6 op 0 root 0 comm 0x55f3f1b8c250 [nranks=2] stream 0x55f3ea296770
c0b58536a5f1:1906493:1906977 [1] NCCL INFO AllReduce: opCount 144 sendbuff 0x7fb800000000 recvbuff 0x7fb800000000 count 8388608 datatype 6 op 0 root 0 comm 0x55f3f1b8c250 [nranks=2] stream 0x55f3ea296770
c0b58536a5f1:1906493:1906977 [1] NCCL INFO AllReduce: opCount 145 sendbuff 0x7fb801000000 recvbuff 0x7fb801000000 count 8388608 datatype 6 op 0 root 0 comm 0x55f3f1b8c250 [nranks=2] stream 0x55f3ea296770
c0b58536a5f1:1906493:1906977 [1] NCCL INFO AllReduce: opCount 146 sendbuff 0x7fb818000000 recvbuff 0x7fb818000000 count 8388608 datatype 6 op 0 root 0 comm 0x55f3f1b8c250 [nranks=2] stream 0x55f3ea296770
c0b58536a5f1:1906493:1906977 [1] NCCL INFO AllReduce: opCount 147 sendbuff 0x7fb81e000000 recvbuff 0x7fb81e000000 count 8388608 datatype 6 op 0 root 0 comm 0x55f3f1b8c250 [nranks=2] stream 0x55f3ea296770
c0b58536a5f1:1906493:1906977 [1] NCCL INFO AllReduce: opCount 148 sendbuff 0x7fb840000000 recvbuff 0x7fb840000000 count 8388608 datatype 6 op 0 root 0 comm 0x55f3f1b8c250 [nranks=2] stream 0x55f3ea296770
c0b58536a5f1:1906493:1906977 [1] NCCL INFO AllReduce: opCount 149 sendbuff 0x7fb80a000000 recvbuff 0x7fb80a000000 count 8388608 datatype 6 op 0 root 0 comm 0x55f3f1b8c250 [nranks=2] stream 0x55f3ea296770
c0b58536a5f1:1906493:1906977 [1] NCCL INFO AllReduce: opCount 14a sendbuff 0x7fb82f000000 recvbuff 0x7fb82f000000 count 8388608 datatype 6 op 0 root 0 comm 0x55f3f1b8c250 [nranks=2] stream 0x55f3ea296770
c0b58536a5f1:1906493:1906977 [1] NCCL INFO AllReduce: opCount 14b sendbuff 0x7fb820000000 recvbuff 0x7fb820000000 count 8388608 datatype 6 op 0 root 0 comm 0x55f3f1b8c250 [nranks=2] stream 0x55f3ea296770
c0b58536a5f1:1906493:1906977 [1] NCCL INFO AllReduce: opCount 14c sendbuff 0x7fb830000000 recvbuff 0x7fb830000000 count 8388608 datatype 6 op 0 root 0 comm 0x55f3f1b8c250 [nranks=2] stream 0x55f3ea296770
c0b58536a5f1:1906493:1906977 [1] NCCL INFO AllReduce: opCount 14d sendbuff 0x7fb83e000000 recvbuff 0x7fb83e000000 count 8388608 datatype 6 op 0 root 0 comm 0x55f3f1b8c250 [nranks=2] stream 0x55f3ea296770
c0b58536a5f1:1906493:1906977 [1] NCCL INFO AllReduce: opCount 14e sendbuff 0x7fb83d000000 recvbuff 0x7fb83d000000 count 8388608 datatype 6 op 0 root 0 comm 0x55f3f1b8c250 [nranks=2] stream 0x55f3ea296770
c0b58536a5f1:1906493:1906977 [1] NCCL INFO AllReduce: opCount 14f sendbuff 0x7fb826000000 recvbuff 0x7fb826000000 count 8388608 datatype 6 op 0 root 0 comm 0x55f3f1b8c250 [nranks=2] stream 0x55f3ea296770
c0b58536a5f1:1906493:1906977 [1] NCCL INFO AllReduce: opCount 150 sendbuff 0x7fb81f000000 recvbuff 0x7fb81f000000 count 8388608 datatype 6 op 0 root 0 comm 0x55f3f1b8c250 [nranks=2] stream 0x55f3ea296770
c0b58536a5f1:1906493:1906977 [1] NCCL INFO AllReduce: opCount 151 sendbuff 0x440800000 recvbuff 0x440800000 count 8388608 datatype 6 op 0 root 0 comm 0x55f3f1b8c250 [nranks=2] stream 0x55f3ea296770
c0b58536a5f1:1906493:1906977 [1] NCCL INFO AllReduce: opCount 152 sendbuff 0x7fb80b000000 recvbuff 0x7fb80b000000 count 8388608 datatype 6 op 0 root 0 comm 0x55f3f1b8c250 [nranks=2] stream 0x55f3ea296770
c0b58536a5f1:1906493:1906977 [1] NCCL INFO AllReduce: opCount 153 sendbuff 0x7fb812000000 recvbuff 0x7fb812000000 count 8388608 datatype 6 op 0 root 0 comm 0x55f3f1b8c250 [nranks=2] stream 0x55f3ea296770
c0b58536a5f1:1906493:1906977 [1] NCCL INFO AllReduce: opCount 154 sendbuff 0x7fb814000000 recvbuff 0x7fb814000000 count 8388608 datatype 6 op 0 root 0 comm 0x55f3f1b8c250 [nranks=2] stream 0x55f3ea296770
c0b58536a5f1:1906493:1906977 [1] NCCL INFO AllReduce: opCount 155 sendbuff 0x7fb822000000 recvbuff 0x7fb822000000 count 8388608 datatype 6 op 0 root 0 comm 0x55f3f1b8c250 [nranks=2] stream 0x55f3ea296770
c0b58536a5f1:1906493:1906977 [1] NCCL INFO AllReduce: opCount 156 sendbuff 0x7fb828000000 recvbuff 0x7fb828000000 count 8388608 datatype 6 op 0 root 0 comm 0x55f3f1b8c250 [nranks=2] stream 0x55f3ea296770
c0b58536a5f1:1906493:1906977 [1] NCCL INFO AllReduce: opCount 157 sendbuff 0x7fb819000000 recvbuff 0x7fb819000000 count 8388608 datatype 6 op 0 root 0 comm 0x55f3f1b8c250 [nranks=2] stream 0x55f3ea296770
c0b58536a5f1:1906493:1906977 [1] NCCL INFO AllReduce: opCount 158 sendbuff 0x7fb834000000 recvbuff 0x7fb834000000 count 8388608 datatype 6 op 0 root 0 comm 0x55f3f1b8c250 [nranks=2] stream 0x55f3ea296770
c0b58536a5f1:1906493:1906977 [1] NCCL INFO AllReduce: opCount 159 sendbuff 0x7fb842000000 recvbuff 0x7fb842000000 count 8388608 datatype 6 op 0 root 0 comm 0x55f3f1b8c250 [nranks=2] stream 0x55f3ea296770
c0b58536a5f1:1906493:1906977 [1] NCCL INFO AllReduce: opCount 15a sendbuff 0x7fb843000000 recvbuff 0x7fb843000000 count 8388608 datatype 6 op 0 root 0 comm 0x55f3f1b8c250 [nranks=2] stream 0x55f3ea296770
c0b58536a5f1:1906493:1906977 [1] NCCL INFO AllReduce: opCount 15b sendbuff 0x7fb82e000000 recvbuff 0x7fb82e000000 count 8388608 datatype 6 op 0 root 0 comm 0x55f3f1b8c250 [nranks=2] stream 0x55f3ea296770
c0b58536a5f1:1906493:1906493 [1] NCCL INFO Broadcast: opCount 15c sendbuff 0x7fb84b597c00 recvbuff 0x7fb84b597c00 count 65536 datatype 0 op 0 root 0 comm 0x55f3f1b8c250 [nranks=2] stream 0x55f3ea296770
c0b58536a5f1:1906493:1906493 [1] NCCL INFO Broadcast: opCount 15d sendbuff 0x7fb797790000 recvbuff 0x7fb797790000 count 65536 datatype 0 op 0 root 0 comm 0x55f3f1b8c250 [nranks=2] stream 0x55f3ea296770
c0b58536a5f1:1906493:1906493 [1] NCCL INFO Broadcast: opCount 15e sendbuff 0x7fba533b8000 recvbuff 0x7fba533b8000 count 32768 datatype 0 op 0 root 0 comm 0x55f3f1b8c250 [nranks=2] stream 0x55f3ea296770
c0b58536a5f1:1906493:1906493 [1] NCCL INFO Broadcast: opCount 15f sendbuff 0x7fb856000000 recvbuff 0x7fb856000000 count 8388608 datatype 0 op 0 root 0 comm 0x55f3f1b8c250 [nranks=2] stream 0x55f3ea296770
c0b58536a5f1:1906493:1906493 [1] NCCL INFO Broadcast: opCount 160 sendbuff 0x7fb7977a0000 recvbuff 0x7fb7977a0000 count 65536 datatype 0 op 0 root 0 comm 0x55f3f1b8c250 [nranks=2] stream 0x55f3ea296770
c0b58536a5f1:1906493:1906493 [1] NCCL INFO AllReduce: opCount 161 sendbuff 0x7fb827000000 recvbuff 0x7fb827000000 count 8388608 datatype 6 op 0 root 0 comm 0x55f3f1b8c250 [nranks=2] stream 0x55f3ea296770
c0b58536a5f1:1906493:1906493 [1] NCCL INFO AllReduce: opCount 162 sendbuff 0x7fb849000000 recvbuff 0x7fb849000000 count 8388608 datatype 6 op 0 root 0 comm 0x55f3f1b8c250 [nranks=2] stream 0x55f3ea296770
c0b58536a5f1:1906493:1906493 [1] NCCL INFO AllReduce: opCount 163 sendbuff 0x7fb857000000 recvbuff 0x7fb857000000 count 8388608 datatype 6 op 0 root 0 comm 0x55f3f1b8c250 [nranks=2] stream 0x55f3ea296770
c0b58536a5f1:1906493:1906493 [1] NCCL INFO AllReduce: opCount 164 sendbuff 0x7fb866000000 recvbuff 0x7fb866000000 count 8388608 datatype 6 op 0 root 0 comm 0x55f3f1b8c250 [nranks=2] stream 0x55f3ea296770
c0b58536a5f1:1906493:1906493 [1] NCCL INFO AllReduce: opCount 165 sendbuff 0x7fb873000000 recvbuff 0x7fb873000000 count 8388608 datatype 6 op 0 root 0 comm 0x55f3f1b8c250 [nranks=2] stream 0x55f3ea296770
c0b58536a5f1:1906493:1906493 [1] NCCL INFO AllReduce: opCount 166 sendbuff 0x7fb882000000 recvbuff 0x7fb882000000 count 8388608 datatype 6 op 0 root 0 comm 0x55f3f1b8c250 [nranks=2] stream 0x55f3ea296770
c0b58536a5f1:1906493:1906493 [1] NCCL INFO AllReduce: opCount 167 sendbuff 0x7fb888000000 recvbuff 0x7fb888000000 count 8388608 datatype 6 op 0 root 0 comm 0x55f3f1b8c250 [nranks=2] stream 0x55f3ea296770
c0b58536a5f1:1906493:1906493 [1] NCCL INFO AllReduce: opCount 168 sendbuff 0x7fb898000000 recvbuff 0x7fb898000000 count 8388608 datatype 6 op 0 root 0 comm 0x55f3f1b8c250 [nranks=2] stream 0x55f3ea296770
c0b58536a5f1:1906493:1906493 [1] NCCL INFO AllReduce: opCount 169 sendbuff 0x7fb8a7000000 recvbuff 0x7fb8a7000000 count 8388608 datatype 6 op 0 root 0 comm 0x55f3f1b8c250 [nranks=2] stream 0x55f3ea296770
c0b58536a5f1:1906493:1906493 [1] NCCL INFO AllReduce: opCount 16a sendbuff 0x7fb961000000 recvbuff 0x7fb961000000 count 8388608 datatype 6 op 0 root 0 comm 0x55f3f1b8c250 [nranks=2] stream 0x55f3ea296770
c0b58536a5f1:1906493:1906493 [1] NCCL INFO AllReduce: opCount 16b sendbuff 0x7fb85e000000 recvbuff 0x7fb85e000000 count 8388608 datatype 6 op 0 root 0 comm 0x55f3f1b8c250 [nranks=2] stream 0x55f3ea296770
c0b58536a5f1:1906493:1906493 [1] NCCL INFO AllReduce: opCount 16c sendbuff 0x7fb840000000 recvbuff 0x7fb840000000 count 8388608 datatype 6 op 0 root 0 comm 0x55f3f1b8c250 [nranks=2] stream 0x55f3ea296770
c0b58536a5f1:1906493:1906493 [1] NCCL INFO AllReduce: opCount 16d sendbuff 0x7fb80a000000 recvbuff 0x7fb80a000000 count 8388608 datatype 6 op 0 root 0 comm 0x55f3f1b8c250 [nranks=2] stream 0x55f3ea296770
c0b58536a5f1:1906493:1906493 [1] NCCL INFO AllReduce: opCount 16e sendbuff 0x7fb868000000 recvbuff 0x7fb868000000 count 8388608 datatype 6 op 0 root 0 comm 0x55f3f1b8c250 [nranks=2] stream 0x55f3ea296770
c0b58536a5f1:1906493:1906493 [1] NCCL INFO AllReduce: opCount 16f sendbuff 0x7fb820000000 recvbuff 0x7fb820000000 count 8388608 datatype 6 op 0 root 0 comm 0x55f3f1b8c250 [nranks=2] stream 0x55f3ea296770
c0b58536a5f1:1906493:1906493 [1] NCCL INFO AllReduce: opCount 170 sendbuff 0x7fb930000000 recvbuff 0x7fb930000000 count 8388608 datatype 6 op 0 root 0 comm 0x55f3f1b8c250 [nranks=2] stream 0x55f3ea296770
c0b58536a5f1:1906493:1906493 [1] NCCL INFO AllReduce: opCount 171 sendbuff 0x7fb87c000000 recvbuff 0x7fb87c000000 count 8388608 datatype 6 op 0 root 0 comm 0x55f3f1b8c250 [nranks=2] stream 0x55f3ea296770
c0b58536a5f1:1906493:1906493 [1] NCCL INFO AllReduce: opCount 172 sendbuff 0x7fb88e000000 recvbuff 0x7fb88e000000 count 8388608 datatype 6 op 0 root 0 comm 0x55f3f1b8c250 [nranks=2] stream 0x55f3ea296770
c0b58536a5f1:1906493:1906493 [1] NCCL INFO AllReduce: opCount 173 sendbuff 0x7fb87e000000 recvbuff 0x7fb87e000000 count 8388608 datatype 6 op 0 root 0 comm 0x55f3f1b8c250 [nranks=2] stream 0x55f3ea296770
c0b58536a5f1:1906493:1906493 [1] NCCL INFO AllReduce: opCount 174 sendbuff 0x440800000 recvbuff 0x440800000 count 8388608 datatype 6 op 0 root 0 comm 0x55f3f1b8c250 [nranks=2] stream 0x55f3ea296770
c0b58536a5f1:1906493:1906493 [1] NCCL INFO AllReduce: opCount 175 sendbuff 0x7fb80b000000 recvbuff 0x7fb80b000000 count 8388608 datatype 6 op 0 root 0 comm 0x55f3f1b8c250 [nranks=2] stream 0x55f3ea296770
c0b58536a5f1:1906493:1906493 [1] NCCL INFO AllReduce: opCount 176 sendbuff 0x7fb7fb800000 recvbuff 0x7fb7fb800000 count 8388608 datatype 6 op 0 root 0 comm 0x55f3f1b8c250 [nranks=2] stream 0x55f3ea296770
c0b58536a5f1:1906493:1906493 [1] NCCL INFO AllReduce: opCount 177 sendbuff 0x7fb800800000 recvbuff 0x7fb800800000 count 8388608 datatype 6 op 0 root 0 comm 0x55f3f1b8c250 [nranks=2] stream 0x55f3ea296770
c0b58536a5f1:1906493:1906493 [1] NCCL INFO AllReduce: opCount 178 sendbuff 0x7fb7c3020000 recvbuff 0x7fb7c3020000 count 8388608 datatype 6 op 0 root 0 comm 0x55f3f1b8c250 [nranks=2] stream 0x55f3ea296770
c0b58536a5f1:1906493:1906493 [1] NCCL INFO AllReduce: opCount 179 sendbuff 0x7fb7c9020000 recvbuff 0x7fb7c9020000 count 8388608 datatype 6 op 0 root 0 comm 0x55f3f1b8c250 [nranks=2] stream 0x55f3ea296770
c0b58536a5f1:1906493:1906493 [1] NCCL INFO AllReduce: opCount 17a sendbuff 0x7fb84b508e00 recvbuff 0x7fb84b508e00 count 8192 datatype 7 op 2 root 0 comm 0x55f3f1b8c250 [nranks=2] stream 0x55f3ea296770
c0b58536a5f1:1906493:1906493 [1] NCCL INFO AllReduce: opCount 17b sendbuff 0x7fb84b538e00 recvbuff 0x7fb84b538e00 count 8192 datatype 7 op 0 root 0 comm 0x55f3f1b8c250 [nranks=2] stream 0x55f3ea296770
c0b58536a5f1:1906493:1906493 [1] NCCL INFO AllReduce: opCount 17c sendbuff 0x7fb84b530e00 recvbuff 0x7fb84b530e00 count 8192 datatype 7 op 0 root 0 comm 0x55f3f1b8c250 [nranks=2] stream 0x55f3ea296770
c0b58536a5f1:1906493:1906977 [1] NCCL INFO AllReduce: opCount 17d sendbuff 0x7fb834000000 recvbuff 0x7fb834000000 count 8388608 datatype 6 op 0 root 0 comm 0x55f3f1b8c250 [nranks=2] stream 0x55f3ea296770
c0b58536a5f1:1906493:1906977 [1] NCCL INFO AllReduce: opCount 17e sendbuff 0x7fb819000000 recvbuff 0x7fb819000000 count 8388608 datatype 6 op 0 root 0 comm 0x55f3f1b8c250 [nranks=2] stream 0x55f3ea296770
c0b58536a5f1:1906493:1906977 [1] NCCL INFO AllReduce: opCount 17f sendbuff 0x7fb82e000000 recvbuff 0x7fb82e000000 count 8388608 datatype 6 op 0 root 0 comm 0x55f3f1b8c250 [nranks=2] stream 0x55f3ea296770
c0b58536a5f1:1906493:1906977 [1] NCCL INFO AllReduce: opCount 180 sendbuff 0x7fb7be820000 recvbuff 0x7fb7be820000 count 8388608 datatype 6 op 0 root 0 comm 0x55f3f1b8c250 [nranks=2] stream 0x55f3ea296770
c0b58536a5f1:1906493:1906977 [1] NCCL INFO AllReduce: opCount 181 sendbuff 0x7fb7c2020000 recvbuff 0x7fb7c2020000 count 8388608 datatype 6 op 0 root 0 comm 0x55f3f1b8c250 [nranks=2] stream 0x55f3ea296770
c0b58536a5f1:1906493:1906977 [1] NCCL INFO AllReduce: opCount 182 sendbuff 0x7fb812000000 recvbuff 0x7fb812000000 count 8388608 datatype 6 op 0 root 0 comm 0x55f3f1b8c250 [nranks=2] stream 0x55f3ea296770
c0b58536a5f1:1906493:1906977 [1] NCCL INFO AllReduce: opCount 183 sendbuff 0x7fb814000000 recvbuff 0x7fb814000000 count 8388608 datatype 6 op 0 root 0 comm 0x55f3f1b8c250 [nranks=2] stream 0x55f3ea296770
c0b58536a5f1:1906493:1906977 [1] NCCL INFO AllReduce: opCount 184 sendbuff 0x7fb81f000000 recvbuff 0x7fb81f000000 count 8388608 datatype 6 op 0 root 0 comm 0x55f3f1b8c250 [nranks=2] stream 0x55f3ea296770
c0b58536a5f1:1906493:1906977 [1] NCCL INFO AllReduce: opCount 185 sendbuff 0x7fb826000000 recvbuff 0x7fb826000000 count 8388608 datatype 6 op 0 root 0 comm 0x55f3f1b8c250 [nranks=2] stream 0x55f3ea296770
c0b58536a5f1:1906493:1906977 [1] NCCL INFO AllReduce: opCount 186 sendbuff 0x7fb827000000 recvbuff 0x7fb827000000 count 8388608 datatype 6 op 0 root 0 comm 0x55f3f1b8c250 [nranks=2] stream 0x55f3ea296770
c0b58536a5f1:1906493:1906977 [1] NCCL INFO AllReduce: opCount 187 sendbuff 0x7fb830000000 recvbuff 0x7fb830000000 count 8388608 datatype 6 op 0 root 0 comm 0x55f3f1b8c250 [nranks=2] stream 0x55f3ea296770
c0b58536a5f1:1906493:1906977 [1] NCCL INFO AllReduce: opCount 188 sendbuff 0x7fb83d000000 recvbuff 0x7fb83d000000 count 8388608 datatype 6 op 0 root 0 comm 0x55f3f1b8c250 [nranks=2] stream 0x55f3ea296770
c0b58536a5f1:1906493:1906977 [1] NCCL INFO AllReduce: opCount 189 sendbuff 0x7fb82f000000 recvbuff 0x7fb82f000000 count 8388608 datatype 6 op 0 root 0 comm 0x55f3f1b8c250 [nranks=2] stream 0x55f3ea296770
c0b58536a5f1:1906493:1906977 [1] NCCL INFO AllReduce: opCount 18a sendbuff 0x7fb83e000000 recvbuff 0x7fb83e000000 count 8388608 datatype 6 op 0 root 0 comm 0x55f3f1b8c250 [nranks=2] stream 0x55f3ea296770
c0b58536a5f1:1906493:1906977 [1] NCCL INFO AllReduce: opCount 18b sendbuff 0x7fb842000000 recvbuff 0x7fb842000000 count 8388608 datatype 6 op 0 root 0 comm 0x55f3f1b8c250 [nranks=2] stream 0x55f3ea296770
c0b58536a5f1:1906493:1906977 [1] NCCL INFO AllReduce: opCount 18c sendbuff 0x7fb80a000000 recvbuff 0x7fb80a000000 count 8388608 datatype 6 op 0 root 0 comm 0x55f3f1b8c250 [nranks=2] stream 0x55f3ea296770
c0b58536a5f1:1906493:1906977 [1] NCCL INFO AllReduce: opCount 18d sendbuff 0x7fb818000000 recvbuff 0x7fb818000000 count 8388608 datatype 6 op 0 root 0 comm 0x55f3f1b8c250 [nranks=2] stream 0x55f3ea296770
c0b58536a5f1:1906493:1906977 [1] NCCL INFO AllReduce: opCount 18e sendbuff 0x7fb81e000000 recvbuff 0x7fb81e000000 count 8388608 datatype 6 op 0 root 0 comm 0x55f3f1b8c250 [nranks=2] stream 0x55f3ea296770
c0b58536a5f1:1906493:1906977 [1] NCCL INFO AllReduce: opCount 18f sendbuff 0x7fb820000000 recvbuff 0x7fb820000000 count 8388608 datatype 6 op 0 root 0 comm 0x55f3f1b8c250 [nranks=2] stream 0x55f3ea296770
c0b58536a5f1:1906493:1906977 [1] NCCL INFO AllReduce: opCount 190 sendbuff 0x7fb843000000 recvbuff 0x7fb843000000 count 8388608 datatype 6 op 0 root 0 comm 0x55f3f1b8c250 [nranks=2] stream 0x55f3ea296770
c0b58536a5f1:1906493:1906977 [1] NCCL INFO AllReduce: opCount 191 sendbuff 0x7fb849000000 recvbuff 0x7fb849000000 count 8388608 datatype 6 op 0 root 0 comm 0x55f3f1b8c250 [nranks=2] stream 0x55f3ea296770
c0b58536a5f1:1906493:1906977 [1] NCCL INFO AllReduce: opCount 192 sendbuff 0x7fb84a000000 recvbuff 0x7fb84a000000 count 8388608 datatype 6 op 0 root 0 comm 0x55f3f1b8c250 [nranks=2] stream 0x55f3ea296770
c0b58536a5f1:1906493:1906977 [1] NCCL INFO AllReduce: opCount 193 sendbuff 0x440800000 recvbuff 0x440800000 count 8388608 datatype 6 op 0 root 0 comm 0x55f3f1b8c250 [nranks=2] stream 0x55f3ea296770
c0b58536a5f1:1906493:1906977 [1] NCCL INFO AllReduce: opCount 194 sendbuff 0x7fb80b000000 recvbuff 0x7fb80b000000 count 8388608 datatype 6 op 0 root 0 comm 0x55f3f1b8c250 [nranks=2] stream 0x55f3ea296770
c0b58536a5f1:1906493:1906977 [1] NCCL INFO AllReduce: opCount 195 sendbuff 0x7fb83c000000 recvbuff 0x7fb83c000000 count 8388608 datatype 6 op 0 root 0 comm 0x55f3f1b8c250 [nranks=2] stream 0x55f3ea296770
c0b58536a5f1:1906493:1906493 [1] NCCL INFO Broadcast: opCount 196 sendbuff 0x7fb893400000 recvbuff 0x7fb893400000 count 65536 datatype 0 op 0 root 0 comm 0x55f3f1b8c250 [nranks=2] stream 0x55f3ea296770
c0b58536a5f1:1906493:1906493 [1] NCCL INFO Broadcast: opCount 197 sendbuff 0x7fba533c1c00 recvbuff 0x7fba533c1c00 count 65536 datatype 0 op 0 root 0 comm 0x55f3f1b8c250 [nranks=2] stream 0x55f3ea296770
c0b58536a5f1:1906493:1906493 [1] NCCL INFO Broadcast: opCount 198 sendbuff 0x7fb84b587600 recvbuff 0x7fb84b587600 count 32768 datatype 0 op 0 root 0 comm 0x55f3f1b8c250 [nranks=2] stream 0x55f3ea296770
c0b58536a5f1:1906493:1906493 [1] NCCL INFO Broadcast: opCount 199 sendbuff 0x7fb810800000 recvbuff 0x7fb810800000 count 8388608 datatype 0 op 0 root 0 comm 0x55f3f1b8c250 [nranks=2] stream 0x55f3ea296770
c0b58536a5f1:1906493:1906493 [1] NCCL INFO Broadcast: opCount 19a sendbuff 0x7fb7975e0000 recvbuff 0x7fb7975e0000 count 65536 datatype 0 op 0 root 0 comm 0x55f3f1b8c250 [nranks=2] stream 0x55f3ea296770
c0b58536a5f1:1906493:1906493 [1] NCCL INFO AllReduce: opCount 19b sendbuff 0x7fb835000000 recvbuff 0x7fb835000000 count 8388608 datatype 6 op 0 root 0 comm 0x55f3f1b8c250 [nranks=2] stream 0x55f3ea296770
c0b58536a5f1:1906493:1906493 [1] NCCL INFO AllReduce: opCount 19c sendbuff 0x7fb84f000000 recvbuff 0x7fb84f000000 count 8388608 datatype 6 op 0 root 0 comm 0x55f3f1b8c250 [nranks=2] stream 0x55f3ea296770
c0b58536a5f1:1906493:1906493 [1] NCCL INFO AllReduce: opCount 19d sendbuff 0x7fb85d000000 recvbuff 0x7fb85d000000 count 8388608 datatype 6 op 0 root 0 comm 0x55f3f1b8c250 [nranks=2] stream 0x55f3ea296770
c0b58536a5f1:1906493:1906493 [1] NCCL INFO AllReduce: opCount 19e sendbuff 0x7fb86c000000 recvbuff 0x7fb86c000000 count 8388608 datatype 6 op 0 root 0 comm 0x55f3f1b8c250 [nranks=2] stream 0x55f3ea296770
c0b58536a5f1:1906493:1906493 [1] NCCL INFO AllReduce: opCount 19f sendbuff 0x7fb874000000 recvbuff 0x7fb874000000 count 8388608 datatype 6 op 0 root 0 comm 0x55f3f1b8c250 [nranks=2] stream 0x55f3ea296770
c0b58536a5f1:1906493:1906493 [1] NCCL INFO AllReduce: opCount 1a0 sendbuff 0x7fb884000000 recvbuff 0x7fb884000000 count 8388608 datatype 6 op 0 root 0 comm 0x55f3f1b8c250 [nranks=2] stream 0x55f3ea296770
c0b58536a5f1:1906493:1906493 [1] NCCL INFO AllReduce: opCount 1a1 sendbuff 0x7fb890000000 recvbuff 0x7fb890000000 count 8388608 datatype 6 op 0 root 0 comm 0x55f3f1b8c250 [nranks=2] stream 0x55f3ea296770
c0b58536a5f1:1906493:1906493 [1] NCCL INFO AllReduce: opCount 1a2 sendbuff 0x7fb8a0000000 recvbuff 0x7fb8a0000000 count 8388608 datatype 6 op 0 root 0 comm 0x55f3f1b8c250 [nranks=2] stream 0x55f3ea296770
c0b58536a5f1:1906493:1906493 [1] NCCL INFO AllReduce: opCount 1a3 sendbuff 0x7fb8a7000000 recvbuff 0x7fb8a7000000 count 8388608 datatype 6 op 0 root 0 comm 0x55f3f1b8c250 [nranks=2] stream 0x55f3ea296770
c0b58536a5f1:1906493:1906493 [1] NCCL INFO AllReduce: opCount 1a4 sendbuff 0x7fb961000000 recvbuff 0x7fb961000000 count 8388608 datatype 6 op 0 root 0 comm 0x55f3f1b8c250 [nranks=2] stream 0x55f3ea296770
c0b58536a5f1:1906493:1906493 [1] NCCL INFO AllReduce: opCount 1a5 sendbuff 0x7fb866000000 recvbuff 0x7fb866000000 count 8388608 datatype 6 op 0 root 0 comm 0x55f3f1b8c250 [nranks=2] stream 0x55f3ea296770
c0b58536a5f1:1906493:1906493 [1] NCCL INFO AllReduce: opCount 1a6 sendbuff 0x7fb832800000 recvbuff 0x7fb832800000 count 8388608 datatype 6 op 0 root 0 comm 0x55f3f1b8c250 [nranks=2] stream 0x55f3ea296770
c0b58536a5f1:1906493:1906493 [1] NCCL INFO AllReduce: opCount 1a7 sendbuff 0x7fb84c000000 recvbuff 0x7fb84c000000 count 8388608 datatype 6 op 0 root 0 comm 0x55f3f1b8c250 [nranks=2] stream 0x55f3ea296770
c0b58536a5f1:1906493:1906493 [1] NCCL INFO AllReduce: opCount 1a8 sendbuff 0x7fb886000000 recvbuff 0x7fb886000000 count 8388608 datatype 6 op 0 root 0 comm 0x55f3f1b8c250 [nranks=2] stream 0x55f3ea296770
c0b58536a5f1:1906493:1906493 [1] NCCL INFO AllReduce: opCount 1a9 sendbuff 0x7fb8a4000000 recvbuff 0x7fb8a4000000 count 8388608 datatype 6 op 0 root 0 comm 0x55f3f1b8c250 [nranks=2] stream 0x55f3ea296770
c0b58536a5f1:1906493:1906493 [1] NCCL INFO AllReduce: opCount 1aa sendbuff 0x7fb870800000 recvbuff 0x7fb870800000 count 8388608 datatype 6 op 0 root 0 comm 0x55f3f1b8c250 [nranks=2] stream 0x55f3ea296770
c0b58536a5f1:1906493:1906493 [1] NCCL INFO AllReduce: opCount 1ab sendbuff 0x7fb88c000000 recvbuff 0x7fb88c000000 count 8388608 datatype 6 op 0 root 0 comm 0x55f3f1b8c250 [nranks=2] stream 0x55f3ea296770
c0b58536a5f1:1906493:1906493 [1] NCCL INFO AllReduce: opCount 1ac sendbuff 0x7fb89f000000 recvbuff 0x7fb89f000000 count 8388608 datatype 6 op 0 root 0 comm 0x55f3f1b8c250 [nranks=2] stream 0x55f3ea296770
c0b58536a5f1:1906493:1906493 [1] NCCL INFO AllReduce: opCount 1ad sendbuff 0x7fb8b9000000 recvbuff 0x7fb8b9000000 count 8388608 datatype 6 op 0 root 0 comm 0x55f3f1b8c250 [nranks=2] stream 0x55f3ea296770
c0b58536a5f1:1906493:1906493 [1] NCCL INFO AllReduce: opCount 1ae sendbuff 0x7fb7e8b60000 recvbuff 0x7fb7e8b60000 count 8388608 datatype 6 op 0 root 0 comm 0x55f3f1b8c250 [nranks=2] stream 0x55f3ea296770
c0b58536a5f1:1906493:1906493 [1] NCCL INFO AllReduce: opCount 1af sendbuff 0x7fb7edb60000 recvbuff 0x7fb7edb60000 count 8388608 datatype 6 op 0 root 0 comm 0x55f3f1b8c250 [nranks=2] stream 0x55f3ea296770
c0b58536a5f1:1906493:1906493 [1] NCCL INFO AllReduce: opCount 1b0 sendbuff 0x7fb7f5000000 recvbuff 0x7fb7f5000000 count 8388608 datatype 6 op 0 root 0 comm 0x55f3f1b8c250 [nranks=2] stream 0x55f3ea296770
c0b58536a5f1:1906493:1906493 [1] NCCL INFO AllReduce: opCount 1b1 sendbuff 0x7fb7fb000000 recvbuff 0x7fb7fb000000 count 8388608 datatype 6 op 0 root 0 comm 0x55f3f1b8c250 [nranks=2] stream 0x55f3ea296770
c0b58536a5f1:1906493:1906493 [1] NCCL INFO AllReduce: opCount 1b2 sendbuff 0x7fb83d000000 recvbuff 0x7fb83d000000 count 8388608 datatype 6 op 0 root 0 comm 0x55f3f1b8c250 [nranks=2] stream 0x55f3ea296770
c0b58536a5f1:1906493:1906493 [1] NCCL INFO AllReduce: opCount 1b3 sendbuff 0x7fb805800000 recvbuff 0x7fb805800000 count 8388608 datatype 6 op 0 root 0 comm 0x55f3f1b8c250 [nranks=2] stream 0x55f3ea296770
c0b58536a5f1:1906493:1906493 [1] NCCL INFO AllReduce: opCount 1b4 sendbuff 0x415f78000 recvbuff 0x415f78000 count 8192 datatype 7 op 2 root 0 comm 0x55f3f1b8c250 [nranks=2] stream 0x55f3ea296770
c0b58536a5f1:1906493:1906493 [1] NCCL INFO AllReduce: opCount 1b5 sendbuff 0x415fa8000 recvbuff 0x415fa8000 count 8192 datatype 7 op 0 root 0 comm 0x55f3f1b8c250 [nranks=2] stream 0x55f3ea296770
c0b58536a5f1:1906493:1906493 [1] NCCL INFO AllReduce: opCount 1b6 sendbuff 0x415fa0000 recvbuff 0x415fa0000 count 8192 datatype 7 op 0 root 0 comm 0x55f3f1b8c250 [nranks=2] stream 0x55f3ea296770
c0b58536a5f1:1906493:1906977 [1] NCCL INFO AllReduce: opCount 1b7 sendbuff 0x7fb842000000 recvbuff 0x7fb842000000 count 8388608 datatype 6 op 0 root 0 comm 0x55f3f1b8c250 [nranks=2] stream 0x55f3ea296770
c0b58536a5f1:1906493:1906977 [1] NCCL INFO AllReduce: opCount 1b8 sendbuff 0x7fb806800000 recvbuff 0x7fb806800000 count 8388608 datatype 6 op 0 root 0 comm 0x55f3f1b8c250 [nranks=2] stream 0x55f3ea296770
c0b58536a5f1:1906493:1906977 [1] NCCL INFO AllReduce: opCount 1b9 sendbuff 0x7fb80a000000 recvbuff 0x7fb80a000000 count 8388608 datatype 6 op 0 root 0 comm 0x55f3f1b8c250 [nranks=2] stream 0x55f3ea296770
c0b58536a5f1:1906493:1906977 [1] NCCL INFO AllReduce: opCount 1ba sendbuff 0x7fb818000000 recvbuff 0x7fb818000000 count 8388608 datatype 6 op 0 root 0 comm 0x55f3f1b8c250 [nranks=2] stream 0x55f3ea296770
c0b58536a5f1:1906493:1906977 [1] NCCL INFO AllReduce: opCount 1bb sendbuff 0x7fb81e000000 recvbuff 0x7fb81e000000 count 8388608 datatype 6 op 0 root 0 comm 0x55f3f1b8c250 [nranks=2] stream 0x55f3ea296770
c0b58536a5f1:1906493:1906977 [1] NCCL INFO AllReduce: opCount 1bc sendbuff 0x7fb820000000 recvbuff 0x7fb820000000 count 8388608 datatype 6 op 0 root 0 comm 0x55f3f1b8c250 [nranks=2] stream 0x55f3ea296770
c0b58536a5f1:1906493:1906977 [1] NCCL INFO AllReduce: opCount 1bd sendbuff 0x7fb814000000 recvbuff 0x7fb814000000 count 8388608 datatype 6 op 0 root 0 comm 0x55f3f1b8c250 [nranks=2] stream 0x55f3ea296770
c0b58536a5f1:1906493:1906977 [1] NCCL INFO AllReduce: opCount 1be sendbuff 0x440800000 recvbuff 0x440800000 count 8388608 datatype 6 op 0 root 0 comm 0x55f3f1b8c250 [nranks=2] stream 0x55f3ea296770
c0b58536a5f1:1906493:1906977 [1] NCCL INFO AllReduce: opCount 1bf sendbuff 0x7fb80b000000 recvbuff 0x7fb80b000000 count 8388608 datatype 6 op 0 root 0 comm 0x55f3f1b8c250 [nranks=2] stream 0x55f3ea296770
c0b58536a5f1:1906493:1906977 [1] NCCL INFO AllReduce: opCount 1c0 sendbuff 0x7fb812000000 recvbuff 0x7fb812000000 count 8388608 datatype 6 op 0 root 0 comm 0x55f3f1b8c250 [nranks=2] stream 0x55f3ea296770
c0b58536a5f1:1906493:1906977 [1] NCCL INFO AllReduce: opCount 1c1 sendbuff 0x7fb81f000000 recvbuff 0x7fb81f000000 count 8388608 datatype 6 op 0 root 0 comm 0x55f3f1b8c250 [nranks=2] stream 0x55f3ea296770
c0b58536a5f1:1906493:1906977 [1] NCCL INFO AllReduce: opCount 1c2 sendbuff 0x7fb819000000 recvbuff 0x7fb819000000 count 8388608 datatype 6 op 0 root 0 comm 0x55f3f1b8c250 [nranks=2] stream 0x55f3ea296770
c0b58536a5f1:1906493:1906977 [1] NCCL INFO AllReduce: opCount 1c3 sendbuff 0x7fb826000000 recvbuff 0x7fb826000000 count 8388608 datatype 6 op 0 root 0 comm 0x55f3f1b8c250 [nranks=2] stream 0x55f3ea296770
c0b58536a5f1:1906493:1906977 [1] NCCL INFO AllReduce: opCount 1c4 sendbuff 0x7fb827000000 recvbuff 0x7fb827000000 count 8388608 datatype 6 op 0 root 0 comm 0x55f3f1b8c250 [nranks=2] stream 0x55f3ea296770
c0b58536a5f1:1906493:1906977 [1] NCCL INFO AllReduce: opCount 1c5 sendbuff 0x7fb82e000000 recvbuff 0x7fb82e000000 count 8388608 datatype 6 op 0 root 0 comm 0x55f3f1b8c250 [nranks=2] stream 0x55f3ea296770
c0b58536a5f1:1906493:1906977 [1] NCCL INFO AllReduce: opCount 1c6 sendbuff 0x7fb82f000000 recvbuff 0x7fb82f000000 count 8388608 datatype 6 op 0 root 0 comm 0x55f3f1b8c250 [nranks=2] stream 0x55f3ea296770
c0b58536a5f1:1906493:1906977 [1] NCCL INFO AllReduce: opCount 1c7 sendbuff 0x7fb822000000 recvbuff 0x7fb822000000 count 8388608 datatype 6 op 0 root 0 comm 0x55f3f1b8c250 [nranks=2] stream 0x55f3ea296770
c0b58536a5f1:1906493:1906977 [1] NCCL INFO AllReduce: opCount 1c8 sendbuff 0x7fb828000000 recvbuff 0x7fb828000000 count 8388608 datatype 6 op 0 root 0 comm 0x55f3f1b8c250 [nranks=2] stream 0x55f3ea296770
c0b58536a5f1:1906493:1906977 [1] NCCL INFO AllReduce: opCount 1c9 sendbuff 0x7fb834000000 recvbuff 0x7fb834000000 count 8388608 datatype 6 op 0 root 0 comm 0x55f3f1b8c250 [nranks=2] stream 0x55f3ea296770
c0b58536a5f1:1906493:1906977 [1] NCCL INFO AllReduce: opCount 1ca sendbuff 0x7fb835000000 recvbuff 0x7fb835000000 count 8388608 datatype 6 op 0 root 0 comm 0x55f3f1b8c250 [nranks=2] stream 0x55f3ea296770
c0b58536a5f1:1906493:1906977 [1] NCCL INFO AllReduce: opCount 1cb sendbuff 0x7fb83c000000 recvbuff 0x7fb83c000000 count 8388608 datatype 6 op 0 root 0 comm 0x55f3f1b8c250 [nranks=2] stream 0x55f3ea296770
c0b58536a5f1:1906493:1906977 [1] NCCL INFO AllReduce: opCount 1cc sendbuff 0x7fb843000000 recvbuff 0x7fb843000000 count 8388608 datatype 6 op 0 root 0 comm 0x55f3f1b8c250 [nranks=2] stream 0x55f3ea296770
c0b58536a5f1:1906493:1906977 [1] NCCL INFO AllReduce: opCount 1cd sendbuff 0x7fb849000000 recvbuff 0x7fb849000000 count 8388608 datatype 6 op 0 root 0 comm 0x55f3f1b8c250 [nranks=2] stream 0x55f3ea296770
c0b58536a5f1:1906493:1906977 [1] NCCL INFO AllReduce: opCount 1ce sendbuff 0x7fb84f000000 recvbuff 0x7fb84f000000 count 8388608 datatype 6 op 0 root 0 comm 0x55f3f1b8c250 [nranks=2] stream 0x55f3ea296770
c0b58536a5f1:1906493:1906977 [1] NCCL INFO AllReduce: opCount 1cf sendbuff 0x7fb848000000 recvbuff 0x7fb848000000 count 8388608 datatype 6 op 0 root 0 comm 0x55f3f1b8c250 [nranks=2] stream 0x55f3ea296770
c0b58536a5f1:1906493:1906493 [1] NCCL INFO NCCL version 2.19.3+cuda12.3
c0b58536a5f1:1906493:1906493 [1] NCCL INFO init.cc:1627 Cuda Host Alloc Size 4 pointer 0x7fba53400800
c0b58536a5f1:1906493:1908330 [1] NCCL INFO Using non-device net plugin version 0
c0b58536a5f1:1906493:1908330 [1] NCCL INFO Using network Socket
c0b58536a5f1:1906493:1908330 [1] NCCL INFO comm 0x55f407953290 rank 0 nranks 1 cudaDev 1 nvmlDev 1 busId 2d000 commId 0xa4153fe8e188625a - Init START
c0b58536a5f1:1906493:1908330 [1] NCCL INFO NET/Socket : GPU Direct RDMA Disabled for HCA 0 'eth0'
c0b58536a5f1:1906493:1908330 [1] NCCL INFO === System : maxBw 5000.0 totalBw 0.0 ===
c0b58536a5f1:1906493:1908330 [1] NCCL INFO CPU/0 (1/1/2)
c0b58536a5f1:1906493:1908330 [1] NCCL INFO + PCI[5000.0] - NIC/0
c0b58536a5f1:1906493:1908330 [1] NCCL INFO + PCI[24.0] - PCI/14000 (1000c01010000000)
c0b58536a5f1:1906493:1908330 [1] NCCL INFO               + PCI[24.0] - PCI/2B000 (1000c01010de13b8)
c0b58536a5f1:1906493:1908330 [1] NCCL INFO                             + PCI[24.0] - GPU/2D000 (0)
c0b58536a5f1:1906493:1908330 [1] NCCL INFO                                           + NVL[160.0] - NVS/0
c0b58536a5f1:1906493:1908330 [1] NCCL INFO ==========================================
c0b58536a5f1:1906493:1908330 [1] NCCL INFO GPU/2D000 :GPU/2D000 (0/5000.000000/LOC) NVS/0 (1/160.000000/NVL) CPU/0 (3/24.000000/PHB) 
c0b58536a5f1:1906493:1908330 [1] NCCL INFO Setting affinity for GPU 1 to ffffffff,00000000,ffffffff
c0b58536a5f1:1906493:1908330 [1] NCCL INFO Pattern 4, crossNic 0, nChannels 16, bw 40.000000/40.000000, type LOC/PIX, sameChannels 1
c0b58536a5f1:1906493:1908330 [1] NCCL INFO  0 : GPU/0
c0b58536a5f1:1906493:1908330 [1] NCCL INFO  1 : GPU/0
c0b58536a5f1:1906493:1908330 [1] NCCL INFO  2 : GPU/0
c0b58536a5f1:1906493:1908330 [1] NCCL INFO  3 : GPU/0
c0b58536a5f1:1906493:1908330 [1] NCCL INFO  4 : GPU/0
c0b58536a5f1:1906493:1908330 [1] NCCL INFO  5 : GPU/0
c0b58536a5f1:1906493:1908330 [1] NCCL INFO  6 : GPU/0
c0b58536a5f1:1906493:1908330 [1] NCCL INFO  7 : GPU/0
c0b58536a5f1:1906493:1908330 [1] NCCL INFO  8 : GPU/0
c0b58536a5f1:1906493:1908330 [1] NCCL INFO  9 : GPU/0
c0b58536a5f1:1906493:1908330 [1] NCCL INFO 10 : GPU/0
c0b58536a5f1:1906493:1908330 [1] NCCL INFO 11 : GPU/0
c0b58536a5f1:1906493:1908330 [1] NCCL INFO 12 : GPU/0
c0b58536a5f1:1906493:1908330 [1] NCCL INFO 13 : GPU/0
c0b58536a5f1:1906493:1908330 [1] NCCL INFO 14 : GPU/0
c0b58536a5f1:1906493:1908330 [1] NCCL INFO 15 : GPU/0
c0b58536a5f1:1906493:1908330 [1] NCCL INFO Pattern 3, crossNic 0, nChannels 16, bw 40.000000/40.000000, type LOC/PIX, sameChannels 1
c0b58536a5f1:1906493:1908330 [1] NCCL INFO  0 : GPU/0
c0b58536a5f1:1906493:1908330 [1] NCCL INFO  1 : GPU/0
c0b58536a5f1:1906493:1908330 [1] NCCL INFO  2 : GPU/0
c0b58536a5f1:1906493:1908330 [1] NCCL INFO  3 : GPU/0
c0b58536a5f1:1906493:1908330 [1] NCCL INFO  4 : GPU/0
c0b58536a5f1:1906493:1908330 [1] NCCL INFO  5 : GPU/0
c0b58536a5f1:1906493:1908330 [1] NCCL INFO  6 : GPU/0
c0b58536a5f1:1906493:1908330 [1] NCCL INFO  7 : GPU/0
c0b58536a5f1:1906493:1908330 [1] NCCL INFO  8 : GPU/0
c0b58536a5f1:1906493:1908330 [1] NCCL INFO  9 : GPU/0
c0b58536a5f1:1906493:1908330 [1] NCCL INFO 10 : GPU/0
c0b58536a5f1:1906493:1908330 [1] NCCL INFO 11 : GPU/0
c0b58536a5f1:1906493:1908330 [1] NCCL INFO 12 : GPU/0
c0b58536a5f1:1906493:1908330 [1] NCCL INFO 13 : GPU/0
c0b58536a5f1:1906493:1908330 [1] NCCL INFO 14 : GPU/0
c0b58536a5f1:1906493:1908330 [1] NCCL INFO 15 : GPU/0
c0b58536a5f1:1906493:1908330 [1] NCCL INFO Tree 0 : -1 -> 0 -> -1/-1/-1
c0b58536a5f1:1906493:1908330 [1] NCCL INFO Tree 16 : -1 -> 0 -> -1/-1/-1
c0b58536a5f1:1906493:1908330 [1] NCCL INFO Tree 1 : -1 -> 0 -> -1/-1/-1
c0b58536a5f1:1906493:1908330 [1] NCCL INFO Tree 17 : -1 -> 0 -> -1/-1/-1
c0b58536a5f1:1906493:1908330 [1] NCCL INFO Tree 2 : -1 -> 0 -> -1/-1/-1
c0b58536a5f1:1906493:1908330 [1] NCCL INFO Tree 18 : -1 -> 0 -> -1/-1/-1
c0b58536a5f1:1906493:1908330 [1] NCCL INFO Tree 3 : -1 -> 0 -> -1/-1/-1
c0b58536a5f1:1906493:1908330 [1] NCCL INFO Tree 19 : -1 -> 0 -> -1/-1/-1
c0b58536a5f1:1906493:1908330 [1] NCCL INFO Tree 4 : -1 -> 0 -> -1/-1/-1
c0b58536a5f1:1906493:1908330 [1] NCCL INFO Tree 20 : -1 -> 0 -> -1/-1/-1
c0b58536a5f1:1906493:1908330 [1] NCCL INFO Tree 5 : -1 -> 0 -> -1/-1/-1
c0b58536a5f1:1906493:1908330 [1] NCCL INFO Tree 21 : -1 -> 0 -> -1/-1/-1
c0b58536a5f1:1906493:1908330 [1] NCCL INFO Tree 6 : -1 -> 0 -> -1/-1/-1
c0b58536a5f1:1906493:1908330 [1] NCCL INFO Tree 22 : -1 -> 0 -> -1/-1/-1
c0b58536a5f1:1906493:1908330 [1] NCCL INFO Tree 7 : -1 -> 0 -> -1/-1/-1
c0b58536a5f1:1906493:1908330 [1] NCCL INFO Tree 23 : -1 -> 0 -> -1/-1/-1
c0b58536a5f1:1906493:1908330 [1] NCCL INFO Tree 8 : -1 -> 0 -> -1/-1/-1
c0b58536a5f1:1906493:1908330 [1] NCCL INFO Tree 24 : -1 -> 0 -> -1/-1/-1
c0b58536a5f1:1906493:1908330 [1] NCCL INFO Tree 9 : -1 -> 0 -> -1/-1/-1
c0b58536a5f1:1906493:1908330 [1] NCCL INFO Tree 25 : -1 -> 0 -> -1/-1/-1
c0b58536a5f1:1906493:1908330 [1] NCCL INFO Tree 10 : -1 -> 0 -> -1/-1/-1
c0b58536a5f1:1906493:1908330 [1] NCCL INFO Tree 26 : -1 -> 0 -> -1/-1/-1
c0b58536a5f1:1906493:1908330 [1] NCCL INFO Tree 11 : -1 -> 0 -> -1/-1/-1
c0b58536a5f1:1906493:1908330 [1] NCCL INFO Tree 27 : -1 -> 0 -> -1/-1/-1
c0b58536a5f1:1906493:1908330 [1] NCCL INFO Tree 12 : -1 -> 0 -> -1/-1/-1
c0b58536a5f1:1906493:1908330 [1] NCCL INFO Tree 28 : -1 -> 0 -> -1/-1/-1
c0b58536a5f1:1906493:1908330 [1] NCCL INFO Tree 13 : -1 -> 0 -> -1/-1/-1
c0b58536a5f1:1906493:1908330 [1] NCCL INFO Tree 29 : -1 -> 0 -> -1/-1/-1
c0b58536a5f1:1906493:1908330 [1] NCCL INFO Tree 14 : -1 -> 0 -> -1/-1/-1
c0b58536a5f1:1906493:1908330 [1] NCCL INFO Tree 30 : -1 -> 0 -> -1/-1/-1
c0b58536a5f1:1906493:1908330 [1] NCCL INFO Tree 15 : -1 -> 0 -> -1/-1/-1
c0b58536a5f1:1906493:1908330 [1] NCCL INFO Tree 31 : -1 -> 0 -> -1/-1/-1
c0b58536a5f1:1906493:1908330 [1] NCCL INFO Channel 00/32 :    0
c0b58536a5f1:1906493:1908330 [1] NCCL INFO Channel 01/32 :    0
c0b58536a5f1:1906493:1908330 [1] NCCL INFO Channel 02/32 :    0
c0b58536a5f1:1906493:1908330 [1] NCCL INFO Channel 03/32 :    0
c0b58536a5f1:1906493:1908330 [1] NCCL INFO Channel 04/32 :    0
c0b58536a5f1:1906493:1908330 [1] NCCL INFO Channel 05/32 :    0
c0b58536a5f1:1906493:1908330 [1] NCCL INFO Channel 06/32 :    0
c0b58536a5f1:1906493:1908330 [1] NCCL INFO Channel 07/32 :    0
c0b58536a5f1:1906493:1908330 [1] NCCL INFO Channel 08/32 :    0
c0b58536a5f1:1906493:1908330 [1] NCCL INFO Channel 09/32 :    0
c0b58536a5f1:1906493:1908330 [1] NCCL INFO Channel 10/32 :    0
c0b58536a5f1:1906493:1908330 [1] NCCL INFO Channel 11/32 :    0
c0b58536a5f1:1906493:1908330 [1] NCCL INFO Channel 12/32 :    0
c0b58536a5f1:1906493:1908330 [1] NCCL INFO Channel 13/32 :    0
c0b58536a5f1:1906493:1908330 [1] NCCL INFO Channel 14/32 :    0
c0b58536a5f1:1906493:1908330 [1] NCCL INFO Channel 15/32 :    0
c0b58536a5f1:1906493:1908330 [1] NCCL INFO Channel 16/32 :    0
c0b58536a5f1:1906493:1908330 [1] NCCL INFO Channel 17/32 :    0
c0b58536a5f1:1906493:1908330 [1] NCCL INFO Channel 18/32 :    0
c0b58536a5f1:1906493:1908330 [1] NCCL INFO Channel 19/32 :    0
c0b58536a5f1:1906493:1908330 [1] NCCL INFO Channel 20/32 :    0
c0b58536a5f1:1906493:1908330 [1] NCCL INFO Channel 21/32 :    0
c0b58536a5f1:1906493:1908330 [1] NCCL INFO Channel 22/32 :    0
c0b58536a5f1:1906493:1908330 [1] NCCL INFO Channel 23/32 :    0
c0b58536a5f1:1906493:1908330 [1] NCCL INFO Channel 24/32 :    0
c0b58536a5f1:1906493:1908330 [1] NCCL INFO Channel 25/32 :    0
c0b58536a5f1:1906493:1908330 [1] NCCL INFO Channel 26/32 :    0
c0b58536a5f1:1906493:1908330 [1] NCCL INFO Channel 27/32 :    0
c0b58536a5f1:1906493:1908330 [1] NCCL INFO Channel 28/32 :    0
c0b58536a5f1:1906493:1908330 [1] NCCL INFO Channel 29/32 :    0
c0b58536a5f1:1906493:1908330 [1] NCCL INFO Channel 30/32 :    0
c0b58536a5f1:1906493:1908330 [1] NCCL INFO Channel 31/32 :    0
c0b58536a5f1:1906493:1908330 [1] NCCL INFO Ring 00 : 0 -> 0 -> 0
c0b58536a5f1:1906493:1908330 [1] NCCL INFO Ring 01 : 0 -> 0 -> 0
c0b58536a5f1:1906493:1908330 [1] NCCL INFO Ring 02 : 0 -> 0 -> 0
c0b58536a5f1:1906493:1908330 [1] NCCL INFO Ring 03 : 0 -> 0 -> 0
c0b58536a5f1:1906493:1908330 [1] NCCL INFO Ring 04 : 0 -> 0 -> 0
c0b58536a5f1:1906493:1908330 [1] NCCL INFO Ring 05 : 0 -> 0 -> 0
c0b58536a5f1:1906493:1908330 [1] NCCL INFO Ring 06 : 0 -> 0 -> 0
c0b58536a5f1:1906493:1908330 [1] NCCL INFO Ring 07 : 0 -> 0 -> 0
c0b58536a5f1:1906493:1908330 [1] NCCL INFO Ring 08 : 0 -> 0 -> 0
c0b58536a5f1:1906493:1908330 [1] NCCL INFO Ring 09 : 0 -> 0 -> 0
c0b58536a5f1:1906493:1908330 [1] NCCL INFO Ring 10 : 0 -> 0 -> 0
c0b58536a5f1:1906493:1908330 [1] NCCL INFO Ring 11 : 0 -> 0 -> 0
c0b58536a5f1:1906493:1908330 [1] NCCL INFO Ring 12 : 0 -> 0 -> 0
c0b58536a5f1:1906493:1908330 [1] NCCL INFO Ring 13 : 0 -> 0 -> 0
c0b58536a5f1:1906493:1908330 [1] NCCL INFO Ring 14 : 0 -> 0 -> 0
c0b58536a5f1:1906493:1908330 [1] NCCL INFO Ring 15 : 0 -> 0 -> 0
c0b58536a5f1:1906493:1908330 [1] NCCL INFO Ring 16 : 0 -> 0 -> 0
c0b58536a5f1:1906493:1908330 [1] NCCL INFO Ring 17 : 0 -> 0 -> 0
c0b58536c0b58536a5f1:1906492:1906492 [0] NCCL INFO init.cc:1627 Cuda Host Alloc Size 4 pointer 0x7fe2df5f8800
c0b58536a5f1:1906492:1908333 [0] NCCL INFO Using non-device net plugin version 0
c0b58536a5f1:1906492:1908333 [0] NCCL INFO Using network Socket
c0b58536a5f1:1906492:1908333 [0] NCCL INFO comm 0x5632a72626b0 rank 0 nranks 1 cudaDev 0 nvmlDev 0 busId 27000 commId 0x983cdde32833dff3 - Init START
c0b58536a5f1:1906492:1908333 [0] NCCL INFO NET/Socket : GPU Direct RDMA Disabled for HCA 0 'eth0'
c0b58536a5f1:1906492:1908333 [0] NCCL INFO === System : maxBw 5000.0 totalBw 0.0 ===
c0b58536a5f1:1906492:1908333 [0] NCCL INFO CPU/0 (1/1/2)
c0b58536a5f1:1906492:1908333 [0] NCCL INFO + PCI[5000.0] - NIC/0
c0b58536a5f1:1906492:1908333 [0] NCCL INFO + PCI[24.0] - PCI/14000 (1000c01010000000)
c0b58536a5f1:1906492:1908333 [0] NCCL INFO               + PCI[24.0] - PCI/25000 (1000c01010de13b8)
c0b58536a5f1:1906492:1908333 [0] NCCL INFO                             + PCI[24.0] - GPU/27000 (0)
c0b58536a5f1:1906492:1908333 [0] NCCL INFO                                           + NVL[160.0] - NVS/0
c0b58536a5f1:1906492:1908333 [0] NCCL INFO ==========================================
c0b58536a5f1:1906492:1908333 [0] NCCL INFO GPU/27000 :GPU/27000 (0/5000.000000/LOC) NVS/0 (1/160.000000/NVL) CPU/0 (3/24.000000/PHB) 
c0b58536a5f1:1906492:1908333 [0] NCCL INFO Setting affinity for GPU 0 to ffffffff,00000000,ffffffff
c0b58536a5f1:1906492:1908333 [0] NCCL INFO Pattern 4, crossNic 0, nChannels 16, bw 40.000000/40.000000, type LOC/PIX, sameChannels 1
c0b58536a5f1:1906492:1908333 [0] NCCL INFO  0 : GPU/0
c0b58536a5f1:1906492:1908333 [0] NCCL INFO  1 : GPU/0
c0b58536a5f1:1906492:1908333 [0] NCCL INFO  2 : GPU/0
c0b58536a5f1:1906492:1908333 [0] NCCL INFO  3 : GPU/0
c0b58536a5f1:1906492:1908333 [0] NCCL INFO  4 : GPU/0
c0b58536a5f1:1906492:1908333 [0] NCCL INFO  5 : GPU/0
c0b58536a5f1:1906492:1908333 [0] NCCL INFO  6 : GPU/0
c0b58536a5f1:1906492:1908333 [0] NCCL INFO  7 : GPU/0
c0b58536a5f1:1906492:1908333 [0] NCCL INFO  8 : GPU/0
c0b58536a5f1:1906492:1908333 [0] NCCL INFO  9 : GPU/0
c0b58536a5f1:1906492:1908333 [0] NCCL INFO 10 : GPU/0
c0b58536a5f1:1906492:1908333 [0] NCCL INFO 11 : GPU/0
c0b58536a5f1:1906492:1908333 [0] NCCL INFO 12 : GPU/0
c0b58536a5f1:1906492:1908333 [0] NCCL INFO 13 : GPU/0
c0b58536a5f1:1906492:1908333 [0] NCCL INFO 14 : GPU/0
c0b58536a5f1:1906492:1908333 [0] NCCL INFO 15 : GPU/0
c0b58536a5f1:1906492:1908333 [0] NCCL INFO Pattern 3, crossNic 0, nChannels 16, bw 40.000000/40.000000, type LOC/PIX, sameChannels 1
c0b58536a5f1:1906492:1908333 [0] NCCL INFO  0 : GPU/0
c0b58536a5f1:1906492:1908333 [0] NCCL INFO  1 : GPU/0
c0b58536a5f1:1906492:1908333 [0] NCCL INFO  2 : GPU/0
c0b58536a5f1:1906492:1908333 [0] NCCL INFO  3 : GPU/0
c0b58536a5f1:1906492:1908333 [0] NCCL INFO  4 : GPU/0
c0b58536a5f1:1906492:1908333 [0] NCCL INFO  5 : GPU/0
c0b58536a5f1:1906492:1908333 [0] NCCL INFO  6 : GPU/0
c0b58536a5f1:1906492:1908333 [0] NCCL INFO  7 : GPU/0
c0b58536a5f1:1906492:1908333 [0] NCCL INFO  8 : GPU/0
c0b58536a5f1:1906492:1908333 [0] NCCL INFO  9 : GPU/0
c0b58536a5f1:1906492:1908333 [0] NCCL INFO 10 : GPU/0
c0b58536a5f1:1906492:1908333 [0] NCCL INFO 11 : GPU/0
c0b58536a5f1:1906492:1908333 [0] NCCL INFO 12 : GPU/0
c0b58536a5f1:1906492:1908333 [0] NCCL INFO 13 : GPU/0
c0b58536a5f1:1906492:1908333 [0] NCCL INFO 14 : GPU/0
c0b58536a5f1:1906492:1908333 [0] NCCL INFO 15 : GPU/0
c0b58536a5f1:1906492:1908333 [0] NCCL INFO Tree 0 : -1 -> 0 -> -1/-1/-1
c0b58536a5f1:1906492:1908333 [0] NCCL INFO Tree 16 : -1 -> 0 -> -1/-1/-1
c0b58536a5f1:1906492:1908333 [0] NCCL INFO Tree 1 : -1 -> 0 -> -1/-1/-1
c0b58536a5f1:1906492:1908333 [0] NCCL INFO Tree 17 : -1 -> 0 -> -1/-1/-1
c0b58536a5f1:1906492:1908333 [0] NCCL INFO Tree 2 : -1 -> 0 -> -1/-1/-1
c0b58536a5f1:1906492:1908333 [0] NCCL INFO Tree 18 : -1 -> 0 -> -1/-1/-1
c0b58536a5f1:1906492:1908333 [0] NCCL INFO Tree 3 : -1 -> 0 -> -1/-1/-1
c0b58536a5f1:1906492:1908333 [0] NCCL INFO Tree 19 : -1 -> 0 -> -1/-1/-1
c0b58536a5f1:1906492:1908333 [0] NCCL INFO Tree 4 : -1 -> 0 -> -1/-1/-1
c0b58536a5f1:1906492:1908333 [0] NCCL INFO Tree 20 : -1 -> 0 -> -1/-1/-1
c0b58536a5f1:1906492:1908333 [0] NCCL INFO Tree 5 : -1 -> 0 -> -1/-1/-1
c0b58536a5f1:1906492:1908333 [0] NCCL INFO Tree 21 : -1 -> 0 -> -1/-1/-1
c0b58536a5f1:1906492:1908333 [0] NCCL INFO Tree 6 : -1 -> 0 -> -1/-1/-1
c0b58536a5f1:1906492:1908333 [0] NCCL INFO Tree 22 : -1 -> 0 -> -1/-1/-1
c0b58536a5f1:1906492:1908333 [0] NCCL INFO Tree 7 : -1 -> 0 -> -1/-1/-1
c0b58536a5f1:1906492:1908333 [0] NCCL INFO Tree 23 : -1 -> 0 -> -1/-1/-1
c0b58536a5f1:1906492:1908333 [0] NCCL INFO Tree 8 : -1 -> 0 -> -1/-1/-1
c0b58536a5f1:1906492:1908333 [0] NCCL INFO Tree 24 : -1 -> 0 -> -1/-1/-1
c0b58536a5f1:1906492:1908333 [0] NCCL INFO Tree 9 : -1 -> 0 -> -1/-1/-1
c0b58536a5f1:1906492:1908333 [0] NCCL INFO Tree 25 : -1 -> 0 -> -1/-1/-1
c0b58536a5f1:1906492:1908333 [0] NCCL INFO Tree 10 : -1 -> 0 -> -1/-1/-1
c0b58536a5f1:1906492:1908333 [0] NCCL INFO Tree 26 : -1 -> 0 -> -1/-1/-1
c0b58536a5f1:1906492:1908333 [0] NCCL INFO Tree 11 : -1 -> 0 -> -1/-1/-1
c0b58536a5f1:1906492:1908333 [0] NCCL INFO Tree 27 : -1 -> 0 -> -1/-1/-1
c0b58536a5f1:1906492:1908333 [0] NCCL INFO Tree 12 : -1 -> 0 -> -1/-1/-1
c0b58536a5f1:1906492:1908333 [0] NCCL INFO Tree 28 : -1 -> 0 -> -1/-1/-1
c0b58536a5f1:1906492:1908333 [0] NCCL INFO Tree 13 : -1 -> 0 -> -1/-1/-1
c0b58536a5f1:1906492:1908333 [0] NCCL INFO Tree 29 : -1 -> 0 -> -1/-1/-1
c0b58536a5f1:1906492:1908333 [0] NCCL INFO Tree 14 : -1 -> 0 -> -1/-1/-1
c0b58536a5f1:1906492:1908333 [0] NCCL INFO Tree 30 : -1 -> 0 -> -1/-1/-1
c0b58536a5f1:1906492:1908333 [0] NCCL INFO Tree 15 : -1 -> 0 -> -1/-1/-1
c0b58536a5f1:1906492:1908333 [0] NCCL INFO Tree 31 : -1 -> 0 -> -1/-1/-1
c0b58536a5f1:1906492:1908333 [0] NCCL INFO Channel 00/32 :    0
c0b58536a5f1:1906492:1908333 [0] NCCL INFO Channel 01/32 :    0
c0b58536a5f1:1906492:1908333 [0] NCCL INFO Channel 02/32 :    0
c0b58536a5f1:1906492:1908333 [0] NCCL INFO Channel 03/32 :    0
c0b58536a5f1:1906492:1908333 [0] NCCL INFO Channel 04/32 :    0
c0b58536a5f1:1906492:1908333 [0] NCCL INFO Channel 05/32 :    0
c0b58536a5f1:1906492:1908333 [0] NCCL INFO Channel 06/32 :    0
c0b58536a5f1:1906492:1908333 [0] NCCL INFO Channel 07/32 :    0
c0b58536a5f1:1906492:1908333 [0] NCCL INFO Channel 08/32 :    0
c0b58536a5f1:1906492:1908333 [0] NCCL INFO Channel 09/32 :    0
c0b58536a5f1:1906492:1908333 [0] NCCL INFO Channel 10/32 :    0
c0b58536a5f1:1906492:1908333 [0] NCCL INFO Channel 11/32 :    0
c0b58536a5f1:1906492:1908333 [0] NCCL INFO Channel 12/32 :    0
c0b58536a5f1:1906492:1908333 [0] NCCL INFO Channel 13/32 :    0
c0b58536a5f1:1906492:1908333 [0] NCCL INFO Channel 14/32 :    0
c0b58536a5f1:1906492:1908333 [0] NCCL INFO Channel 15/32 :    0
c0b58536a5f1:1906492:1908333 [0] NCCL INFO Channel 16/32 :    0
c0b58536a5f1:1906492:1908333 [0] NCCL INFO Channel 17/32 :    0
c0b58536a5f1:1906492:1908333 [0] NCCL INFO Channel 18/32 :    0
c0b58536a5f1:1906492:1908333 [0] NCCL INFO Channel 19/32 :    0
c0b58536a5f1:1906492:1908333 [0] NCCL INFO Channel 20/32 :    0
c0b58536a5f1:1906492:1908333 [0] NCCL INFO Channel 21/32 :    0
c0b58536a5f1:1906492:1908333 [0] NCCL INFO Channel 22/32 :    0
c0b58536a5f1:1906492:1908333 [0] NCCL INFO Channel 23/32 :    0
c0b58536a5f1:1906492:1908333 [0] NCCL INFO Channel 24/32 :    0
c0b58536a5f1:1906492:1908333 [0] NCCL INFO Channel 25/32 :    0
c0b58536a5f1:1906492:1908333 [0] NCCL INFO Channel 26/32 :    0
c0b58536a5f1:1906492:1908333 [0] NCCL INFO Channel 27/32 :    0
c0b58536a5f1:1906492:1908333 [0] NCCL INFO Channel 28/32 :    0
c0b58536a5f1:1906492:1908333 [0] NCCL INFO Channel 29/32 :    0
c0b58536a5f1:1906492:1908333 [0] NCCL INFO Channel 30/32 :    0
c0b58536a5f1:1906492:1908333 [0] NCCL INFO Channel 31/32 :    0
c0b58536a5f1:1906492:1908333 [0] NCCL INFO Ring 00 : 0 -> 0 -> 0
c0b58536a5f1:1906492:1908333 [0] NCCL INFO Ring 01 : 0 -> 0 -> 0
c0b58536a5f1:1906492:1908333 [0] NCCL INFO Ring 02 : 0 -> 0 -> 0
c0b58536a5f1:1906492:1908333 [0] NCCL INFO Ring 03 : 0 -> 0 -> 0
c0b58536a5f1:1906492:1908333 [0] NCCL INFO Ring 04 : 0 -> 0 -> 0
c0b58536a5f1:1906492:1908333 [0] NCCL INFO Ring 05 : 0 -> 0 -> 0
c0b58536a5f1:1906492:1908333 [0] NCCL INFO Ring 06 : 0 -> 0 -> 0
c0b58536a5f1:1906492:1908333 [0] NCCL INFO Ring 07 : 0 -> 0 -> 0
c0b58536a5f1:1906492:1908333 [0] NCCL INFO Ring 08 : 0 -> 0 -> 0
c0b58536a5f1:1906492:1908333 [0] NCCL INFO Ring 09 : 0 -> 0 -> 0
c0b58536a5f1:1906492:1908333 [0] NCCL INFO Ring 10 : 0 -> 0 -> 0
c0b58536a5f1:1906492:1908333 [0] NCCL INFO Ring 11 : 0 -> 0 -> 0
c0b58536a5f1:1906492:1908333 [0] NCCL INFO Ring 12 : 0 -> 0 -> 0
c0b58536a5f1:1906492:1908333 [0] NCCL INFO Ring 13 : 0 -> 0 -> 0
c0b58536a5f1:1906492:1908333 [0] NCCL INFO Ring 14 : 0 -> 0 -> 0
c0b58536a5f1:1906492:1908333 [0] NCCL INFO Ring 15 : 0 -> 0 -> 0
c0b58536a5f1:1906492:1908333 [0] NCCL INFO Ring 16 : 0 -> 0 -> 0
c0b58536a5f1:1906492:1908333 [0] NCCL INFO Ring 17 : 0 -> 0 -> 0
c0b58536a5f1:1906492:1908333 [0] NCCL INFO Ring 18 : 0 -> 0 -> 0
c0b58536a5f1:1906492:1908333 [0] NCCL INFO Ring 19 : 0 -> 0 -> 0
c0b58536a5f1:1906492:1908333 [0] NCCL INFO Ring 20 : 0 -> 0 -> 0
c0b58536a5f1:1906492:1908333 [0] NCCL INFO Ring 21 : 0 -> 0 -> 0
c0b58536a5f1:1906492:1908333 [0] NCCL INFO Ring 22 : 0 -> 0 -> 0
c0b58536a5f1:1906492:1908333 [0] NCCL INFO Ring 23 : 0 -> 0 -> 0
c0b58536a5f1:1906492:1908333 [0] NCCL INFO Ring 24 : 0 -> 0 -> 0
c0b58536a5f1:1906492:1908333 [0] NCCL INFO Ring 25 : 0 -> 0 -> 0
c0b58536a5f1:1906492:1908333 [0] NCCL INFO Ring 26 : 0 -> 0 -> 0
c0b58536a5f1:1906492:1908333 [0] NCCL INFO Ring 27 : 0 -> 0 -> 0
c0b58536a5f1:1906492:1908333 [0] NCCL INFO Ring 28 : 0 -> 0 -> 0
c0b58536a5f1:1906492:1908333 [0] NCCL INFO Ring 29 : 0 -> 0 -> 0
c0b58536a5f1:1906492:1908333 [0] NCCL INFO Ring 30 : 0 -> 0 -> 0
c0b58536a5f1:1906492:1908333 [0] NCCL INFO Ring 31 : 0 -> 0 -> 0
c0b58536a5f1:1906492:1908333 [0] NCCL INFO Trees [0] -1/-1/-1->0->-1 [1] -1/-1/-1->0->-1 [2] -1/-1/-1->0->-1 [3] -1/-1/-1->0->-1 [4] -1/-1/-1->0->-1 [5] -1/-1/-1->0->-1 [6] -1/-1/-1->0->-1 [7] -1/-1/-1->0->-1 [8] -1/-1/-1->0->-1 [9] -1/-1/-1->0->-1 [10] -1/-1/-1->0->-1 [11] -1/-1/-1->0->-1 [12] -1/-1/-1->0->-1 [13] -1/-1/-1->0->-1 [14] -1/-1/-1->0->-1 [15] -1/-1/-1->0->-1 [16] -1/-1/-1->0->-1 [17] -1/-1/-1->0->-1 [18] -1/-1/-1->0->-1 [19] -1/-1/-1->0->-1 [20] -1/-1/-1->0->-1 [21] -1/-1/-1->0->-1 [22] -1/-1/-1->0->-1 [23] -1/-1/-1->0->-1 [24] -1/-1/-1->0->-1 [25] -1/-1/-1->0->-1 [26] -1/-1/-1->0->-1 [27] -1/-1/-1->0->-1 [28] -1/-1/-1->0->-1 [29] -1/-1/-1->0->-1 [30] -1/-1/-1->0->-1 [31] -1/-1/-1->0->-1
c0b58536a5f1:1906492:1908333 [0] NCCL INFO P2P Chunksize set to 131072
c0b58536a5f1:1906492:1908333 [0] NCCL INFO misc/utils.cc:235 memory stack hunk malloc(65536)
c0b58536a5f1:1906492:1908333 [0] NCCL INFO channel.cc:40 Cuda Alloc Size 608 pointer 0x7fe12bc00000
c0b58536a5f1:1906492:1908333 [0] NCCL INFO channel.cc:43 Cuda Alloc Size 24 pointer 0x7fe12be00000
c0b58536a5f1:1906492:1908333 [0] NCCL INFO channel.cc:54 Cuda Alloc Size 4 pointer 0x7fe12dc00000
c0b58536a5f1:1906492:1908333 [0] NCCL INFO channel.cc:40 Cuda Alloc Size 608 pointer 0x7fe12de00000
c0b58536a5f1:1906492:1908333 [0] NCCL INFO channel.cc:43 Cuda Alloc Size 24 pointer 0x7fe135c00000
c0b58536a5f1:1906492:1908333 [0] NCCL INFO channel.cc:54 Cuda Alloc Size 4 pointer 0x7fe135e00000
c0b58536a5f1:1906492:1908333 [0] NCCL INFO channel.cc:40 Cuda Alloc Size 608 pointer 0x7fe137c00000
c0b58536a5f1:1906492:1908333 [0] NCCL INFO channel.cc:43 Cuda Alloc Size 24 pointer 0x7fe137e00000
c0b58536a5f1:1906492:1908333 [0] NCCL INFO channel.cc:54 Cuda Alloc Size 4 pointer 0x7fe13dc00000
c0b58536a5f1:1906492:1908333 [0] NCCL INFO channel.cc:40 Cuda Alloc Size 608 pointer 0x7fe13de00000
c0b58536a5f1:1906492:1908333 [0] NCCL INFO channel.cc:43 Cuda Alloc Size 24 pointer 0x7fe145400000
c0b58536a5f1:1906492:1908333 [0] NCCL INFO channel.cc:54 Cuda Alloc Size 4 pointer 0x7fe145600000
c0b58536a5f1:1906492:1908333 [0] NCCL INFO channel.cc:40 Cuda Alloc Size 608 pointer 0x7fe145800000
c0b58536a5f1:1906492:1908333 [0] NCCL INFO channel.cc:43 Cuda Alloc Size 24 pointer 0x7fe145a00000
c0b58536a5f1:1906492:1908333 [0] NCCL INFO channel.cc:54 Cuda Alloc Size 4 pointer 0x7fe145c00000
c0b58536a5f1:1906492:1908333 [0] NCCL INFO channel.cc:40 Cuda Alloc Size 608 pointer 0x7fe145e00000
c0b58536a5f1:1906492:1908333 [0] NCCL INFO channel.cc:43 Cuda Alloc Size 24 pointer 0x7fe147400000
c0b58536a5f1:1906492:1908333 [0] NCCL INFO channel.cc:54 Cuda Alloc Size 4 pointer 0x7fe147600000
c0b58536a5f1:1906492:1908333 [0] NCCL INFO channel.cc:40 Cuda Alloc Size 608 pointer 0x7fe147800000
c0b58536a5f1:1906492:1908333 [0] NCCL INFO channel.cc:43 Cuda Alloc Size 24 pointer 0x7fe147a00000
c0b58536a5f1:1906492:1908333 [0] NCCL INFO channel.cc:54 Cuda Alloc Size 4 pointer 0x7fe147c00000
c0b58536a5f1:1906492:1908333 [0] NCCL INFO channel.cc:40 Cuda Alloc Size 608 pointer 0x7fe147e00000
c0b58536a5f1:1906492:1908333 [0] NCCL INFO channel.cc:43 Cuda Alloc Size 24 pointer 0x7fe149800000
c0b58536a5f1:1906492:1908333 [0] NCCL INFO channel.cc:54 Cuda Alloc Size 4 pointer 0x7fe149a00000
c0b58536a5f1:1906492:1908333 [0] NCCL INFO channel.cc:40 Cuda Alloc Size 608 pointer 0x7fe149c00000
c0b58536a5f1:1906492:1908333 [0] NCCL INFO channel.cc:43 Cuda Alloc Size 24 pointer 0x7fe149e00000
c0b58536a5f1:1906492:1908333 [0] NCCL INFO channel.cc:54 Cuda Alloc Size 4 pointer 0x7fe14b400000
c0b58536a5f1:1906492:1908333 [0] NCCL INFO channel.cc:40 Cuda Alloc Size 608 pointer 0x7fe14b600000
c0b58536a5f1:1906492:1908333 [0] NCCL INFO channel.cc:43 Cuda Alloc Size 24 pointec0b58536a5f1:1906c0b58536a5f1:1906492:1908333 [0] NCCL INFO channel.cc:54 Cuda Alloc Size 4 pointer 0x7fe14ba00000
c0b58536a5f1:1906492:1908333 [0] NCCL INFO channel.cc:40 Cuda Alloc Size 608 pointc0b58536a5f1:1906493:1906493 [1] NCCL INFO init.cc:1627 Cuda Host Alloc Size 4 pointer 0x7fba53400c00
c0b58536a5f1:1906493:1908339 [1] NCCL INFO Using non-device net plugin version 0
c0b58536a5f1:1906493:1908339 [1] NCCL INFO Using network Socket
c0b58536a5f1:1906493:1908339 [1] NCCL INFO comm 0x55f4089b1bc0 rank 1 nranks 2 cudaDev 1 nvmlDev 1 busId 2d000 commId 0xd3bda4a47987a6d1 - Init START
c0b58536a5f1:1906493:1908339 [1] NCCL INFO NET/Socket : GPU Direct RDMA Disabled for HCA 0 'eth0'
c0b58536a5f1:1906493:1908339 [1] NCCL INFO === System : maxBw 160.0 totalBw 160.0 ===
c0b58536a5f1:1906493:1908339 [1] NCCL INFO CPU/0 (1/1/2)
c0b58536a5f1:1906493:1908339 [1] NCCL INFO + PCI[5000.0] - NIC/0
c0b58536a5f1:1906493:1908339 [1] NCCL INFO + PCI[24.0] - PCI/14000 (1000c01010000000)
c0b58536a5f1:1906493:1908339 [1] NCCL INFO               + PCI[24.0] - PCI/25000 (1000c01010de13b8)
c0b58536a5f1:1906493:1908339 [1] NCCL INFO                             + PCI[24.0] - GPU/27000 (0)
c0b58536a5f1:1906493:1908339 [1] NCCL INFO                                           + NVL[160.0] - NVS/0
c0b58536a5f1:1906493:1908339 [1] NCCL INFO               + PCI[24.0] - PCI/2B000 (1000c01010de13b8)
c0b58536a5f1:1906493:1908339 [1] NCCL INFO                             + PCI[24.0] - GPU/2D000 (1)
c0b58536a5f1:1906493:1908339 [1] NCCL INFO                                           + NVL[160.0] - NVS/0
c0b58536a5f1:1906493:1908339 [1] NCCL INFO ==========================================
c0b58536a5f1:1906493:1908339 [1] NCCL INFO GPU/27000 :GPU/27000 (0/5000.000000/LOC) GPU/2D000 (2/160.000000/NVL) NVS/0 (1/160.000000/NVL) CPU/0 (3/24.000000/PHB) 
c0b58536a5f1:1906493:1908339 [1] NCCL INFO GPU/2D000 :GPU/27000 (2/160.000000/NVL) GPU/2D000 (0/5000.000000/LOC) NVS/0 (1/160.000000/NVL) CPU/0 (3/24.000000/PHB) 
c0b58536a5f1:1906493:1908339 [1] NCCL INFO Setting affinity for GPU 1 to ffffffff,00000000,ffffffff
c0b58536a5f1:1906493:1908339 [1] NCCL INFO Pattern 4, crossNic 0, nChannels 8, bw 20.000000/20.000000, type NVL/PIX, sameChannels 1
c0b58536a5f1:1906493:1908339 [1] NCCL INFO  0 : GPU/0 GPU/1
c0b58536a5f1:1906493:1908339 [1] NCCL INFO  1 : GPU/0 GPU/1
c0b58536a5f1:1906493:1908339 [1] NCCL INFO  2 : GPU/0 GPU/1
c0b58536a5f1:1906493:1908339 [1] NCCL INFO  3 : GPU/0 GPU/1
c0b58536a5f1:1906493:1908339 [1] NCCL INFO  4 : GPU/0 GPU/1
c0b58536a5f1:1906493:1908339 [1] NCCL INFO  5 : GPU/0 GPU/1
c0b58536a5f1:1906493:1908339 [1] NCCL INFO  6 : GPU/0 GPU/1
c0b58536a5f1:1906493:1908339 [1] NCCL INFO  7 : GPU/0 GPU/1
c0b58536a5f1:1906493:1908339 [1] NCCL INFO Pattern 1, crossNic 0, nChannels 8, bw 40.000000/40.000000, type NVL/PIX, sameChannels 0
c0b58536a5f1:1906493:1908339 [1] NCCL INFO  0 : GPU/0 GPU/1
c0b58536a5f1:1906493:1908339 [1] NCCL INFO  1 : GPU/0 GPU/1
c0b58536a5f1:1906493:1908339 [1] NCCL INFO  2 : GPU/0 GPU/1
c0b58536a5f1:1906493:1908339 [1] NCCL INFO  3 : GPU/0 GPU/1
c0b58536a5f1:1906493:1908339 [1] NCCL INFO  4 : GPU/1 GPU/0
c0b58536a5f1:1906493:1908339 [1] NCCL INFO  5 : GPU/1 GPU/0
c0b58536a5f1:1906493:1908339 [1] NCCL INFO  6 : GPU/1 GPU/0
c0b58536a5f1:1906493:1908339 [1] NCCL INFO  7 : GPU/1 GPU/0
c0b58536a5f1:1906493:1908339 [1] NCCL INFO Tree 0 : 0 -> 1 -> -1/-1/-1
c0b58536a5f1:1906493:1908339 [1] NCCL INFO Tree 8 : 0 -> 1 -> -1/-1/-1
c0b58536a5f1:1906493:1908339 [1] NCCL INFO Tree 1 : 0 -> 1 -> -1/-1/-1
c0b58536a5f1:1906493:1908339 [1] NCCL INFO Tree 9 : 0 -> 1 -> -1/-1/-1
c0b58536a5f1:1906493:1908339 [1] NCCL INFO Tree 2 : 0 -> 1 -> -1/-1/-1
c0b58536a5f1:1906493:1908339 [1] NCCL INFO Tree 10 : 0 -> 1 -> -1/-1/-1
c0b58536a5f1:1906493:1908339 [1] NCCL INFO Tree 3 : 0 -> 1 -> -1/-1/-1
c0b58536a5f1:1906493:1908339 [1] NCCL INFO Tree 11 : 0 -> 1 -> -1/-1/-1
c0b58536a5f1:1906493:1908339 [1] NCCL INFO Tree 4 : -1 -> 1 -> 0/-1/-1
c0b58536a5f1:1906493:1908339 [1] NCCL INFO Tree 12 : -1 -> 1 -> 0/-1/-1
c0b58536a5f1:1906493:1908339 [1] NCCL INFO Tree 5 : -1 -> 1 -> 0/-1/-1
c0b58536a5f1:1906493:1908339 [1] NCCL INFO Tree 13 : -1 -> 1 -> 0/-1/-1
c0b58536a5f1:1906493:1908339 [1] NCCL INFO Tree 6 : -1 -> 1 -> 0/-1/-1
c0b58536a5f1:1906493:1908339 [1] NCCL INFO Tree 14 : -1 -> 1 -> 0/-1/-1
c0b58536a5f1:1906493:1908339 [1] NCCL INFO Tree 7 : -1 -> 1 -> 0/-1/-1
c0b58536a5f1:1906493:1908339 [1] NCCL INFO Tree 15 : -1 -> 1 -> 0/-1/-1
c0b58536a5f1:1906493:1908339 [1] NCCL INFO Ring 00 : 0 -> 1 -> 0
c0b58536a5f1:1906493:1908339 [1] NCCL INFO Ring 01 : 0 -> 1 -> 0
c0b58536a5f1:1906493:1908339 [1] NCCL INFO Ring 02 : 0 -> 1 -> 0
c0b58536a5f1:1906493:1908339 [1] NCCL INFO Ring 03 : 0 -> 1 -> 0
c0b58536a5f1:1906493:1908339 [1] NCCL INFO Ring 04 : 0 -> 1 -> 0
c0b58536a5f1:1906493:1908339 [1] NCCL INFO Ring 05 : 0 -> 1 -> 0
c0b58536a5f1:1906493:1908339 [1] NCCL INFO Ring 06 : 0 -> 1 -> 0
c0b58536a5f1:1906493:1908339 [1] NCCL INFO Ring 07 : 0 -> 1 -> 0
c0b58536a5f1:1906493:1908339 [1] NCCL INFO Ring 08 : 0 -> 1 -> 0
c0b58536a5f1:1906493:1908339 [1] NCCL INFO Ring 09 : 0 -> 1 -> 0
c0b58536a5f1:1906493:1908339 [1] NCCL INFO Ring 10 : 0 -> 1 -> 0
c0b58536a5f1:1906493:1908339 [1] NCCL INFO Ring 11 : 0 -> 1 -> 0
c0b58536a5f1:1906493:1908339 [1] NCCL INFO Ring 12 : 0 -> 1 -> 0
c0b58536a5f1:1906493:1908339 [1] NCCL INFO Ring 13 : 0 -> 1 -> 0
c0b58536a5f1:1906493:1908339 [1] NCCL INFO Ring 14 : 0 -> 1 -> 0
c0b58536a5f1:1906493:1908339 [1] NCCL INFO Ring 15 : 0 -> 1 -> 0
c0b58536a5f1:1906493:1908339 [1] NCCL INFO Trees [0] -1/-1/-1->1->0 [1] -1/-1/-1->1->0 [2] -1/-1/-1->1->0 [3] -1/-1/-1->1->0 [4] 0/-1/-1->1->-1 [5] 0/-1/-1->1->-1 [6] 0/-1/-1->1->-1 [7] 0/-1/-1->1->-1 [8] -1/-1/-1->1->0 [9] -1/-1/-1->1->0 [10] -1/-1/-1->1->0 [11] -1/-1/-1->1->0 [12] 0/-1/-1->1->-1 [13] 0/-1/-1->1->-1 [14] 0/-1/-1->1->-1 [15] 0/-1/-1->1->-1
c0b58536a5f1:1906493:1908339 [1] NCCL INFO P2P Chunksize set to 524288
c0b58536a5f1:1906493:1908339 [1] NCCL INFO misc/utils.cc:235 memory stack hunk malloc(65536)
c0b58536a5f1:1906493:1908339 [1] NCCL INFO channel.cc:40 Cuda Alloc Size 1216 pointer 0x7fb867600000
c0b58536a5f1:1906493:1908339 [1] NCCL INFO channel.cc:43 Cuda Alloc Size 40 pointer 0x7fb867800000
c0b58536a5f1:1906493:1908339 [1] NCCL INFO channel.cc:54 Cuda Alloc Size 8 pointer 0x7fb867a00000
c0b58536a5f1:1906493:1908339 [1] NCCL INFO channel.cc:40 Cuda Alloc Size 1216 pointer 0x7fb867c00000
c0b58536a5f1:1906493:1908339 [1] NCCL INFO channel.cc:43 Cuda Alloc Size 40 pointer 0x7fb867e00000
c0b58536a5f1:1906493:1908339 [1] NCCL INFO channel.cc:54 Cuda Alloc Size 8 pointer 0x7fb869800000
c0b58536a5f1:1906493:1908339 [1] NCCL INFO channel.cc:40 Cuda Alloc Size 1216 pointer 0x7fb869a00000
c0b58536a5f1:1906493:1908339 [1] NCCL INFO channel.cc:43 Cuda Alloc Size 40 pointer 0x7fb869c00000
c0b58536a5f1:1906493:1908339 [1] NCCL INFO channel.cc:54 Cuda Alloc Size 8 pointer 0x7fb869e00000
c0b58536a5f1:1906493:1908339 [1] NCCL INFO channel.cc:40 Cuda Alloc Size 1216 pointer 0x7fb86d400000
c0b58536a5f1:1906493:1908339 [1] NCCL INFO channel.cc:43 Cuda Alloc Size 40 pointer 0x7fb86d600000
c0b58536a5f1:1906493:1908339 [1] NCCL INFO channel.cc:54 Cuda Alloc Size 8 pointer 0x7fb86d800000
c0b58536a5f1:1906493:1908339 [1] NCCL INFO channel.cc:40 Cuda Alloc Size 1216 pointer 0x7fb86da00000
c0b58536a5f1:1906493:1908339 [1] NCCL INFO channel.cc:43 Cuda Alloc Size 40 pointer 0x7fb86dc00000
c0b58536a5f1:1906493:1908339 [1] NCCL INFO channel.cc:54 Cuda Alloc Size 8 pointer 0x7fb86de00000
c0b58536a5f1:1906493:1908339 [1] NCCL INFO channel.cc:40 Cuda Alloc Size 1216 pointer 0x7fb875400000
c0b58536a5f1:1906493:1908339 [1] NCCL INFO channel.cc:43 Cuda Alloc Size 40 pointer 0x7fb875600000
c0b58536a5f1:1906493:1908339 [1] NCCL INFO channel.cc:54 Cuda Alloc Size 8 pointer 0x7fb875800000
c0b58536a5f1:1906493:1908339 [1] NCCL INFO channel.cc:40 Cuda Alloc Size 1216 pointer 0x7fb875a00000
c0b58536a5f1:1906493:1908339 [1] NCCL INFO channel.cc:43 Cuda Alloc Size 40 pointer 0x7fb875c00000
c0b58536a5f1:1906493:1908339 [1] NCCL INFO channel.cc:54 Cuda Alloc Size 8 pointer 0x7fb875e00000
c0b58536a5f1:1906493:1908339 [1] NCCL INFO channel.cc:40 Cuda Alloc Size 1216 pointer 0x7fb877800000
c0b58536a5f1:1906493:1908339 [1] NCCL INFO channel.cc:43 Cuda Alloc Size 40 pointer 0x7fb877a00000
c0b58536a5f1:1906493:1908339 [1] NCCL INFO channel.cc:54 Cuda Alloc Size 8 pointer 0x7fb877c00000
c0b58536a5f1:1906493:1908339 [1] NCCL INFO channel.cc:40 Cuda Alloc Size 1216 pointer 0x7fb877e00000
c0b58536a5f1:1906493:1908339 [1] NCCL INFO channel.cc:43 Cuda Alloc Size 40 pointer 0x7fb87b400000
c0b58536a5f1:1906493:1908339 [1] NCCL INFO channel.cc:54 Cuda Alloc Size 8 pointer 0x7fb87b600000
c0b58536a5f1:1906493:1908339 [1] NCCL INFO channel.cc:40 Cuda Alloc Size 1216 pointer 0x7fb87b800000
c0b58536a5f1:1906493:1908339 [1] NCCL INFO channel.cc:43 Cuda Alloc Size 40 pointer 0x7fb87ba00000
c0b58536a5f1:1906493:1908339 [1] NCCL INFO channel.cc:54 Cuda Alloc Size 8 pointer 0x7fb87bc00000
c0b58536a5f1:1906493:1908339 [1] NCCL INFO channel.cc:40 Cuda Alloc Size 1216 pointer 0x7fb87be00000
c0b58536a5f1:1906493:1908339 [1] NCCL INFO channel.cc:43 Cuda Alloc Size 40 pointer 0x7fb883400000
c0b58536a5f1:1906493:1908339 [1] NCCL INFO channel.cc:54 Cuda Alloc Size 8 pointer 0x7fb883600000
c0b58536a5f1:1906493:1908339 [1] NCCL INFO channel.cc:40 Cuda Alloc Size 1216 pointer 0x7fb883800000
c0b58536a5f1:1906493:1908339 [1] NCCL INFO channel.cc:43 Cuda Alloc Size 40 pointer 0x7fb883a00000
c0b58536a5f1:1906493:1908339 [1] NCCL INFO channel.cc:54 Cuda Alloc Size 8 pointer 0x7fb883c00000
c0b58536a5f1:1906493:1908339 [1] NCCL INFO channel.cc:40 Cuda Alloc Size 1216 pointer 0x7fb883e00000
c0b58536a5f1:1906493:1908339 [1] NCCL INFO channel.cc:43 Cuda Alloc Size 40 pointer 0x7fb885400000
c0b58536a5f1:1906493:1908339 [1] NCCL INFO channel.cc:54 Cuda Alloc Size 8 pointer 0x7fb885600000
c0b58536a5f1:1906493:1908339 [1] NCCL INFO channel.cc:40 Cuda Alloc Size 1216 pointer 0x7fb885800000
c0b58536a5f1:1906493:1908339 [1] NCCL INFO channel.cc:43 Cuda Alloc Size 40 pointer 0x7fb885a00000
c0b58536a5f1:1906493:1908339 [1] NCCL INFO channel.cc:54 Cuda Alloc Size 8 pointer 0x7fb885c00000
c0b58536a5f1:1906493:1908339 [1] NCCL INFO channel.cc:40 Cuda Alloc Size 1216 pointer 0x7fb885e00000
c0b58536a5f1:1906493:1908339 [1] NCCL INFO channel.cc:43 Cuda Alloc Size 40 pointer 0x7fb887800000
c0b58536a5f1:1906493:1908339 [1] NCCL INFO channel.cc:54 Cuda Alloc Size 8 pointer 0x7fb887a00000
c0b58536a5f1:1906493:1908339 [1] NCCL INFO channel.cc:40 Cuda Alloc Size 1216 pointer 0x7fb887c00000
c0b58536a5f1:1906493:1908339 [1] NCCL INFO channel.cc:43 Cuda Alloc Size 40 pointer 0x7fb887e00000
c0b58536a5f1:1906493:1908339 [1] NCCL INFO channel.cc:54 Cuda Alloc Size 8 pointer 0x7fb88b400000
c0b58536a5f1:1906493:1908340 [1] NCCL INFO Mem Realloc old size 0, new size 8 pointer 0x7fb748004f20
c0b58536a5f1:1906493:1908340 [1] NCCL INFO New proxy recv connection 0 from local rank 1, transport 0
c0b58536a5f1:1906493:1908340 [1] NCCL INFO proxyProgressAsync opId=0x7fb79c03b4c0 op.type=1 op.reqBuff=0x7fb748004ee0 op.respSize=16 done
c0b58536a5f1:1906493:1908339 [1] NCCL INFO ncclPollProxyResponse Received new opId=0x7fb79c03b4c0
c0b58536a5f1:1906493:1908340 [1] NCCL INFO Received and initiated operation=Init res=0
c0b58536a5f1:1906493:1908339 [1] NCCL INFO resp.opId=0x7fb79c03b4c0 matches expected opId=0x7fb79c03b4c0
c0b58536a5f1:1906493:1908339 [1] NCCL INFO Connected to proxy localRank 1 -> connection 0x7fb748004f40
c0b58536a5f1:1906493:1908340 [1] NCCL INFO Allocated shareable buffer 0x7fb88b600000 size 6291456 ipcDesc 0x7fb748008bc0
c0b58536a5f1:1906493:1908340 [1] NCCL INFO proxyProgressAsync opId=0x7fb79c03b4c0 op.type=3 op.reqBuff=0x7fb748008b90 op.respSize=80 done
c0b58536a5f1:1906493:1908339 [1] NCCL INFO ncclPollProxyResponse Received new opId=0x7fb79c03b4c0
c0b58536a5f1:1906493:1908340 [1] NCCL INFO Received and initiated operation=Setup res=0
c0b58536a5f1:1906493:1908339 [1] NCCL INFO resp.opId=0x7fb79c03b4c0 matches expected opId=0x7fb79c03b4c0
c0b58536a5f1:1906493:1908340 [1] NCCL INFO New proxy recv connection 1 from local rank 1, transport 0
c0b58536a5f1:1906493:1908340 [1] NCCL INFO proxyProgressAsync opId=0x7fb79c03b4c0 op.type=1 op.reqBuff=0x7fb74800a2f0 op.respSize=16 done
c0b58536a5f1:1906493:1908339 [1] NCCL INFO ncclPollProxyResponse Received new opId=0x7fb79c03b4c0
c0b58536a5f1:1906493:1908340 [1] NCCL INFO Received and initiated operation=Init res=0
c0b58536a5f1:1906493:1908339 [1] NCCL INFO resp.opId=0x7fb79c03b4c0 matches expected opId=0x7fb79c03b4c0
c0b58536a5f1:1906493:1908339 [1] NCCL INFO Connected to proxy localRank 1 -> connection 0x7fb748004fb8
c0b58536a5f1:1906493:1908340 [1] NCCL INFO Allocated shareable buffer 0x7fb893600000 size 6291456 ipcDesc 0x7fb74800a3a0
c0b58536a5f1:1906493:1908340 [1] NCCL INFO proxyProgressAsync opId=0x7fb79c03b4c0 op.type=3 op.reqBuff=0x7fb74800a370 op.respSize=80 done
c0b58536a5f1:1906493:1908339 [1] NCCL INFO ncclPollProxyResponse Received new opId=0x7fb79c03b4c0
c0b58536a5f1:1906493:1908340 [1] NCCL INFO Received and initiated operation=Setup res=0
c0b58536a5f1:1906493:1908339 [1] NCCL INFO resp.opId=0x7fb79c03b4c0 matches expected opId=0x7fb79c03b4c0
c0b58536a5f1:1906493:1908340 [1] NCCL INFO New proxy recv connection 2 from local rank 1, transport 0
c0b58536a5f1:1906493:1908340 [1] NCCL INFO proxyProgressAsync opId=0x7fb79c03b4c0 op.type=1 op.reqBuff=0x7fb74800bc50 op.respSize=16 done
c0b58536a5f1:1906493:1908339 [1] NCCL INFO ncclPollProxyResponse Received new opId=0x7fb79c03b4c0
c0b58536a5f1:1906493:1908340 [1] NCCL INFO Received and initiated operation=Init res=0
c0b58536a5f1:1906493:1908339 [1] NCCL INFO resp.opId=0x7fb79c03b4c0 matches expected opId=0x7fb79c03b4c0
c0b58536a5f1:1906493:1908339 [1] NCCL INFO Connected to proxy localRank 1 -> connection 0x7fb748005030
c0b58536a5f1:1906493:1908340 [1] NCCL INFO Allocated shareable buffer 0x7fb895400000 size 6291456 ipcDesc 0x7fb74800bce0
c0b58536a5f1:1906493:1908340 [1] NCCL INFO proxyProgressAsync opId=0x7fb79c03b4c0 op.type=3 op.reqBuff=0x7fb74800bc70 op.respSize=80 done
c0b58536a5f1:1906493:1908339 [1] NCCL INFO ncclPollProxyResponse Received new opId=0x7fb79c03b4c0
c0b58536a5f1:1906493:1908340 [1] NCCL INFO Received and initiated operation=Setup res=0
c0b58536a5f1:1906493:1908339 [1] NCCL INFO resp.opId=0x7fb79c03b4c0 matches expected opId=0x7fb79c03b4c0
c0b58536a5f1:1906493:1908340 [1] NCCL INFO New proxy recv connection 3 from local rank 1, transport 0
c0b58536a5f1:1906493:1908340 [1] NCCL INFO proxyProgressAsync opId=0x7fb79c03b4c0 op.type=1 op.reqBuff=0x7fb74800bc70 op.respSize=16 done
c0b58536a5f1:1906493:1908339 [1] NCCL INFO ncclPollProxyResponse Received new opId=0x7fb79c03b4c0
c0b58536a5f1:1906493:1908340 [1] NCCL INFO Received and initiated operation=Init res=0
c0b58536a5f1:1906493:1908339 [1] NCCL INFO resp.opId=0x7fb79c03b4c0 matches expected opId=0x7fb79c03b4c0
c0b58536a5f1:1906493:1908339 [1] NCCL INFO Connected to proxy localRank 1 -> connection 0x7fb7480050a8
c0b58536a5f1:1906493:1908340 [1] NCCL INFO Allocated shareable buffer 0x7fb895a00000 size 6291456 ipcDesc 0x7fb74800d600
c0b58536a5f1:1906493:1908340 [1] NCCL INFO proxyProgressAsync opId=0x7fb79c03b4c0 op.type=3 op.reqBuff=0x7fb74800d590 op.respSize=80 done
c0b58536a5f1:1906493:1908339 [1] NCCL INFO ncclPollProxyResponse Received new opId=0x7fb79c03b4c0
c0b58536a5f1:1906493:1908340 [1] NCCL INFO Received and initiated operation=Setup res=0
c0b58536a5f1:1906493:1908339 [1] NCCL INFO resp.opId=0x7fb79c03b4c0 matches expected opId=0x7fb79c03b4c0
c0b58536a5f1:1906493:1908340 [1] NCCL INFO New proxy recv connection 4 from local rank 1, transport 0
c0b58536a5f1:1906493:1908340 [1] NCCL INFO proxyProgressAsync opId=0x7fb79c03b4c0 op.type=1 op.reqBuff=0x7fb74800d590 op.respSize=16 done
c0b58536a5f1:1906493:1908339 [1] NCCL INFO ncclPollProxyResponse Received new opId=0x7fb79c03b4c0
c0b58536a5f1:1906493:1908340 [1] NCCL INFO Received and initiated operation=Init res=0
c0b58536a5f1:1906493:1908339 [1] NCCL INFO resp.opId=0x7fb79c03b4c0 matches expected opId=0x7fb79c03b4c0
c0b58536a5f1:1906493:1908339 [1] NCCL INFO Connected to proxy localRank 1 -> connection 0x7fb748005120
c0b58536a5f1:1906493:1908340 [1] NCCL INFO Allocated shareable buffer 0x7fb897800000 size 6291456 ipcDesc 0x7fb74800ebe0
c0b58536a5f1:1906493:1908340 [1] NCCL INFO proxyProgressAsync opId=0x7fb79c03b4c0 op.type=3 op.reqBuff=0x7fb74800eb70 op.respSize=80 done
c0b58536a5f1:1906493:1908339 [1] NCCL INFO ncclPollProxyResponse Received new opId=0x7fb79c03b4c0
c0b58536a5f1:1906493:1908340 [1] NCCL INFO Received and initiated operation=Setup res=0
c0b58536a5f1:1906493:1908339 [1] NCCL INFO resp.opId=0x7fb79c03b4c0 matches expected opId=0x7fb79c03b4c0
c0b58536a5f1:1906493:1908340 [1] NCCL INFO New proxy recv connection 5 from local rank 1, transport 0
c0b58536a5f1:1906493:1908340 [1] NCCL INFO proxyProgressAsync opId=0x7fb79c03b4c0 op.type=1 op.reqBuff=0x7fb74800eb70 op.respSize=16 done
c0b58536a5f1:1906493:1908339 [1] NCCL INFO ncclPollProxyResponse Received new opId=0x7fb79c03b4c0
c0b58536a5f1:1906493:1908340 [1] NCCL INFO Received and initiated operation=Init res=0
c0b58536a5f1:1906493:1908339 [1] NCCL INFO resp.opId=0x7fb79c03b4c0 matches expected opId=0x7fb79c03b4c0
c0b58536a5f1:1906493:1908339 [1] NCCL INFO Connected to proxy localRank 1 -> connection 0x7fb748005198
c0b58536a5f1:1906493:1908340 [1] NCCL INFO Allocated shareable buffer 0x7fb899400000 size 6291456 ipcDesc 0x7fb7480104e0
c0b58536a5f1:1906493:1908340 [1] NCCL INFO proxyProgressAsync opId=0x7fb79c03b4c0 op.type=3 op.reqBuff=0x7fb748010470 op.respSize=80 done
c0b58536a5f1:1906493:1908339 [1] NCCL INFO ncclPollProxyResponse Received new opId=0x7fb79c03b4c0
c0b58536a5f1:1906493:1908340 [1] NCCL INFO Received and initiated operation=Setup res=0
c0b58536a5f1:1906493:1908339 [1] NCCL INFO resp.opId=0x7fb79c03b4c0 matches expected opId=0x7fb79c03b4c0
c0b58536a5f1:1906493:1908340 [1] NCCL INFO New proxy recv connection 6 from local rank 1, transport 0
c0b58536a5f1:1906493:1908340 [1] NCCL INFO proxyProgressAsync opId=0x7fb79c03b4c0 op.type=1 op.reqBuff=0x7fb748010470 op.respSize=16 done
c0b58536a5f1:1906493:1908339 [1] NCCL INFO ncclPollProxyResponse Received new opId=0x7fb79c03b4c0
c0b58536a5f1:1906493:1908340 [1] NCCL INFO Received and initiated operation=Init res=0
c0b58536a5f1:1906493:1908339 [1] NCCL INFO resp.opId=0x7fb79c03b4c0 matches expected opId=0x7fb79c03b4c0
c0b58536a5f1:1906493:1908339 [1] NCCL INFO Connected to proxy localRank 1 -> connection 0x7fb748005210
c0b58536a5f1:1906493:1908340 [1] NCCL INFO Allocated shareable buffer 0x7fb899a00000 size 6291456 ipcDesc 0x7fb748011de0
c0b58536a5f1:1906493:1908340 [1] NCCL INFO proxyProgressAsync opId=0x7fb79c03b4c0 op.type=3 op.reqBuff=0x7fb748011d70 op.respSize=80 done
c0b58536a5f1:1906493:1908339 [1] NCCL INFO ncclPollProxyResponse Received new opId=0x7fb79c03b4c0
c0b58536a5f1:1906493:1908340 [1] NCCL INFO Received and initiated operation=Setup res=0
c0b58536a5f1:1906493:1908339 [1] NCCL INFO resp.opId=0x7fb79c03b4c0 matches expected opId=0x7fb79c03b4c0
c0b58536a5f1:1906493:1908340 [1] NCCL INFO New proxy recv connection 7 from local rank 1, transport 0
c0b58536a5f1:1906493:1908340 [1] NCCL INFO proxyProgressAsync opId=0x7fb79c03b4c0 op.type=1 op.reqBuff=0x7fb748011d70 op.respSize=16 done
c0b58536a5f1:1906493:1908339 [1] NCCL INFO ncclPollProxyResponse Received new opId=0x7fb79c03b4c0
c0b58536a5f1:1906493:1908340 [1] NCCL INFO Received and initiated operation=Init res=0
c0b58536a5f1:1906493:1908339 [1] NCCL INFO resp.opId=0x7fb79c03b4c0 matches expected opId=0x7fb79c03b4c0
c0b58536a5f1:1906493:1908339 [1] NCCL INFO Connected to proxy localRank 1 -> connection 0x7fb748005288
c0b58536a5f1:1906493:1908340 [1] NCCL INFO Allocated shareable buffer 0x7fb8a1400000 size 6291456 ipcDesc 0x7fb748013380
c0b58536a5f1:1906493:1908340 [1] NCCL INFO proxyProgressAsync opId=0x7fb79c03b4c0 op.type=3 op.reqBuff=0x7fb748013350 op.respSize=80 done
c0b58536a5f1:1906493:1908339 [1] NCCL INFO ncclPollProxyResponse Received new opId=0x7fb79c03b4c0
c0b58536a5f1:1906493:1908340 [1] NCCL INFO Received and initiated operation=Setup res=0
c0b58536a5f1:1906493:1908339 [1] NCCL INFO resp.opId=0x7fb79c03b4c0 matches expected opId=0x7fb79c03b4c0
c0b58536a5f1:1906493:1908340 [1] NCCL INFO New proxy recv connection 8 from local rank 1, transport 0
c0b58536a5f1:1906493:1908340 [1] NCCL INFO proxyProgressAsync opId=0x7fb79c03b4c0 op.type=1 op.reqBuff=0x7fb748013350 op.respSize=16 done
c0b58536a5f1:1906493:1908339 [1] NCCL INFO ncclPollProxyResponse Received new opId=0x7fb79c03b4c0
c0b58536a5f1:1906493:1908340 [1] NCCL INFO Received and initiated operation=Init res=0
c0b58536a5f1:1906493:1908339 [1] NCCL INFO resp.opId=0x7fb79c03b4c0 matches expected opId=0x7fb79c03b4c0
c0b58536a5f1:1906493:1908339 [1] NCCL INFO Connected to proxy localRank 1 -> connection 0x7fb748005300
c0b58536a5f1:1906493:1908340 [1] NCCL INFO Allocated shareable buffer 0x7fb8a1a00000 size 6291456 ipcDesc 0x7fb748014c40
c0b58536a5f1:1906493:1908340 [1] NCCL INFO proxyProgressAsync opId=0x7fb79c03b4c0 op.type=3 op.reqBuff=0x7fb748014c10 op.respSize=80 done
c0b58536a5f1:1906493:1908339 [1] NCCL INFO ncclPollProxyResponse Received new opId=0x7fb79c03b4c0
c0b58536a5f1:1906493:1908340 [1] NCCL INFO Received and initiated operation=Setup res=0
c0b58536a5f1:1906493:1908339 [1] NCCL INFO resp.opId=0x7fb79c03b4c0 matches expected opId=0x7fb79c03b4c0
c0b58536a5f1:1906493:1908340 [1] NCCL INFO New proxy recv connection 9 from local rank 1, transport 0
c0b58536a5f1:1906493:1908340 [1] NCCL INFO proxyProgressAsync opId=0x7fb79c03b4c0 op.type=1 op.reqBuff=0x7fb748014c10 op.respSize=16 done
c0b58536a5f1:1906493:1908339 [1] NCCL INFO ncclPollProxyResponse Received new opId=0x7fb79c03b4c0
c0b58536a5f1:1906493:1908340 [1] NCCL INFO Received and initiated operation=Init res=0
c0b58536a5f1:1906493:1908339 [1] NCCL INFO resp.opId=0x7fb79c03b4c0 matches expected opId=0x7fb79c03b4c0
c0b58536a5f1:1906493:1908339 [1] NCCL INFO Connected to proxy localRank 1 -> connection 0x7fb748005378
c0b58536a5f1:1906493:1908340 [1] NCCL INFO Allocated shareable buffer 0x7fb8a3400000 size 6291456 ipcDesc 0x7fb7480161e0
c0b58536a5f1:1906493:1908340 [1] NCCL INFO proxyProgressAsync opId=0x7fb79c03b4c0 op.type=3 op.reqBuff=0x7fb7480161b0 op.respSize=80 done
c0b58536a5f1:1906493:1908339 [1] NCCL INFO ncclPollProxyResponse Received new opId=0x7fb79c03b4c0
c0b58536a5f1:1906493:1908340 [1] NCCL INFO Received and initiated operation=Setup res=0
c0b58536a5f1:1906493:1908339 [1] NCCL INFO resp.opId=0x7fb79c03b4c0 matches expected opId=0x7fb79c03b4c0
c0b58536a5f1:1906493:1908340 [1] NCCL INFO New proxy recv connection 10 from local rank 1, transport 0
c0b58536a5f1:1906493:1908340 [1] NCCL INFO proxyProgressAsync opId=0x7fb79c03b4c0 op.type=1 op.reqBuff=0x7fb7480161b0 op.respSize=16 done
c0b58536a5f1:1906493:1908339 [1] NCCL INFO ncclPollProxyResponse Received new opId=0x7fb79c03b4c0
c0b58536a5f1:1906493:1908340 [1] NCCL INFO Received and initiated operation=Init res=0
c0b58536a5f1:1906493:1908339 [1] NCCL INFO resp.opId=0x7fb79c03b4c0 matches expected opId=0x7fb79c03b4c0
c0b58536a5f1:1906493:1908339 [1] NCCL INFO Connected to proxy localRank 1 -> connection 0x7fb7480053f0
c0b58536a5f1:1906493:1908340 [1] NCCL INFO Allocated shareable buffer 0x7fb8a3a00000 size 6291456 ipcDesc 0x7fb748017aa0
c0b58536a5f1:1906493:1908340 [1] NCCL INFO proxyProgressAsync opId=0x7fb79c03b4c0 op.type=3 op.reqBuff=0x7fb748017a70 op.respSize=80 done
c0b58536a5f1:1906493:1908339 [1] NCCL INFO ncclPollProxyResponse Received new opId=0x7fb79c03b4c0
c0b58536a5f1:1906493:1908340 [1] NCCL INFO Received and initiated operation=Setup res=0
c0b58536a5f1:1906493:1908339 [1] NCCL INFO resp.opId=0x7fb79c03b4c0 matches expected opId=0x7fb79c03b4c0
c0b58536a5f1:1906493:1908340 [1] NCCL INFO New proxy recv connection 11 from local rank 1, transport 0
c0b58536a5f1:1906493:1908340 [1] NCCL INFO proxyProgressAsync opId=0x7fb79c03b4c0 op.type=1 op.reqBuff=0x7fb748017a70 op.respSize=16 done
c0b58536a5f1:1906493:1908339 [1] NCCL INFO ncclPollProxyResponse Received new opId=0x7fb79c03b4c0
c0b58536a5f1:1906493:1908340 [1] NCCL INFO Received and initiated operation=Init res=0
c0b58536a5f1:1906493:1908339 [1] NCCL INFO resp.opId=0x7fb79c03b4c0 matches expected opId=0x7fb79c03b4c0
c0b58536a5f1:1906493:1908339 [1] NCCL INFO Connected to proxy localRank 1 -> connection 0x7fb748005468
c0b58536a5f1:1906493:1908340 [1] NCCL INFO Allocated shareable buffer 0x7fb8a5800000 size 6291456 ipcDesc 0x7fb748019040
c0b58536a5f1:1906493:1908340 [1] NCCL INFO proxyProgressAsync opId=0x7fb79c03b4c0 op.type=3 op.reqBuff=0x7fb748019010 op.respSize=80 done
c0b58536a5f1:1906493:1908339 [1] NCCL INFO ncclPollProxyResponse Received new opId=0x7fb79c03b4c0
c0b58536a5f1:1906493:1908340 [1] NCCL INFO Received and initiated operation=Setup res=0
c0b58536a5f1:1906493:1908339 [1] NCCL INFO resp.opId=0x7fb79c03b4c0 matches expected opId=0x7fb79c03b4c0
c0b58536a5f1:1906493:1908340 [1] NCCL INFO New proxy recv connection 12 from local rank 1, transport 0
c0b58536a5f1:1906493:1908340 [1] NCCL INFO proxyProgressAsync opId=0x7fb79c03b4c0 op.type=1 op.reqBuff=0x7fb748019010 op.respSize=16 done
c0b58536a5f1:1906493:1908339 [1] NCCL INFO ncclPollProxyResponse Received new opId=0x7fb79c03b4c0
c0b58536a5f1:1906493:1908340 [1] NCCL INFO Received and initiated operation=Init res=0
c0b58536a5f1:1906493:1908339 [1] NCCL INFO resp.opId=0x7fb79c03b4c0 matches expected opId=0x7fb79c03b4c0
c0b58536a5f1:1906493:1908339 [1] NCCL INFO Connected to proxy localRank 1 -> connection 0x7fb7480054e0
c0b58536a5f1:1906493:1908340 [1] NCCL INFO Allocated shareable buffer 0x7fb8ad400000 size 6291456 ipcDesc 0x7fb74801a900
c0b58536a5f1:1906493:1908340 [1] NCCL INFO proxyProgressAsync opId=0x7fb79c03b4c0 op.type=3 op.reqBuff=0x7fb74801a8d0 op.respSize=80 done
c0b58536a5f1:1906493:1908339 [1] NCCL INFO ncclPollProxyResponse Received new opId=0x7fb79c03b4c0
c0b58536a5f1:1906493:1908340 [1] NCCL INFO Received and initiated operation=Setup res=0
c0b58536a5f1:1906493:1908339 [1] NCCL INFO resp.opId=0x7fb79c03b4c0 matches expected opId=0x7fb79c03b4c0
c0b58536a5f1:1906493:1908340 [1] NCCL INFO New proxy recv connection 13 from local rank 1, transport 0
c0b58536a5f1:1906493:1908340 [1] NCCL INFO proxyProgressAsync opId=0x7fb79c03b4c0 op.type=1 op.reqBuff=0x7fb74801a8d0 op.respSize=16 done
c0b58536a5f1:1906493:1908339 [1] NCCL INFO ncclPollProxyResponse Received new opId=0x7fb79c03b4c0
c0b58536a5f1:1906493:1908340 [1] NCCL INFO Received and initiated operation=Init res=0
c0b58536a5f1:1906493:1908339 [1] NCCL INFO resp.opId=0x7fb79c03b4c0 matches expected opId=0x7fb79c03b4c0
c0b58536a5f1:1906493:1908339 [1] NCCL INFO Connected to proxy localRank 1 -> connection 0x7fb748005558
c0b58536a5f1:1906493:1908340 [1] NCCL INFO Allocated shareable buffer 0x7fb8ada00000 size 6291456 ipcDesc 0x7fb74801c1c0
c0b58536a5f1:1906493:1908340 [1] NCCL INFO proxyProgressAsync opId=0x7fb79c03b4c0 op.type=3 op.reqBuff=0x7fb74801c190 op.respSize=80 done
c0b58536a5f1:1906493:1908339 [1] NCCL INFO ncclPollProxyResponse Received new opId=0x7fb79c03b4c0
c0b58536a5f1:1906493:1908340 [1] NCCL INFO Received and initiated operation=Setup res=0
c0b58536a5f1:1906493:1908339 [1] NCCL INFO resp.opId=0x7fb79c03b4c0 matches expected opId=0x7fb79c03b4c0
c0b58536a5f1:1906493:1908340 [1] NCCL INFO New proxy recv connection 14 from local rank 1, transport 0
c0b58536a5f1:1906493:1908340 [1] NCCL INFO proxyProgressAsync opId=0x7fb79c03b4c0 op.type=1 op.reqBuff=0x7fb74801c190 op.respSize=16 done
c0b58536a5f1:1906493:1908339 [1] NCCL INFO ncclPollProxyResponse Received new opId=0x7fb79c03b4c0
c0b58536a5f1:1906493:1908340 [1] NCCL INFO Received and initiated operation=Init res=0
c0b58536a5f1:1906493:1908339 [1] NCCL INFO resp.opId=0x7fb79c03b4c0 matches expected opId=0x7fb79c03b4c0
c0b58536a5f1:1906493:1908339 [1] NCCL INFO Connected to proxy localRank 1 -> connection 0x7fb7480055d0
c0b58536a5f1:1906493:1908340 [1] NCCL INFO Allocated shareable buffer 0x441800000 size 6291456 ipcDesc 0x7fb74801d800
c0b58536a5f1:1906493:1908340 [1] NCCL INFO proxyProgressAsync opId=0x7fb79c03b4c0 op.type=3 op.reqBuff=0x7fb74801d7d0 op.respSize=80 done
c0b58536a5f1:1906493:1908339 [1] NCCL INFO ncclPollProxyResponse Received new opId=0x7fb79c03b4c0
c0b58536a5f1:1906493:1908340 [1] NCCL INFO Received and initiated operation=Setup res=0
c0b58536a5f1:1906493:1908339 [1] NCCL INFO resp.opId=0x7fb79c03b4c0 matches expected opId=0x7fb79c03b4c0
c0b58536a5f1:1906493:1908340 [1] NCCL INFO New proxy recv connection 15 from local rank 1, transport 0
c0b58536a5f1:1906493:1908340 [1] NCCL INFO proxyProgressAsync opId=0x7fb79c03b4c0 op.type=1 op.reqBuff=0x7fb74801d7d0 op.respSize=16 done
c0b58536a5f1:1906493:1908339 [1] NCCL INFO ncclPollProxyResponse Received new opId=0x7fb79c03b4c0
c0b58536a5f1:1906493:1908340 [1] NCCL INFO Received and initiated operation=Init res=0
c0b58536a5f1:1906493:1908339 [1] NCCL INFO resp.opId=0x7fb79c03b4c0 matches expected opId=0x7fb79c03b4c0
c0b58536a5f1:1906493:1908339 [1] NCCL INFO Connected to proxy localRank 1 -> connection 0x7fb748005648
c0b58536a5f1:1906493:1908340 [1] NCCL INFO Allocated shareable buffer 0x7fb8d2000000 size 6291456 ipcDesc 0x7fb74801f0c0
c0b58536a5f1:1906493:1908340 [1] NCCL INFO proxyProgressAsync opId=0x7fb79c03b4c0 op.type=3 op.reqBuff=0x7fb74801f090 op.respSize=80 done
c0b58536a5f1:1906493:1908339 [1] NCCL INFO ncclPollProxyResponse Received new opId=0x7fb79c03b4c0
c0b58536a5f1:1906493:1908340 [1] NCCL INFO Received and initiated operation=Setup res=0
c0b58536a5f1:1906493:1908339 [1] NCCL INFO resp.opId=0x7fb79c03b4c0 matches expected opId=0x7fb79c03b4c0
c0b58536a5f1:1906493:1908339 [1] NCCL INFO Channel 00/0 : 1[1] -> 0[0] via P2P/CUMEM/read
c0b58536a5f1:1906493:1908340 [1] NCCL INFO New proxy send connection 16 from local rank 1, transport 0
c0b58536a5f1:1906493:1908340 [1] NCCL INFO proxyProgressAsync opId=0x7fb79c03b4c0 op.type=1 op.reqBuff=0x7fb74801f090 op.respSize=16 done
c0b58536a5f1:1906493:1908339 [1] NCCL INFO ncclPollProxyResponse Received new opId=0x7fb79c03b4c0
c0b58536a5f1:1906493:1908340 [1] NCCL INFO Received and initiated operation=Init res=0
c0b58536a5f1:1906493:1908339 [1] NCCL INFO resp.opId=0x7fb79c03b4c0 matches expected opId=0x7fb79c03b4c0
c0b58536a5f1:1906493:1908339 [1] NCCL INFO Connected to proxy localRank 1 -> connection 0x7fb7480056c0
c0b58536a5f1:1906493:1908340 [1] NCCL INFO Allocated shareable buffer 0x7fb8d2600000 size 6291456 ipcDesc 0x7fb748020980
c0b58536a5f1:1906493:1908340 [1] NCCL INFO proxyProgressAsync opId=0x7fb79c03b4c0 op.type=3 op.reqBuff=0x7fb748020950 op.respSize=80 done
c0b58536a5f1:1906493:1908339 [1] NCCL INFO ncclPollProxyResponse Received new opId=0x7fb79c03b4c0
c0b58536a5f1:1906493:1908340 [1] NCCL INFO Received and initiated operation=Setup res=0
c0b58536a5f1:1906493:1908339 [1] NCCL INFO resp.opId=0x7fb79c03b4c0 matches expected opId=0x7fb79c03b4c0
c0b58536a5f1:1906493:1908339 [1] NCCL INFO Channel 01/0 : 1[1] -> 0[0] via P2P/CUMEM/read
c0b58536a5f1:1906493:1908340 [1] NCCL INFO New proxy send connection 17 from local rank 1, transport 0
c0b58536a5f1:1906493:1908340 [1] NCCL INFO proxyProgressAsync opId=0x7fb79c03b4c0 op.type=1 op.reqBuff=0x7fb748020950 op.respSize=16 done
c0b58536a5f1:1906493:1908339 [1] NCCL INFO ncclPollProxyResponse Received new opId=0x7fb79c03b4c0
c0b58536a5f1:1906493:1908340 [1] NCCL INFO Received and initiated operation=Init res=0
c0b58536a5f1:1906493:1908339 [1] NCCL INFO resp.opId=0x7fb79c03b4c0 matches expected opId=0x7fb79c03b4c0
c0b58536a5f1:1906493:1908339 [1] NCCL INFO Connected to proxy localRank 1 -> connection 0x7fb748005738
c0b58536a5f1:1906493:1908340 [1] NCCL INFO Allocated shareable buffer 0x7fb8d2c00000 size 6291456 ipcDesc 0x7fb748022060
c0b58536a5f1:1906493:1908340 [1] NCCL INFO proxyProgressAsync opId=0x7fb79c03b4c0 op.type=3 op.reqBuff=0x7fb748022030 op.respSize=80 done
c0b58536a5f1:1906493:1908339 [1] NCCL INFO ncclPollProxyResponse Received new opId=0x7fb79c03b4c0
c0b58536a5f1:1906493:1908340 [1] NCCL INFO Received and initiated operation=Setup res=0
c0b58536a5f1:1906493:1908339 [1] NCCL INFO resp.opId=0x7fb79c03b4c0 matches expected opId=0x7fb79c03b4c0
c0b58536a5f1:1906493:1908339 [1] NCCL INFO Channel 02/0 : 1[1] -> 0[0] via P2P/CUMEM/read
c0b58536a5f1:1906493:1908340 [1] NCCL INFO New proxy send connection 18 from local rank 1, transport 0
c0b58536a5f1:1906493:1908340 [1] NCCL INFO proxyProgressAsync opId=0x7fb79c03b4c0 op.type=1 op.reqBuff=0x7fb748022030 op.respSize=16 done
c0b58536a5f1:1906493:1908339 [1] NCCL INFO ncclPollProxyResponse Received new opId=0x7fb79c03b4c0
c0b58536a5f1:1906493:1908340 [1] NCCL INFO Received and initiated operation=Init res=0
c0b58536a5f1:1906493:1908339 [1] NCCL INFO resp.opId=0x7fb79c03b4c0 matches expected opId=0x7fb79c03b4c0
c0b58536a5f1:1906493:1908339 [1] NCCL INFO Connected to proxy localRank 1 -> connection 0x7fb7480057b0
c0b58536a5f1:1906493:1908340 [1] NCCL INFO Allocated shareable buffer 0x7fb8d3200000 size 6291456 ipcDesc 0x7fb748023740
c0b58536a5f1:1906493:1908340 [1] NCCL INFO proxyProgressAsync opId=0x7fb79c03b4c0 op.type=3 op.reqBuff=0x7fb748023710 op.respSize=80 done
c0b58536a5f1:1906493:1908339 [1] NCCL INFO ncclPollProxyResponse Received new opId=0x7fb79c03b4c0
c0b58536a5f1:1906493:1908340 [1] NCCL INFO Received and initiated operation=Setup res=0
c0b58536a5f1:1906493:1908339 [1] NCCL INFO resp.opId=0x7fb79c03b4c0 matches expected opId=0x7fb79c03b4c0
c0b58536a5f1:1906493:1908339 [1] NCCL INFO Channel 03/0 : 1[1] -> 0[0] via P2P/CUMEM/read
c0b58536a5f1:1906493:1908340 [1] NCCL INFO New proxy send connection 19 from local rank 1, transport 0
c0b58536a5f1:1906493:1908340 [1] NCCL INFO proxyProgressAsync opId=0x7fb79c03b4c0 op.type=1 op.reqBuff=0x7fb748023710 op.respSize=16 done
c0b58536a5f1:1906493:1908339 [1] NCCL INFO ncclPollProxyResponse Received new opId=0x7fb79c03b4c0
c0b58536a5f1:1906493:1908340 [1] NCCL INFO Received and initiated operation=Init res=0
c0b58536a5f1:1906493:1908339 [1] NCCL INFO resp.opId=0x7fb79c03b4c0 matches expected opId=0x7fb79c03b4c0
c0b58536a5f1:1906493:1908339 [1] NCCL INFO Connected to proxy localRank 1 -> connection 0x7fb748005828
c0b58536a5f1:1906493:1908340 [1] NCCL INFO Allocated shareable buffer 0x7fb8d3800000 size 6291456 ipcDesc 0x7fb748024e20
c0b58536a5f1:1906493:1908340 [1] NCCL INFO proxyProgressAsync opId=0x7fb79c03b4c0 op.type=3 op.reqBuff=0x7fb748024df0 op.respSize=80 done
c0b58536a5f1:1906493:1908339 [1] NCCL INFO ncclPollProxyResponse Received new opId=0x7fb79c03b4c0
c0b58536a5f1:1906493:1908340 [1] NCCL INFO Received and initiated operation=Setup res=0
c0b58536a5f1:1906493:1908339 [1] NCCL INFO resp.opId=0x7fb79c03b4c0 matches expected opId=0x7fb79c03b4c0
c0b58536a5f1:1906493:1908339 [1] NCCL INFO Channel 04/0 : 1[1] -> 0[0] via P2P/CUMEM/read
c0b58536a5f1:1906493:1908340 [1] NCCL INFO New proxy send connection 20 from local rank 1, transport 0
c0b58536a5f1:1906493:1908340 [1] NCCL INFO proxyProgressAsync opId=0x7fb79c03b4c0 op.type=1 op.reqBuff=0x7fb748024df0 op.respSize=16 done
c0b58536a5f1:1906493:1908339 [1] NCCL INFO ncclPollProxyResponse Received new opId=0x7fb79c03b4c0
c0b58536a5f1:1906493:1908340 [1] NCCL INFO Received and initiated operation=Init res=0
c0b58536a5f1:1906493:1908339 [1] NCCL INFO resp.opId=0x7fb79c03b4c0 matches expected opId=0x7fb79c03b4c0
c0b58536a5f1:1906493:1908339 [1] NCCL INFO Connected to proxy localRank 1 -> connection 0x7fb7480058a0
c0b58536a5f1:1906493:1908340 [1] NCCL INFO Allocated shareable buffer 0x7fb8d3e00000 size 6291456 ipcDesc 0x7fb748026500
c0b58536a5f1:1906493:1908340 [1] NCCL INFO proxyProgressAsync opId=0x7fb79c03b4c0 op.type=3 op.reqBuff=0x7fb7480264d0 op.respSize=80 done
c0b58536a5f1:1906493:1908339 [1] NCCL INFO ncclPollProxyResponse Received new opId=0x7fb79c03b4c0
c0b58536a5f1:1906493:1908340 [1] NCCL INFO Received and initiated operation=Setup res=0
c0b58536a5f1:1906493:1908339 [1] NCCL INFO resp.opId=0x7fb79c03b4c0 matches expected opId=0x7fb79c03b4c0
c0b58536a5f1:1906493:1908339 [1] NCCL INFO Channel 05/0 : 1[1] -> 0[0] via P2P/CUMEM/read
c0b58536a5f1:1906493:1908340 [1] NCCL INFO New proxy send connection 21 from local rank 1, transport 0
c0b58536a5f1:1906493:1908340 [1] NCCL INFO proxyProgressAsync opId=0x7fb79c03b4c0 op.type=1 op.reqBuff=0x7fb7480264d0 op.respSize=16 done
c0b58536a5f1:1906493:1908339 [1] NCCL INFO ncclPollProxyResponse Received new opId=0x7fb79c03b4c0
c0b58536a5f1:1906493:1908340 [1] NCCL INFO Received and initiated operation=Init res=0
c0b58536a5f1:1906493:1908339 [1] NCCL INFO resp.opId=0x7fb79c03b4c0 matches expected opId=0x7fb79c03b4c0
c0b58536a5f1:1906493:1908339 [1] NCCL INFO Connected to proxy localRank 1 -> connection 0x7fb748005918
c0b58536a5f1:1906493:1908340 [1] NCCL INFO Allocated shareable buffer 0x7fb8d4400000 size 6291456 ipcDesc 0x7fb748027be0
c0b58536a5f1:1906493:1908340 [1] NCCL INFO proxyProgressAsync opId=0x7fb79c03b4c0 op.type=3 op.reqBuff=0x7fb748027bb0 op.respSize=80 done
c0b58536a5f1:1906493:1908339 [1] NCCL INFO ncclPollProxyResponse Received new opId=0x7fb79c03b4c0
c0b58536a5f1:1906493:1908340 [1] NCCL INFO Received and initiated operation=Setup res=0
c0b58536a5f1:1906493:1908339 [1] NCCL INFO resp.opId=0x7fb79c03b4c0 matches expected opId=0x7fb79c03b4c0
c0b58536a5f1:1906493:1908339 [1] NCCL INFO Channel 06/0 : 1[1] -> 0[0] via P2P/CUMEM/read
c0b58536a5f1:1906493:1908340 [1] NCCL INFO New proxy send connection 22 from local rank 1, transport 0
c0b58536a5f1:1906493:1908340 [1] NCCL INFO proxyProgressAsync opId=0x7fb79c03b4c0 op.type=1 op.reqBuff=0x7fb748027bb0 op.respSize=16 done
c0b58536a5f1:1906493:1908339 [1] NCCL INFO ncclPollProxyResponse Received new opId=0x7fb79c03b4c0
c0b58536a5f1:1906493:1908340 [1] NCCL INFO Received and initiated operation=Init res=0
c0b58536a5f1:1906493:1908339 [1] NCCL INFO resp.opId=0x7fb79c03b4c0 matches expected opId=0x7fb79c03b4c0
c0b58536a5f1:1906493:1908339 [1] NCCL INFO Connected to proxy localRank 1 -> connection 0x7fb748005990
c0b58536a5f1:1906493:1908340 [1] NCCL INFO Allocated shareable buffer 0x7fb8d4a00000 size 6291456 ipcDesc 0x7fb7480292c0
c0b58536a5f1:1906493:1908340 [1] NCCL INFO proxyProgressAsync opId=0x7fb79c03b4c0 op.type=3 op.reqBuff=0x7fb748029290 op.respSize=80 done
c0b58536a5f1:1906493:1908339 [1] NCCL INFO ncclPollProxyResponse Received new opId=0x7fb79c03b4c0
c0b58536a5f1:1906493:1908340 [1] NCCL INFO Received and initiated operation=Setup res=0
c0b58536a5f1:1906493:1908339 [1] NCCL INFO resp.opId=0x7fb79c03b4c0 matches expected opId=0x7fb79c03b4c0
c0b58536a5f1:1906493:1908339 [1] NCCL INFO Channel 07/0 : 1[1] -> 0[0] via P2P/CUMEM/read
c0b58536a5f1:1906493:1908340 [1] NCCL INFO New proxy send connection 23 from local rank 1, transport 0
c0b58536a5f1:1906493:1908340 [1] NCCL INFO proxyProgressAsync opId=0x7fb79c03b4c0 op.type=1 op.reqBuff=0x7fb748029290 op.respSize=16 done
c0b58536a5f1:1906493:1908339 [1] NCCL INFO ncclPollProxyResponse Received new opId=0x7fb79c03b4c0
c0b58536a5f1:1906493:1908340 [1] NCCL INFO Received and initiated operation=Init res=0
c0b58536a5f1:1906493:1908339 [1] NCCL INFO resp.opId=0x7fb79c03b4c0 matches expected opId=0x7fb79c03b4c0
c0b58536a5f1:1906493:1908339 [1] NCCL INFO Connected to proxy localRank 1 -> connection 0x7fb748005a08
c0b58536a5f1:1906493:1908340 [1] NCCL INFO Allocated shareable buffer 0x7fb8d5000000 size 6291456 ipcDesc 0x7fb74802a9a0
c0b58536a5f1:1906493:1908340 [1] NCCL INFO proxyProgressAsync opId=0x7fb79c03b4c0 op.type=3 op.reqBuff=0x7fb74802a970 op.respSize=80 done
c0b58536a5f1:1906493:1908339 [1] NCCL INFO ncclPollProxyResponse Received new opId=0x7fb79c03b4c0
c0b58536a5f1:1906493:1908340 [1] NCCL INFO Received and initiated operation=Setup res=0
c0b58536a5f1:1906493:1908339 [1] NCCL INFO resp.opId=0x7fb79c03b4c0 matches expected opId=0x7fb79c03b4c0
c0b58536a5f1:1906493:1908339 [1] NCCL INFO Channel 08/0 : 1[1] -> 0[0] via P2P/CUMEM/read
c0b58536a5f1:1906493:1908340 [1] NCCL INFO New proxy send connection 24 from local rank 1, transport 0
c0b58536a5f1:1906493:1908340 [1] NCCL INFO proxyProgressAsync opId=0x7fb79c03b4c0 op.type=1 op.reqBuff=0x7fb74802a970 op.respSize=16 done
c0b58536a5f1:1906493:1908339 [1] NCCL INFO ncclPollProxyResponse Received new opId=0x7fb79c03b4c0
c0b58536a5f1:1906493:1908340 [1] NCCL INFO Received and initiated operation=Init res=0
c0b58536a5f1:1906493:1908339 [1] NCCL INFO resp.opId=0x7fb79c03b4c0 matches expected opId=0x7fb79c03b4c0
c0b58536a5f1:1906493:1908339 [1] NCCL INFO Connected to proxy localRank 1 -> connection 0x7fb748005a80
c0b58536a5f1:1906493:1908340 [1] NCCL INFO Allocated shareable buffer 0x7fb8d5600000 size 6291456 ipcDesc 0x7fb74802c080
c0b58536a5f1:1906493:1908340 [1] NCCL INFO proxyProgressAsync opId=0x7fb79c03b4c0 op.type=3 op.reqBuff=0x7fb74802c050 op.respSize=80 done
c0b58536a5f1:1906493:1908339 [1] NCCL INFO ncclPollProxyResponse Received new opId=0x7fb79c03b4c0
c0b58536a5f1:1906493:1908340 [1] NCCL INFO Received and initiated operation=Setup res=0
c0b58536a5f1:1906493:1908339 [1] NCCL INFO resp.opId=0x7fb79c03b4c0 matches expected opId=0x7fb79c03b4c0
c0b58536a5f1:1906493:1908339 [1] NCCL INFO Channel 09/0 : 1[1] -> 0[0] via P2P/CUMEM/read
c0b58536a5f1:1906493:1908340 [1] NCCL INFO New proxy send connection 25 from local rank 1, transport 0
c0b58536a5f1:1906493:1908340 [1] NCCL INFO proxyProgressAsync opId=0x7fb79c03b4c0 op.type=1 op.reqBuff=0x7fb74802c050 op.respSize=16 done
c0b58536a5f1:1906493:1908339 [1] NCCL INFO ncclPollProxyResponse Received new opId=0x7fb79c03b4c0
c0b58536a5f1:1906493:1908340 [1] NCCL INFO Received and initiated operation=Init res=0
c0b58536a5f1:1906493:1908339 [1] NCCL INFO resp.opId=0x7fb79c03b4c0 matches expected opId=0x7fb79c03b4c0
c0b58536a5f1:1906493:1908339 [1] NCCL INFO Connected to proxy localRank 1 -> connection 0x7fb748005af8
c0b58536a5f1:1906493:1908340 [1] NCCL INFO Allocated shareable buffer 0x7fb8d5c00000 size 6291456 ipcDesc 0x7fb74802d760
c0b58536a5f1:1906493:1908340 [1] NCCL INFO proxyProgressAsync opId=0x7fb79c03b4c0 op.type=3 op.reqBuff=0x7fb74802d730 op.respSize=80 done
c0b58536a5f1:1906493:1908339 [1] NCCL INFO ncclPollProxyResponse Received new opId=0x7fb79c03b4c0
c0b58536a5f1:1906493:1908340 [1] NCCL INFO Received and initiated operation=Setup res=0
c0b58536a5f1:1906493:1908339 [1] NCCL INFO resp.opId=0x7fb79c03b4c0 matches expected opId=0x7fb79c03b4c0
c0b58536a5f1:1906493:1908339 [1] NCCL INFO Channel 10/0 : 1[1] -> 0[0] via P2P/CUMEM/read
c0b58536a5f1:1906493:1908340 [1] NCCL INFO New proxy send connection 26 from local rank 1, transport 0
c0b58536a5f1:1906493:1908340 [1] NCCL INFO proxyProgressAsync opId=0x7fb79c03b4c0 op.type=1 op.reqBuff=0x7fb74802d730 op.respSize=16 done
c0b58536a5f1:1906493:1908339 [1] NCCL INFO ncclPollProxyResponse Received new opId=0x7fb79c03b4c0
c0b58536a5f1:1906493:1908340 [1] NCCL INFO Received and initiated operation=Init res=0
c0b58536a5f1:1906493:1908339 [1] NCCL INFO resp.opId=0x7fb79c03b4c0 matches expected opId=0x7fb79c03b4c0
c0b58536a5f1:1906493:1908339 [1] NCCL INFO Connected to proxy localRank 1 -> connection 0x7fb748005b70
c0b58536a5f1:1906493:1908340 [1] NCCL INFO Allocated shareable buffer 0x7fb8d6200000 size 6291456 ipcDesc 0x7fb74802ee40
c0b58536a5f1:1906493:1908340 [1] NCCL INFO proxyProgressAsync opId=0x7fb79c03b4c0 op.type=3 op.reqBuff=0x7fb74802ee10 op.respSize=80 done
c0b58536a5f1:1906493:1908339 [1] NCCL INFO ncclPollProxyResponse Received new opId=0x7fb79c03b4c0
c0b58536a5f1:1906493:1908340 [1] NCCL INFO Received and initiated operation=Setup res=0
c0b58536a5f1:1906493:1908339 [1] NCCL INFO resp.opId=0x7fb79c03b4c0 matches expected opId=0x7fb79c03b4c0
c0b58536a5f1:1906493:1908339 [1] NCCL INFO Channel 11/0 : 1[1] -> 0[0] via P2P/CUMEM/read
c0b58536a5f1:1906493:1908340 [1] NCCL INFO New proxy send connection 27 from local rank 1, transport 0
c0b58536a5f1:1906493:1908340 [1] NCCL INFO proxyProgressAsync opId=0x7fb79c03b4c0 op.type=1 op.reqBuff=0x7fb74802ee10 op.respSize=16 done
c0b58536a5f1:1906493:1908339 [1] NCCL INFO ncclPollProxyResponse Received new opId=0x7fb79c03b4c0
c0b58536a5f1:1906493:1908340 [1] NCCL INFO Received and initiated operation=Init res=0
c0b58536a5f1:1906493:1908339 [1] NCCL INFO resp.opId=0x7fb79c03b4c0 matches expected opId=0x7fb79c03b4c0
c0b58536a5f1:1906493:1908339 [1] NCCL INFO Connected to proxy localRank 1 -> connection 0x7fb748005be8
c0b58536a5f1:1906493:1908340 [1] NCCL INFO Allocated shareable buffer 0x7fb8d6800000 size 6291456 ipcDesc 0x7fb748030520
c0b58536a5f1:1906493:1908340 [1] NCCL INFO proxyProgressAsync opId=0x7fb79c03b4c0 op.type=3 op.reqBuff=0x7fb7480304f0 op.respSize=80 done
c0b58536a5f1:1906493:1908339 [1] NCCL INFO ncclPollProxyResponse Received new opId=0x7fb79c03b4c0
c0b58536a5f1:1906493:1908340 [1] NCCL INFO Received and initiated operation=Setup res=0
c0b58536a5f1:1906493:1908339 [1] NCCL INFO resp.opId=0x7fb79c03b4c0 matches expected opId=0x7fb79c03b4c0
c0b58536a5f1:1906493:1908339 [1] NCCL INFO Channel 12/0 : 1[1] -> 0[0] via P2P/CUMEM/read
c0b58536a5f1:1906493:1908340 [1] NCCL INFO New proxy send connection 28 from local rank 1, transport 0
c0b58536a5f1:1906493:1908340 [1] NCCL INFO proxyProgressAsync opId=0x7fb79c03b4c0 op.type=1 op.reqBuff=0x7fb7480304f0 op.respSize=16 done
c0b58536a5f1:1906493:1908339 [1] NCCL INFO ncclPollProxyResponse Received new opId=0x7fb79c03b4c0
c0b58536a5f1:1906493:1908340 [1] NCCL INFO Received and initiated operation=Init res=0
c0b58536a5f1:1906493:1908339 [1] NCCL INFO resp.opId=0x7fb79c03b4c0 matches expected opId=0x7fb79c03b4c0
c0b58536a5f1:1906493:1908339 [1] NCCL INFO Connected to proxy localRank 1 -> connection 0x7fb748005c60
c0b58536a5f1:1906493:1908340 [1] NCCL INFO Allocated shareable buffer 0x7fb8d6e00000 size 6291456 ipcDesc 0x7fb748031c00
c0b58536a5f1:1906493:1908340 [1] NCCL INFO proxyProgressAsync opId=0x7fb79c03b4c0 op.type=3 op.reqBuff=0x7fb748031bd0 op.respSize=80 done
c0b58536a5f1:1906493:1908339 [1] NCCL INFO ncclPollProxyResponse Received new opId=0x7fb79c03b4c0
c0b58536a5f1:1906493:1908340 [1] NCCL INFO Received and initiated operation=Setup res=0
c0b58536a5f1:1906493:1908339 [1] NCCL INFO resp.opId=0x7fb79c03b4c0 matches expected opId=0x7fb79c03b4c0
c0b58536a5f1:1906493:1908339 [1] NCCL INFO Channel 13/0 : 1[1] -> 0[0] via P2P/CUMEM/read
c0b58536a5f1:1906493:1908340 [1] NCCL INFO New proxy send connection 29 from local rank 1, transport 0
c0b58536a5f1:1906493:1908340 [1] NCCL INFO proxyProgressAsync opId=0x7fb79c03b4c0 op.type=1 op.reqBuff=0x7fb748031bd0 op.respSize=16 done
c0b58536a5f1:1906493:1908339 [1] NCCL INFO ncclPollProxyResponse Received new opId=0x7fb79c03b4c0
c0b58536a5f1:1906493:1908340 [1] NCCL INFO Received and initiated operation=Init res=0
c0b58536a5f1:1906493:1908339 [1] NCCL INFO resp.opId=0x7fb79c03b4c0 matches expected opId=0x7fb79c03b4c0
c0b58536a5f1:1906493:1908339 [1] NCCL INFO Connected to proxy localRank 1 -> connection 0x7fb748005cd8
c0b58536a5f1:1906493:1908340 [1] NCCL INFO Allocated shareable buffer 0x7fb8d7400000 size 6291456 ipcDesc 0x7fb7480332e0
c0b58536a5f1:1906493:1908340 [1] NCCL INFO proxyProgressAsync opId=0x7fb79c03b4c0 op.type=3 op.reqBuff=0x7fb7480332b0 op.respSize=80 done
c0b58536a5f1:1906493:1908339 [1] NCCL INFO ncclPollProxyResponse Received new opId=0x7fb79c03b4c0
c0b58536a5f1:1906493:1908340 [1] NCCL INFO Received and initiated operation=Setup res=0
c0b58536a5f1:1906493:1908339 [1] NCCL INFO resp.opId=0x7fb79c03b4c0 matches expected opId=0x7fb79c03b4c0
c0b58536a5f1:1906493:1908339 [1] NCCL INFO Channel 14/0 : 1[1] -> 0[0] via P2P/CUMEM/read
c0b58536a5f1:1906493:1908340 [1] NCCL INFO New proxy send connection 30 from local rank 1, transport 0
c0b58536a5f1:1906493:1908340 [1] NCCL INFO proxyProgressAsync opId=0x7fb79c03b4c0 op.type=1 op.reqBuff=0x7fb7480332b0 op.respSize=16 done
c0b58536a5f1:1906493:1908339 [1] NCCL INFO ncclPollProxyResponse Received new opId=0x7fb79c03b4c0
c0b58536a5f1:1906493:1908340 [1] NCCL INFO Received and initiated operation=Init res=0
c0b58536a5f1:1906493:1908339 [1] NCCL INFO resp.opId=0x7fb79c03b4c0 matches expected opId=0x7fb79c03b4c0
c0b58536a5f1:1906493:1908339 [1] NCCL INFO Connected to proxy localRank 1 -> connection 0x7fb748005d50
c0b58536a5f1:1906493:1908340 [1] NCCL INFO Allocated shareable buffer 0x7fb8d7a00000 size 6291456 ipcDesc 0x7fb7480349c0
c0b58536a5f1:1906493:1908340 [1] NCCL INFO proxyProgressAsync opId=0x7fb79c03b4c0 op.type=3 op.reqBuff=0x7fb748034990 op.respSize=80 done
c0b58536a5f1:1906493:1908339 [1] NCCL INFO ncclPollProxyResponse Received new opId=0x7fb79c03b4c0
c0b58536a5f1:1906493:1908340 [1] NCCL INFO Received and initiated operation=Setup res=0
c0b58536a5f1:1906493:1908339 [1] NCCL INFO resp.opId=0x7fb79c03b4c0 matches expected opId=0x7fb79c03b4c0
c0b58536a5f1:1906493:1908339 [1] NCCL INFO Channel 15/0 : 1[1] -> 0[0] via P2P/CUMEM/read
c0b58536a5f1:1906493:1908340 [1] NCCL INFO New proxy send connection 31 from local rank 1, transport 0
c0b58536a5f1:1906493:1908340 [1] NCCL INFO proxyProgressAsync opId=0x7fb79c03b4c0 op.type=1 op.reqBuff=0x7fb748034990 op.respSize=16 done
c0b58536a5f1:1906493:1908339 [1] NCCL INFO ncclPollProxyResponse Received new opId=0x7fb79c03b4c0
c0b58536a5f1:1906493:1908340 [1] NCCL INFO Received and initiated operation=Init res=0
c0b58536a5f1:1906493:1908339 [1] NCCL INFO resp.opId=0x7fb79c03b4c0 matches expected opId=0x7fb79c03b4c0
c0b58536a5f1:1906493:1908339 [1] NCCL INFO Connected to proxy localRank 1 -> connection 0x7fb748005dc8
c0b58536a5f1:1906493:1908340 [1] NCCL INFO Allocated shareable buffer 0x7fb8d8000000 size 6291456 ipcDesc 0x7fb7480360a0
c0b58536a5f1:1906493:1908340 [1] NCCL INFO proxyProgressAsync opId=0x7fb79c03b4c0 op.type=3 op.reqBuff=0x7fb748036070 op.respSize=80 done
c0b58536a5f1:1906493:1908339 [1] NCCL INFO ncclPollProxyResponse Received new opId=0x7fb79c03b4c0
c0b58536a5f1:1906493:1908340 [1] NCCL INFO Received and initiated operation=Setup res=0
c0b58536a5f1:1906493:1908339 [1] NCCL INFO resp.opId=0x7fb79c03b4c0 matches expected opId=0x7fb79c03b4c0
c0b58536a5f1:1906493:1908340 [1] NCCL INFO New proxy send connection 32 from local rank 0, transport 0
c0b58536a5f1:1906493:1908340 [1] NCCL INFO proxyProgressAsync opId=0x7fe064096330 op.type=1 op.reqBuff=0x7fb748036070 op.respSize=16 done
c0b58536a5f1:1906493:1908340 [1] NCCL INFO Received and initiated operation=Init res=0
c0b58536a5f1:1906493:1908339 [1] NCCL INFO ncclPollProxyResponse Received new opId=0x7fb79c03b4c0
c0b58536a5f1:1906493:1908339 [1] NCCL INFO resp.opId=0x7fb79c03b4c0 matches expected opId=0x7fb79c03b4c0
c0b58536a5f1:1906493:1908339 [1] NCCL INFO Connected to proxy localRank 0 -> connection 0x7fe07c0de220
c0b58536a5f1:1906493:1908340 [1] NCCL INFO UDS proxyGetFd received handle 0x7fb748008c10 peer 0 opId 7eeb4292a0a6522
c0b58536a5f1:1906493:1908340 [1] NCCL INFO proxyProgressAsync opId=0x7eeb4292a0a6522 op.type=9 op.reqBuff=0x7fb748037750 op.respSize=0 done
c0b58536a5f1:1906493:1908340 [1] NCCL INFO Received and initiated operation=GetFd res=0
c0b58536a5f1:1906493:1908339 [1] NCCL INFO ncclPollProxyResponse Received new opId=0x349434016b6e3fca
c0b58536a5f1:1906493:1908339 [1] NCCL INFO resp.opId=0x349434016b6e3fca matches expected opId=0x349434016b6e3fca
c0b58536a5f1:1906493:1908339 [1] NCCL INFO UDS converted handle 0x7fe07c0048f0 to fd 188 on remote peer 0
c0b58536a5f1:1906493:1908339 [1] NCCL INFO Imported shareable buffer device 1 size 6291456 ptr 0x7fb8d8600000
c0b58536a5f1:1906493:1908340 [1] NCCL INFO New proxy send connection 33 from local rank 0, transport 0
c0b58536a5f1:1906493:1908340 [1] NCCL INFO proxyProgressAsync opId=0x7fe064096330 op.type=1 op.reqBuff=0x7fb748037750 op.respSize=16 done
c0b58536a5f1:1906493:1908340 [1] NCCL INFO Received and initiated operation=Init res=0
c0b58536a5f1:1906493:1908339 [1] NCCL INFO ncclPollProxyResponse Received new opId=0x7fb79c03b4c0
c0b58536a5f1:1906493:1908339 [1] NCCL INFO resp.opId=0x7fb79c03b4c0 matches expected opId=0x7fb79c03b4c0
c0b58536a5f1:1906493:1908339 [1] NCCL INFO Connected to proxy localRank 0 -> connection 0x7fe07c0de298
c0b58536a5f1:1906493:1908340 [1] NCCL INFO UDS proxyGetFd received handle 0x7fb7480209d0 peer 0 opId 1690ebf879d7b7e6
c0b58536a5f1:1906493:1908340 [1] NCCL INFO proxyProgressAsync opId=0x1690ebf879d7b7e6 op.type=9 op.reqBuff=0x7fb748036070 op.respSize=0 done
c0b58536a5f1:1906493:1908340 [1] NCCL INFO Received and initiated operation=GetFd res=0
c0b58536a5f1:1906493:1908339 [1] NCCL INFO ncclPollProxyResponse Received new opId=0x5bf29ba850a43755
c0b58536a5f1:1906493:1908339 [1] NCCL INFO resp.opId=0x5bf29ba850a43755 matches expected opId=0x5bf29ba850a43755
c0b58536a5f1:1906493:1908339 [1] NCCL INFO UDS converted handle 0x7fe07c0f7be0 to fd 188 on remote peer 0
c0b58536a5f1:1906493:1908340 [1] NCCL INFO New proxy send connection 34 from local rank 0, transport 0
c0b58536a5f1:1906493:1908340 [1] NCCL INFO proxyProgressAsync opId=0x7fe064096330 op.type=1 op.reqBuff=0x7fb748036070 op.respSize=16 done
c0b58536a5f1:1906493:1908340 [1] NCCL INFO Received and initiated operation=Init res=0
c0b58536a5f1:1906493:1908339 [1] NCCL INFO Imported shareable buffer device 1 size 6291456 ptr 0x7fb8d8c00000
c0b58536a5f1:1906493:1908340 [1] NCCL INFO UDS proxyGetFd received handle 0x7fb74800a3f0 peer 0 opId 6edb863c6b7df68a
c0b58536a5f1:1906493:1908339 [1] NCCL INFO ncclPollProxyResponse Received new opId=0x7fb79c03b4c0
c0b58536a5f1:1906493:1908339 [1] NCCL INFO resp.opId=0x7fb79c03b4c0 matches expected opId=0x7fb79c03b4c0
c0b58536a5f1:1906493:1908339 [1] NCCL INFO Connected to proxy localRank 0 -> connection 0x7fe07c0de310
c0b58536a5f1:1906493:1908340 [1] NCCL INFO proxyProgressAsync opId=0x6edb863c6b7df68a op.type=9 op.reqBuff=0x7fb748037750 op.respSize=0 done
c0b58536a5f1:1906493:1908340 [1] NCCL INFO Received and initiated operation=GetFd res=0
c0b58536a5f1:1906493:1908339 [1] NCCL INFO ncclPollProxyResponse Received new opId=0x538ca58772b93508
c0b58536a5f1:1906493:1908339 [1] NCCL INFO resp.opId=0x538ca58772b93508 matches expected opId=0x538ca58772b93508
c0b58536a5f1:1906493:1908339 [1] NCCL INFO UDS converted handle 0x7fe07c0e19c0 to fd 187 on remote peer 0
c0b58536a5f1:1906493:1908340 [1] NCCL INFO New proxy send connection 35 from local rank 0, transport 0
c0b58536a5f1:1906493:1908340 [1] NCCL INFO proxyProgressAsync opId=0x7fe064096330 op.type=1 op.reqBuff=0x7fb748037750 op.respSize=16 done
c0b58536a5f1:1906493:1908339 [1] NCCL INFO Imported shareable buffer device 1 size 6291456 ptr 0x7fb8d9200000
c0b58536a5f1:1906493:1908340 [1] NCCL INFO Received and initiated operation=Init res=0
c0b58536a5f1:1906493:1908340 [1] NCCL INFO UDS proxyGetFd received handle 0x7fb7480220b0 peer 0 opId 2afffa382ca4b55b
c0b58536a5f1:1906493:1908339 [1] NCCL INFO ncclPollProxyResponse Received new opId=0x7fb79c03b4c0
c0b58536a5f1:1906493:1908339 [1] NCCL INFO resp.opId=0x7fb79c03b4c0 matches expected opId=0x7fb79c03b4c0
c0b58536a5f1:1906493:1908339 [1] NCCL INFO Connected to proxy localRank 0 -> connection 0x7fe07c0de388
c0b58536a5f1:1906493:1908340 [1] NCCL INFO proxyProgressAsync opId=0x2afffa382ca4b55b op.type=9 op.reqBuff=0x7fb748036070 op.respSize=0 done
c0b58536a5f1:1906493:1908340 [1] NCCL INFO Received and initiated operation=GetFd res=0
c0b58536a5f1:1906493:1908339 [1] NCCL INFO ncclPollProxyResponse Received new opId=0x774c01cb6ef4eb0a
c0b58536a5f1:1906493:1908339 [1] NCCL INFO resp.opId=0x774c01cb6ef4eb0a matches expected opId=0x774c01cb6ef4eb0a
c0b58536a5f1:1906493:1908339 [1] NCCL INFO UDS converted handle 0x7fe07c0f94a0 to fd 188 on remote peer 0
c0b58536a5f1:1906493:1908340 [1] NCCL INFO New proxy send connection 36 from local rank 0, transport 0
c0b58536a5f1:1906493:1908340 [1] NCCL INFO proxyProgressAsync opId=0x7fe064096330 op.type=1 op.reqBuff=0x7fb748036070 op.respSize=16 done
c0b58536a5f1:1906493:1908339 [1] NCCL INFO Imported shareable buffer device 1 size 6291456 ptr 0x7fb8d9800000
c0b58536a5f1:1906493:1908340 [1] NCCL INFO Received and initiated operation=Init res=0
c0b58536a5f1:1906493:1908340 [1] NCCL INFO UDS proxyGetFd received handle 0x7fb74800bd30 peer 0 opId 10064898034e1ee6
c0b58536a5f1:1906493:1908339 [1] NCCL INFO ncclPollProxyResponse Received new opId=0x7fb79c03b4c0
c0b58536a5f1:1906493:1908339 [1] NCCL INFO resp.opId=0x7fb79c03b4c0 matches expected opId=0x7fb79c03b4c0
c0b58536a5f1:1906493:1908339 [1] NCCL INFO Connected to proxy localRank 0 -> connection 0x7fe07c0de400
c0b58536a5f1:1906493:1908340 [1] NCCL INFO proxyProgressAsync opId=0x10064898034e1ee6 op.type=9 op.reqBuff=0x7fb748037750 op.respSize=0 done
c0b58536a5f1:1906493:1908340 [1] NCCL INFO Received and initiated operation=GetFd res=0
c0b58536a5f1:1906493:1908339 [1] NCCL INFO ncclPollProxyResponse Received new opId=0x6f018c3e717d8daa
c0b58536a5f1:1906493:1908339 [1] NCCL INFO resp.opId=0x6f018c3e717d8daa matches expected opId=0x6f018c3e717d8daa
c0b58536a5f1:1906493:1908339 [1] NCCL INFO UDS converted handle 0x7fe07c0e3300 to fd 188 on remote peer 0
c0b58536a5f1:1906493:1908340 [1] NCCL INFO New proxy send connection 37 from local rank 0, transport 0
c0b58536a5f1:1906493:1908340 [1] NCCL INFO proxyProgressAsync opId=0x7fe064096330 op.type=1 op.reqBuff=0x7fb748037750 op.respSize=16 done
c0b58536a5f1:1906493:1908339 [1] NCCL INFO Imported shareable buffer device 1 size 6291456 ptr 0x7fb8d9e00000
c0b58536a5f1:1906493:1908340 [1] NCCL INFO Received and initiated operation=Init res=0
c0b58536a5f1:1906493:1908339 [1] NCCL INFO ncclPollProxyResponse Received new opId=0x7fb79c03b4c0
c0b58536a5f1:1906493:1908340 [1] NCCL INFO UDS proxyGetFd received handle 0x7fb748023790 peer 0 opId 6adb4648462bc8ab
c0b58536a5f1:1906493:1908339 [1] NCCL INFO resp.opId=0x7fb79c03b4c0 matches expected opId=0x7fb79c03b4c0
c0b58536a5f1:1906493:1908339 [1] NCCL INFO Connected to proxy localRank 0 -> connection 0x7fe07c0de478
c0b58536a5f1:1906493:1908340 [1] NCCL INFO proxyProgressAsync opId=0x6adb4648462bc8ab op.type=9 op.reqBuff=0x7fb748036070 op.respSize=0 done
c0b58536a5f1:1906493:1908340 [1] NCCL INFO Received and initiated operation=GetFd res=0
c0b58536a5f1:1906493:1908339 [1] NCCL INFO ncclPollProxyResponse Received new opId=0x1bf3663d13d27d95
c0b58536a5f1:1906493:1908339 [1] NCCL INFO resp.opId=0x1bf3663d13d27d95 matches expected opId=0x1bf3663d13d27d95
c0b58536a5f1:1906493:1908339 [1] NCCL INFO UDS converted handle 0x7fe07c0faa40 to fd 188 on remote peer 0
c0b58536a5f1:1906493:1908340 [1] NCCL INFO New proxy send connection 38 from local rank 0, transport 0
c0b58536a5f1:1906493:1908340 [1] NCCL INFO proxyProgressAsync opId=0x7fe064096330 op.type=1 op.reqBuff=0x7fb748036070 op.respSize=16 done
c0b58536a5f1:1906493:1908339 [1] NCCL INFO Imported shareable buffer device 1 size 6291456 ptr 0x7fb8da400000
c0b58536a5f1:1906493:1908340 [1] NCCL INFO Received and initiated operation=Init res=0
c0b58536a5f1:1906493:1908339 [1] NCCL INFO ncclPollProxyResponse Received new opId=0x7fb79c03b4c0
c0b58536a5f1:1906493:1908340 [1] NCCL INFO UDS proxyGetFd received handle 0x7fb74800d650 peer 0 opId 234bd28f7af58ac2
c0b58536a5f1:1906493:1908339 [1] NCCL INFO resp.opId=0x7fb79c03b4c0 matches expected opId=0x7fb79c03b4c0
c0b58536a5f1:1906493:1908339 [1] NCCL INFO Connected to proxy localRank 0 -> connection 0x7fe07c0de4f0
c0b58536a5f1:1906493:1908340 [1] NCCL INFO proxyProgressAsync opId=0x234bd28f7af58ac2 op.type=9 op.reqBuff=0x7fb748037750 op.respSize=0 done
c0b58536a5f1:1906493:1908340 [1] NCCL INFO Received and initiated operation=GetFd res=0
c0b58536a5f1:1906493:1908339 [1] NCCL INFO ncclPollProxyResponse Received new opId=0x721cd563173e8bcb
c0b58536a5f1:1906493:1908339 [1] NCCL INFO resp.opId=0x721cd563173e8bcb matches expected opId=0x721cd563173e8bcb
c0b58536a5f1:1906493:1908339 [1] NCCL INFO UDS converted handle 0x7fe07c0e4900 to fd 188 on remote peer 0
c0b58536a5f1:1906493:1908340 [1] NCCL INFO New proxy send connection 39 from local rank 0, transport 0
c0b58536a5f1:1906493:1908339 [1] NCCL INFO Imported shareable buffer device 1 size 6291456 ptr 0x7fb8daa00000
c0b58536a5f1:1906493:1908340 [1] NCCL INFO proxyProgressAsync opId=0x7fe064096330 op.type=1 op.reqBuff=0x7fb748037750 op.respSize=16 done
c0b58536a5f1:1906493:1908340 [1] NCCL INFO Received and initiated operation=Init res=0
c0b58536a5f1:1906493:1908339 [1] NCCL INFO ncclPollProxyResponse Received new opId=0x7fb79c03b4c0
c0b58536a5f1:1906493:1908339 [1] NCCL INFO resp.opId=0x7fb79c03b4c0 matches expected opId=0x7fb79c03b4c0
c0b58536a5f1:1906493:1908339 [1] NCCL INFO Connected to proxy localRank 0 -> connection 0x7fe07c0de568
c0b58536a5f1:1906493:1908340 [1] NCCL INFO UDS proxyGetFd received handle 0x7fb748024e70 peer 0 opId 3156639262e63b95
c0b58536a5f1:1906493:1908340 [1] NCCL INFO proxyProgressAsync opId=0x3156639262e63b95 op.type=9 op.reqBuff=0x7fb748036070 op.respSize=0 done
c0b58536a5f1:1906493:1908340 [1] NCCL INFO Received and initiated operation=GetFd res=0
c0b58536a5f1:1906493:1908339 [1] NCCL INFO ncclPollProxyResponse Received new opId=0x8fa9141123a48f1
c0b58536a5f1:1906493:1908339 [1] NCCL INFO resp.opId=0x8fa9141123a48f1 matches expected opId=0x8fa9141123a48f1
c0b58536a5f1:1906493:1908339 [1] NCCL INFO UDS converted handle 0x7fe07c0fc300 to fd 188 on remote peer 0
c0b58536a5f1:1906493:1908340 [1] NCCL INFO New proxy send connection 40 from local rank 0, transport 0
c0b58536a5f1:1906493:1908340 [1] NCCL INFO proxyProgressAsync opId=0x7fe064096330 op.type=1 op.reqBuff=0x7fb748036070 op.respSize=16 done
c0b58536a5f1:1906493:1908340 [1] NCCL INFO Received and initiated operation=Init res=0
c0b58536a5f1:1906493:1908339 [1] NCCL INFO Imported shareable buffer device 1 size 6291456 ptr 0x7fb8db000000
c0b58536a5f1:1906493:1908340 [1] NCCL INFO UDS proxyGetFd received handle 0x7fb74800ec30 peer 0 opId 76f57e894f949ce3
c0b58536a5f1:1906493:1908339 [1] NCCL INFO ncclPollProxyResponse Received new opId=0x7fb79c03b4c0
c0b58536a5f1:1906493:1908339 [1] NCCL INFO resp.opId=0x7fb79c03b4c0 matches expected opId=0x7fb79c03b4c0
c0b58536a5f1:1906493:1908339 [1] NCCL INFO Connected to proxy localRank 0 -> connection 0x7fe07c0de5e0
c0b58536a5f1:1906493:1908340 [1] NCCL INFO proxyProgressAsync opId=0x76f57e894f949ce3 op.type=9 op.reqBuff=0x7fb748037750 op.respSize=0 done
c0b58536a5f1:1906493:1908340 [1] NCCL INFO Received and initiated operation=GetFd res=0
c0b58536a5f1:1906493:1908339 [1] NCCL INFO ncclPollProxyResponse Received new opId=0x25e915e81b8a5679
c0b58536a5f1:1906493:1908339 [1] NCCL INFO resp.opId=0x25e915e81b8a5679 matches expected opId=0x25e915e81b8a5679
c0b58536a5f1:1906493:1908339 [1] NCCL INFO UDS converted handle 0x7fe07c0e6200 to fd 188 on remote peer 0
c0b58536a5f1:1906493:1908340 [1] NCCL INFO New proxy send connection 41 from local rank 0, transport 0
c0b58536a5f1:1906493:1908340 [1] NCCL INFO proxyProgressAsync opId=0x7fe064096330 op.type=1 op.reqBuff=0x7fb748037750 op.respSize=16 done
c0b58536a5f1:1906493:1908339 [1] NCCL INFO Imported shareable buffer device 1 size 6291456 ptr 0x7fb8db600000
c0b58536a5f1:1906493:1908340 [1] NCCL INFO Received and initiated operation=Init res=0
c0b58536a5f1:1906493:1908339 [1] NCCL INFO ncclPollProxyResponse Received new opId=0x7fb79c03b4c0
c0b58536a5f1:1906493:1908340 [1] NCCL INFO UDS proxyGetFd received handle 0x7fb748026550 peer 0 opId 1a12460536531789
c0b58536a5f1:1906493:1908339 [1] NCCL INFO resp.opId=0x7fb79c03b4c0 matches expected opId=0x7fb79c03b4c0
c0b58536a5f1:1906493:1908339 [1] NCCL INFO Connected to proxy localRank 0 -> connection 0x7fe07c0de658
c0b58536a5f1:1906493:1908340 [1] NCCL INFO proxyProgressAsync opId=0x1a12460536531789 op.type=9 op.reqBuff=0x7fb748036070 op.respSize=0 done
c0b58536a5f1:1906493:1908340 [1] NCCL INFO Received and initiated operation=GetFd res=0
c0b58536a5f1:1906493:1908339 [1] NCCL INFO ncclPollProxyResponse Received new opId=0x7fa937b5438fe301
c0b58536a5f1:1906493:1908339 [1] NCCL INFO resp.opId=0x7fa937b5438fe301 matches expected opId=0x7fa937b5438fe301
c0b58536a5f1:1906493:1908339 [1] NCCL INFO UDS converted handle 0x7fe07c0fdbc0 to fd 188 on remote peer 0
c0b58536a5f1:1906493:1908340 [1] NCCL INFO New proxy send connection 42 from local rank 0, transport 0
c0b58536a5f1:1906493:1908340 [1] NCCL INFO proxyProgressAsync opId=0x7fe064096330 op.type=1 op.reqBuff=0x7fb748036070 op.respSize=16 done
c0b58536a5f1:1906493:1908339 [1] NCCL INFO Imported shareable buffer device 1 size 6291456 ptr 0x7fb8dbc00000
c0b58536a5f1:1906493:1908340 [1] NCCL INFO Received and initiated operation=Init res=0
c0b58536a5f1:1906493:1908339 [1] NCCL INFO ncclPollProxyResponse Received new opId=0x7fb79c03b4c0
c0b58536a5f1:1906493:1908340 [1] NCCL INFO UDS proxyGetFd received handle 0x7fb748010530 peer 0 opId 7c3464685ce5c795
c0b58536a5f1:1906493:1908339 [1] NCCL INFO resp.opId=0x7fb79c03b4c0 matches expected opId=0x7fb79c03b4c0
c0b58536a5f1:1906493:1908339 [1] NCCL INFO Connected to proxy localRank 0 -> connection 0x7fe07c0de6d0
c0b58536a5f1:1906493:1908340 [1] NCCL INFO proxyProgressAsync opId=0x7c3464685ce5c795 op.type=9 op.reqBuff=0x7fb748037750 op.respSize=0 done
c0b58536a5f1:1906493:1908340 [1] NCCL INFO Received and initiated operation=GetFd res=0
c0b58536a5f1:1906493:1908339 [1] NCCL INFO ncclPollProxyResponse Received new opId=0x2a7a1fef0f67f43a
c0b58536a5f1:1906493:1908339 [1] NCCL INFO resp.opId=0x2a7a1fef0f67f43a matches expected opId=0x2a7a1fef0f67f43a
c0b58536a5f1:1906493:1908339 [1] NCCL INFO UDS converted handle 0x7fe07c0e77e0 to fd 188 on remote peer 0
c0b58536a5f1:1906493:1908340 [1] NCCL INFO New proxy send connection 43 from local rank 0, transport 0
c0b58536a5f1:1906493:1908340 [1] NCCL INFO proxyProgressAsync opId=0x7fe064096330 op.type=1 op.reqBuff=0x7fb748037750 op.respSize=16 done
c0b58536a5f1:1906493:1908339 [1] NCCL INFO Imported shareable buffer device 1 size 6291456 ptr 0x7fb8dc200000
c0b58536a5f1:1906493:1908340 [1] NCCL INFO Received and initiated operation=Init res=0
c0b58536a5f1:1906493:1908340 [1] NCCL INFO UDS proxyGetFd received handle 0x7fb748027c30 peer 0 opId 3eda702a59e13d99
c0b58536a5f1:1906493:1908339 [1] NCCL INFO ncclPollProxyResponse Received new opId=0x7fb79c03b4c0
c0b58536a5f1:1906493:1908339 [1] NCCL INFO resp.opId=0x7fb79c03b4c0 matches expected opId=0x7fb79c03b4c0
c0b58536a5f1:1906493:1908339 [1] NCCL INFO Connected to proxy localRank 0 -> connection 0x7fe07c0de748
c0b58536a5f1:1906493:1908340 [1] NCCL INFO proxyProgressAsync opId=0x3eda702a59e13d99 op.type=9 op.reqBuff=0x7fb748036070 op.respSize=0 done
c0b58536a5f1:1906493:1908340 [1] NCCL INFO Received and initiated operation=GetFd res=0
c0b58536a5f1:1906493:1908339 [1] NCCL INFO ncclPollProxyResponse Received new opId=0xbefc6b32686d014
c0b58536a5f1:1906493:1908339 [1] NCCL INFO resp.opId=0xbefc6b32686d014 matches expected opId=0xbefc6b32686d014
c0b58536a5f1:1906493:1908339 [1] NCCL INFO UDS converted handle 0x7fe07c0ff200 to fd 188 on remote peer 0
c0b58536a5f1:1906493:1908340 [1] NCCL INFO New proxy send connection 44 from local rank 0, transport 0
c0b58536a5f1:1906493:1908340 [1] NCCL INFO proxyProgressAsync opId=0x7fe064096330 op.type=1 op.reqBuff=0x7fb748036070 op.respSize=16 done
c0b58536a5f1:1906493:1908339 [1] NCCL INFO Imported shareable buffer device 1 size 6291456 ptr 0x7fb8dc800000
c0b58536a5f1:1906493:1908340 [1] NCCL INFO Received and initiated operation=Init res=0
c0b58536a5f1:1906493:1908339 [1] NCCL INFO ncclPollProxyResponse Received new opId=0x7fb79c03b4c0
c0b58536a5f1:1906493:1908340 [1] NCCL INFO UDS proxyGetFd received handle 0x7fb748011e30 peer 0 opId 44b0329076b9b839
c0b58536a5f1:1906493:1908339 [1] NCCL INFO resp.opId=0x7fb79c03b4c0 matches expected opId=0x7fb79c03b4c0
c0b58536a5f1:1906493:1908339 [1] NCCL INFO Connected to proxy localRank 0 -> connection 0x7fe07c0de7c0
c0b58536a5f1:1906493:1908340 [1] NCCL INFO proxyProgressAsync opId=0x44b0329076b9b839 op.type=9 op.reqBuff=0x7fb748037750 op.respSize=0 done
c0b58536a5f1:1906493:1908340 [1] NCCL INFO Received and initiated operation=GetFd res=0
c0b58536a5f1:1906493:1908339 [1] NCCL INFO ncclPollProxyResponse Received new opId=0x34221b36552706f7
c0b58536a5f1:1906493:1908339 [1] NCCL INFO resp.opId=0x34221b36552706f7 matches expected opId=0x34221b36552706f7
c0b58536a5f1:1906493:1908339 [1] NCCL INFO UDS converted handle 0x7fe07c0e90e0 to fd 188 on remote peer 0
c0b58536a5f1:1906493:1908340 [1] NCCL INFO New proxy send connection 45 from local rank 0, transport 0
c0b58536a5f1:1906493:1908340 [1] NCCL INFO proxyProgressAsync opId=0x7fe064096330 op.type=1 op.reqBuff=0x7fb748037750 op.respSize=16 done
c0b58536a5f1:1906493:1908340 [1] NCCL INFO Received and initiated operation=Init res=0
c0b58536a5f1:1906493:1908339 [1] NCCL INFO Imported shareable buffer device 1 size 6291456 ptr 0x7fb8dce00000
c0b58536a5f1:1906493:1908340 [1] NCCL INFO UDS proxyGetFd received handle 0x7fb748029310 peer 0 opId e50e9162d0c8be8
c0b58536a5f1:1906493:1908339 [1] NCCL INFO ncclPollProxyResponse Received new opId=0x7fb79c03b4c0
c0b58536a5f1:1906493:1908339 [1] NCCL INFO resp.opId=0x7fb79c03b4c0 matches expected opId=0x7fb79c03b4c0
c0b58536a5f1:1906493:1908339 [1] NCCL INFO Connected to proxy localRank 0 -> connection 0x7fe07c0de838
c0b58536a5f1:1906493:1908340 [1] NCCL INFO proxyProgressAsync opId=0xe50e9162d0c8be8 op.type=9 op.reqBuff=0x7fb748036070 op.respSize=0 done
c0b58536a5f1:1906493:1908340 [1] NCCL INFO Received and initiated operation=GetFd res=0
c0b58536a5f1:1906493:1908339 [1] NCCL INFO ncclPollProxyResponse Received new opId=0x239a8bc4edfb8f1
c0b58536a5f1:1906493:1908339 [1] NCCL INFO resp.opId=0x239a8bc4edfb8f1 matches expected opId=0x239a8bc4edfb8f1
c0b58536a5f1:1906493:1908339 [1] NCCL INFO UDS converted handle 0x7fe07c100ac0 to fd 187 on remote peer 0
c0b58536a5f1:1906493:1908340 [1] NCCL INFO New proxy send connection 46 from local rank 0, transport 0
c0b58536a5f1:1906493:1908339 [1] NCCL INFO Imported shareable buffer device 1 size 6291456 ptr 0x7fb8dd400000
c0b58536a5f1:1906493:1908340 [1] NCCL INFO proxyProgressAsync opId=0x7fe064096330 op.type=1 op.reqBuff=0x7fb748036070 op.respSize=16 done
c0b58536a5f1:1906493:1908340 [1] NCCL INFO Received and initiated operation=Init res=0
c0b58536a5f1:1906493:1908339 [1] NCCL INFO ncclPollProxyResponse Received new opId=0x7fb79c03b4c0
c0b58536a5f1:1906493:1908339 [1] NCCL INFO resp.opId=0x7fb79c03b4c0 matches expected opId=0x7fb79c03b4c0
c0b58536a5f1:1906493:1908339 [1] NCCL INFO Connected to proxy localRank 0 -> connection 0x7fe07c0de8b0
c0b58536a5f1:1906493:1908340 [1] NCCL INFO UDS proxyGetFd received handle 0x7fb7480133d0 peer 0 opId 64eb111421306c1e
c0b58536a5f1:1906493:1908340 [1] NCCL INFO proxyProgressAsync opId=0x64eb111421306c1e op.type=9 op.reqBuff=0x7fb748037750 op.respSize=0 done
c0b58536a5f1:1906493:1908340 [1] NCCL INFO Received and initiated operation=GetFd res=0
c0b58536a5f1:1906493:1908339 [1] NCCL INFO ncclPollProxyResponse Received new opId=0x6e4b3a0e5ac99a27
c0b58536a5f1:1906493:1908339 [1] NCCL INFO resp.opId=0x6e4b3a0e5ac99a27 matches expected opId=0x6e4b3a0e5ac99a27
c0b58536a5f1:1906493:1908339 [1] NCCL INFO UDS converted handle 0x7fe07c0ea9a0 to fd 188 on remote peer 0
c0b58536a5f1:1906493:1908340 [1] NCCL INFO New proxy send connection 47 from local rank 0, transport 0
c0b58536a5f1:1906493:1908340 [1] NCCL INFO proxyProgressAsync opId=0x7fe064096330 op.type=1 op.reqBuff=0x7fb748037750 op.respSize=16 done
c0b58536a5f1:1906493:1908339 [1] NCCL INFO Imported shareable buffer device 1 size 6291456 ptr 0x7fb8dda00000
c0b58536a5f1:1906493:1908340 [1] NCCL INFO Received and initiated operation=Init res=0
c0b58536a5f1:1906493:1908339 [1] NCCL INFO ncclPollProxyResponse Received new opId=0x7fb79c03b4c0
c0b58536a5f1:1906493:1908340 [1] NCCL INFO UDS proxyGetFd received handle 0x7fb74802a9f0 peer 0 opId 338617c56cd9c53d
c0b58536a5f1:1906493:1908339 [1] NCCL INFO resp.opId=0x7fb79c03b4c0 matches expected opId=0x7fb79c03b4c0
c0b58536a5f1:1906493:1908339 [1] NCCL INFO Connected to proxy localRank 0 -> connection 0x7fe07c0de928
c0b58536a5f1:1906493:1908340 [1] NCCL INFO proxyProgressAsync opId=0x338617c56cd9c53d op.type=9 op.reqBuff=0x7fb748036070 op.respSize=0 done
c0b58536a5f1:1906493:1908340 [1] NCCL INFO Received and initiated operation=GetFd res=0
c0b58536a5f1:1906493:1908339 [1] NCCL INFO ncclPollProxyResponse Received new opId=0x3359bb9b22df6e0f
c0b58536a5f1:1906493:1908339 [1] NCCL INFO resp.opId=0x3359bb9b22df6e0f matches expected opId=0x3359bb9b22df6e0f
c0b58536a5f1:1906493:1908339 [1] NCCL INFO UDS converted handle 0x7fe07c102100 to fd 188 on remote peer 0
c0b58536a5f1:1906493:1908340 [1] NCCL INFO New proxy send connection 48 from local rank 0, transport 0
c0b58536a5f1:1906493:1908339 [1] NCCL INFO Imported shareable buffer device 1 size 6291456 ptr 0x7fb8de000000
c0b58536a5f1:1906493:1908340 [1] NCCL INFO proxyProgressAsync opId=0x7fe064096330 op.type=1 op.reqBuff=0x7fb748036070 op.respSize=16 done
c0b58536a5f1:1906493:1908340 [1] NCCL INFO Received and initiated operation=Init res=0
c0b58536a5f1:1906493:1908339 [1] NCCL INFO ncclPollProxyResponse Received new opId=0x7fb79c03b4c0
c0b58536a5f1:1906493:1908339 [1] NCCL INFO resp.opId=0x7fb79c03b4c0 matches expected opId=0x7fb79c03b4c0
c0b58536a5f1:1906493:1908339 [1] NCCL INFO Connected to proxy localRank 0 -> connection 0x7fe07c0de9a0
c0b58536a5f1:1906493:1908340 [1] NCCL INFO UDS proxyGetFd received handle 0x7fb748014c90 peer 0 opId 4b3ad1404a1703bd
c0b58536a5f1:1906493:1908340 [1] NCCL INFO proxyProgressAsync opId=0x4b3ad1404a1703bd op.type=9 op.reqBuff=0x7fb748037750 op.respSize=0 done
c0b58536a5f1:1906493:1908340 [1] NCCL INFO Received and initiated operation=GetFd res=0
c0b58536a5f1:1906493:1908339 [1] NCCL INFO ncclPollProxyResponse Received new opId=0x4637d9f10f4c5743
c0b58536a5f1:1906493:1908339 [1] NCCL INFO resp.opId=0x4637d9f10f4c5743 matches expected opId=0x4637d9f10f4c5743
c0b58536a5f1:1906493:1908339 [1] NCCL INFO UDS converted handle 0x7fe07c0ebf40 to fd 188 on remote peer 0
c0b58536a5f1:1906493:1908340 [1] NCCL INFO New proxy send connection 49 from local rank 0, transport 0
c0b58536a5f1:1906493:1908339 [1] NCCL INFO Imported shareable buffer device 1 size 6291456 ptr 0x7fb8de600000
c0b58536a5f1:1906493:1908340 [1] NCCL INFO proxyProgressAsync opId=0x7fe064096330 op.type=1 op.reqBuff=0x7fb748037750 op.respSize=16 done
c0b58536a5f1:1906493:1908340 [1] NCCL INFO Received and initiated operation=Init res=0
c0b58536a5f1:1906493:1908339 [1] NCCL INFO ncclPollProxyResponse Received new opId=0x7fb79c03b4c0
c0b58536a5f1:1906493:1908339 [1] NCCL INFO resp.opId=0x7fb79c03b4c0 matches expected opId=0x7fb79c03b4c0
c0b58536a5f1:1906493:1908339 [1] NCCL INFO Connected to proxy localRank 0 -> connection 0x7fe07c0dea18
c0b58536a5f1:1906493:1908340 [1] NCCL INFO UDS proxyGetFd received handle 0x7fb74802c0d0 peer 0 opId 66b17d233a16577c
c0b58536a5f1:1906493:1908340 [1] NCCL INFO proxyProgressAsync opId=0x66b17d233a16577c op.type=9 op.reqBuff=0x7fb748036070 op.respSize=0 done
c0b58536a5f1:1906493:1908340 [1] NCCL INFO Received and initiated operation=GetFd res=0
c0b58536a5f1:1906493:1908339 [1] NCCL INFO ncclPollProxyResponse Received new opId=0x7383a56419c47f79
c0b58536a5f1:1906493:1908339 [1] NCCL INFO resp.opId=0x7383a56419c47f79 matches expected opId=0x7383a56419c47f79
c0b58536a5f1:1906493:1908339 [1] NCCL INFO UDS converted handle 0x7fe07c1039c0 to fd 188 on remote peer 0
c0b58536a5f1:1906493:1908340 [1] NCCL INFO New proxy send connection 50 from local rank 0, transport 0
c0b58536a5f1:1906493:1908340 [1] NCCL INFO proxyProgressAsync opId=0x7fe064096330 op.type=1 op.reqBuff=0x7fb748036070 op.respSize=16 done
c0b58536a5f1:1906493:1908339 [1] NCCL INFO Imported shareable buffer device 1 size 6291456 ptr 0x7fb8dec00000
c0b58536a5f1:1906493:1908340 [1] NCCL INFO Received and initiated operation=Init res=0
c0b58536a5f1:1906493:1908340 [1] NCCL INFO UDS proxyGetFd received handle 0x7fb748016230 peer 0 opId 3594fa4711b1775b
c0b58536a5f1:1906493:1908339 [1] NCCL INFO ncclPollProxyResponse Received new opId=0x7fb79c03b4c0
c0b58536a5f1:1906493:1908339 [1] NCCL INFO resp.opId=0x7fb79c03b4c0 matches expected opId=0x7fb79c03b4c0
c0b58536a5f1:1906493:1908339 [1] NCCL INFO Connected to proxy localRank 0 -> connection 0x7fe07c0dea90
c0b58536a5f1:1906493:1908340 [1] NCCL INFO proxyProgressAsync opId=0x3594fa4711b1775b op.type=9 op.reqBuff=0x7fb748037750 op.respSize=0 done
c0b58536a5f1:1906493:1908340 [1] NCCL INFO Received and initiated operation=GetFd res=0
c0b58536a5f1:1906493:1908339 [1] NCCL INFO ncclPollProxyResponse Received new opId=0x2058c4b6acfa730
c0b58536a5f1:1906493:1908339 [1] NCCL INFO resp.opId=0x2058c4b6acfa730 matches expected opId=0x2058c4b6acfa730
c0b58536a5f1:1906493:1908339 [1] NCCL INFO UDS converted handle 0x7fe07c0ed800 to fd 188 on remote peer 0
c0b58536a5f1:1906493:1908340 [1] NCCL INFO New proxy send connection 51 from local rank 0, transport 0
c0b58536a5f1:1906493:1908340 [1] NCCL INFO proxyProgressAsync opId=0x7fe064096330 op.type=1 op.reqBuff=0x7fb748037750 op.respSize=16 done
c0b58536a5f1:1906493:1908340 [1] NCCL INFO Received and initiated operation=Init res=0
c0b58536a5f1:1906493:1908339 [1] NCCL INFO Imported shareable buffer device 1 size 6291456 ptr 0x7fb8df200000
c0b58536a5f1:1906493:1908340 [1] NCCL INFO UDS proxyGetFd received handle 0x7fb74802d7b0 peer 0 opId 66bb0cd7459b42e0
c0b58536a5f1:1906493:1908339 [1] NCCL INFO ncclPollProxyResponse Received new opId=0x7fb79c03b4c0
c0b58536a5f1:1906493:1908339 [1] NCCL INFO resp.opId=0x7fb79c03b4c0 matches expected opId=0x7fb79c03b4c0
c0b58536a5f1:1906493:1908339 [1] NCCL INFO Connected to proxy localRank 0 -> connection 0x7fe07c0deb08
c0b58536a5f1:1906493:1908340 [1] NCCL INFO proxyProgressAsync opId=0x66bb0cd7459b42e0 op.type=9 op.reqBuff=0x7fb748036070 op.respSize=0 done
c0b58536a5f1:1906493:1908340 [1] NCCL INFO Received and initiated operation=GetFd res=0
c0b58536a5f1:1906493:1908339 [1] NCCL INFO ncclPollProxyResponse Received new opId=0x8b96a837107188a
c0b58536a5f1:1906493:1908339 [1] NCCL INFO resp.opId=0x8b96a837107188a matches expected opId=0x8b96a837107188a
c0b58536a5f1:1906493:1908339 [1] NCCL INFO UDS converted handle 0x7fe07c105000 to fd 188 on remote peer 0
c0b58536a5f1:1906493:1908340 [1] NCCL INFO New proxy send connection 52 from local rank 0, transport 0
c0b58536a5f1:1906493:1908339 [1] NCCL INFO Imported shareable buffer device 1 size 6291456 ptr 0x7fb8df800000
c0b58536a5f1:1906493:1908340 [1] NCCL INFO proxyProgressAsync opId=0x7fe064096330 op.type=1 op.reqBuff=0x7fb748036070 op.respSize=16 done
c0b58536a5f1:1906493:1908340 [1] NCCL INFO Received and initiated operation=Init res=0
c0b58536a5f1:1906493:1908339 [1] NCCL INFO ncclPollProxyResponse Received new opId=0x7fb79c03b4c0
c0b58536a5f1:1906493:1908339 [1] NCCL INFO resp.opId=0x7fb79c03b4c0 matches expected opId=0x7fb79c03b4c0
c0b58536a5f1:1906493:1908339 [1] NCCL INFO Connected to proxy localRank 0 -> connection 0x7fe07c0deb80
c0b58536a5f1:1906493:1908340 [1] NCCL INFO UDS proxyGetFd received handle 0x7fb748017af0 peer 0 opId 14ff964151965320
c0b58536a5f1:1906493:1908340 [1] NCCL INFO proxyProgressAsync opId=0x14ff964151965320 op.type=9 op.reqBuff=0x7fb748037750 op.respSize=0 done
c0b58536a5f1:1906493:1908340 [1] NCCL INFO Received and initiated operation=GetFd res=0
c0b58536a5f1:1906493:1908339 [1] NCCL INFO ncclPollProxyResponse Received new opId=0x5c4d34da24acd0c0
c0b58536a5f1:1906493:1908339 [1] NCCL INFO resp.opId=0x5c4d34da24acd0c0 matches expected opId=0x5c4d34da24acd0c0
c0b58536a5f1:1906493:1908339 [1] NCCL INFO UDS converted handle 0x7fe07c0eeda0 to fd 188 on remote peer 0
c0b58536a5f1:1906493:1908340 [1] NCCL INFO New proxy send connection 53 from local rank 0, transport 0
c0b58536a5f1:1906493:1908340 [1] NCCL INFO proxyProgressAsync opId=0x7fe064096330 op.type=1 op.reqBuff=0x7fb748037750 op.respSize=16 done
c0b58536a5f1:1906493:1908340 [1] NCCL INFO Received and initiated operation=Init res=0
c0b58536a5f1:1906493:1908339 [1] NCCL INFO Imported shareable buffer device 1 size 6291456 ptr 0x7fb8dfe00000
c0b58536a5f1:1906493:1908340 [1] NCCL INFO UDS proxyGetFd received handle 0x7fb74802ee90 peer 0 opId bc70b8b384b68d1
c0b58536a5f1:1906493:1908339 [1] NCCL INFO ncclPollProxyResponse Received new opId=0x7fb79c03b4c0
c0b58536a5f1:1906493:1908339 [1] NCCL INFO resp.opId=0x7fb79c03b4c0 matches expected opId=0x7fb79c03b4c0
c0b58536a5f1:1906493:1908339 [1] NCCL INFO Connected to proxy localRank 0 -> connection 0x7fe07c0debf8
c0b58536a5f1:1906493:1908340 [1] NCCL INFO proxyProgressAsync opId=0xbc70b8b384b68d1 op.type=9 op.reqBuff=0x7fb748036070 op.respSize=0 done
c0b58536a5f1:1906493:1908340 [1] NCCL INFO Received and initiated operation=GetFd res=0
c0b58536a5f1:1906493:1908339 [1] NCCL INFO ncclPollProxyResponse Received new opId=0x4d9961f4e6a0a3e
c0b58536a5f1:1906493:1908339 [1] NCCL INFO resp.opId=0x4d9961f4e6a0a3e matches expected opId=0x4d9961f4e6a0a3e
c0b58536a5f1:1906493:1908339 [1] NCCL INFO UDS converted handle 0x7fe07c1068c0 to fd 188 on remote peer 0
c0b58536a5f1:1906493:1908340 [1] NCCL INFO New proxy send connection 54 from local rank 0, transport 0
c0b58536a5f1:1906493:1908340 [1] NCCL INFO proxyProgressAsync opId=0x7fe064096330 op.type=1 op.reqBuff=0x7fb748036070 op.respSize=16 done
c0b58536a5f1:1906493:1908339 [1] NCCL INFO Imported shareable buffer device 1 size 6291456 ptr 0x7fb8e0400000
c0b58536a5f1:1906493:1908340 [1] NCCL INFO Received and initiated operation=Init res=0
c0b58536a5f1:1906493:1908340 [1] NCCL INFO UDS proxyGetFd received handle 0x7fb748019090 peer 0 opId 4c8bdde23d1d6f1d
c0b58536a5f1:1906493:1908339 [1] NCCL INFO ncclPollProxyResponse Received new opId=0x7fb79c03b4c0
c0b58536a5f1:1906493:1908339 [1] NCCL INFO resp.opId=0x7fb79c03b4c0 matches expected opId=0x7fb79c03b4c0
c0b58536a5f1:1906493:1908339 [1] NCCL INFO Connected to proxy localRank 0 -> connection 0x7fe07c0dec70
c0b58536a5f1:1906493:1908340 [1] NCCL INFO proxyProgressAsync opId=0x4c8bdde23d1d6f1d op.type=9 op.reqBuff=0x7fb748037750 op.respSize=0 done
c0b58536a5f1:1906493:1908340 [1] NCCL INFO Received and initiated operation=GetFd res=0
c0b58536a5f1:1906493:1908339 [1] NCCL INFO ncclPollProxyResponse Received new opId=0x3beb5c8c0dd42760
c0b58536a5f1:1906493:1908339 [1] NCCL INFO resp.opId=0x3beb5c8c0dd42760 matches expected opId=0x3beb5c8c0dd42760
c0b58536a5f1:1906493:1908339 [1] NCCL INFO UDS converted handle 0x7fe07c0f0660 to fd 188 on remote peer 0
c0b58536a5f1:1906493:1908340 [1] NCCL INFO New proxy send connection 55 from local rank 0, transport 0
c0b58536a5f1:1906493:1908340 [1] NCCL INFO proxyProgressAsync opId=0x7fe064096330 op.type=1 op.reqBuff=0x7fb748037750 op.respSize=16 done
c0b58536a5f1:1906493:1908339 [1] NCCL INFO Imported shareable buffer device 1 size 6291456 ptr 0x7fb8e0a00000
c0b58536a5f1:1906493:1908340 [1] NCCL INFO Received and initiated operation=Init res=0
c0b58536a5f1:1906493:1908340 [1] NCCL INFO UDS proxyGetFd received handle 0x7fb748030570 peer 0 opId 1b31a46643815c6c
c0b58536a5f1:1906493:1908339 [1] NCCL INFO ncclPollProxyResponse Received new opId=0x7fb79c03b4c0
c0b58536a5f1:1906493:1908339 [1] NCCL INFO resp.opId=0x7fb79c03b4c0 matches expected opId=0x7fb79c03b4c0
c0b58536a5f1:1906493:1908339 [1] NCCL INFO Connected to proxy localRank 0 -> connection 0x7fe07c0dece8
c0b58536a5f1:1906493:1908340 [1] NCCL INFO proxyProgressAsync opId=0x1b31a46643815c6c op.type=9 op.reqBuff=0x7fb748036070 op.respSize=0 done
c0b58536a5f1:1906493:1908340 [1] NCCL INFO Received and initiated operation=GetFd res=0
c0b58536a5f1:1906493:1908339 [1] NCCL INFO ncclPollProxyResponse Received new opId=0x60a4532f61d47274
c0b58536a5f1:1906493:1908339 [1] NCCL INFO resp.opId=0x60a4532f61d47274 matches expected opId=0x60a4532f61d47274
c0b58536a5f1:1906493:1908339 [1] NCCL INFO UDS converted handle 0x7fe07c108180 to fd 188 on remote peer 0
c0b58536a5f1:1906493:1908340 [1] NCCL INFO New proxy send connection 56 from local rank 0, transport 0
c0b58536a5f1:1906493:1908340 [1] NCCL INFO proxyProgressAsync opId=0x7fe064096330 op.type=1 op.reqBuff=0x7fb748036070 op.respSize=16 done
c0b58536a5f1:1906493:1908339 [1] NCCL INFO Imported shareable buffer device 1 size 6291456 ptr 0x7fb8e1000000
c0b58536a5f1:1906493:1908340 [1] NCCL INFO Received and initiated operation=Init res=0
c0b58536a5f1:1906493:1908340 [1] NCCL INFO UDS proxyGetFd received handle 0x7fb74801a950 peer 0 opId cb20c013543ea6b
c0b58536a5f1:1906493:1908339 [1] NCCL INFO ncclPollProxyResponse Received new opId=0x7fb79c03b4c0
c0b58536a5f1:1906493:1908339 [1] NCCL INFO resp.opId=0x7fb79c03b4c0 matches expected opId=0x7fb79c03b4c0
c0b58536a5f1:1906493:1908339 [1] NCCL INFO Connected to proxy localRank 0 -> connection 0x7fe07c0ded60
c0b58536a5f1:1906493:1908340 [1] NCCL INFO proxyProgressAsync opId=0xcb20c013543ea6b op.type=9 op.reqBuff=0x7fb748037750 op.respSize=0 done
c0b58536a5f1:1906493:1908340 [1] NCCL INFO Received and initiated operation=GetFd res=0
c0b58536a5f1:1906493:1908339 [1] NCCL INFO ncclPollProxyResponse Received new opId=0x295e7dd9604d8ae4
c0b58536a5f1:1906493:1908339 [1] NCCL INFO resp.opId=0x295e7dd9604d8ae4 matches expected opId=0x295e7dd9604d8ae4
c0b58536a5f1:1906493:1908339 [1] NCCL INFO UDS converted handle 0x7fe07c0f1c00 to fd 188 on remote peer 0
c0b58536a5f1:1906493:1908340 [1] NCCL INFO New proxy send connection 57 from local rank 0, transport 0
c0b58536a5f1:1906493:1908340 [1] NCCL INFO proxyProgressAsync opId=0x7fe064096330 op.type=1 op.reqBuff=0x7fb748037750 op.respSize=16 done
c0b58536a5f1:1906493:1908339 [1] NCCL INFO Imported shareable buffer device 1 size 6291456 ptr 0x7fb8e1600000
c0b58536a5f1:1906493:1908340 [1] NCCL INFO Received and initiated operation=Init res=0
c0b58536a5f1:1906493:1908339 [1] NCCL INFO ncclPollProxyResponse Received new opId=0x7fb79c03b4c0
c0b58536a5f1:1906493:1908340 [1] NCCL INFO UDS proxyGetFd received handle 0x7fb748031c50 peer 0 opId 79d473f508e67069
c0b58536a5f1:1906493:1908339 [1] NCCL INFO resp.opId=0x7fb79c03b4c0 matches expected opId=0x7fb79c03b4c0
c0b58536a5f1:1906493:1908339 [1] NCCL INFO Connected to proxy localRank 0 -> connection 0x7fe07c0dedd8
c0b58536a5f1:1906493:1908340 [1] NCCL INFO proxyProgressAsync opId=0x79d473f508e67069 op.type=9 op.reqBuff=0x7fb748036070 op.respSize=0 done
c0b58536a5f1:1906493:1908340 [1] NCCL INFO Received and initiated operation=GetFd res=0
c0b58536a5f1:1906493:1908339 [1] NCCL INFO ncclPollProxyResponse Received new opId=0x2564557553d89dc9
c0b58536a5f1:1906493:1908339 [1] NCCL INFO resp.opId=0x2564557553d89dc9 matches expected opId=0x2564557553d89dc9
c0b58536a5f1:1906493:1908339 [1] NCCL INFO UDS converted handle 0x7fe07c1097c0 to fd 188 on remote peer 0
c0b58536a5f1:1906493:1908340 [1] NCCL INFO New proxy send connection 58 from local rank 0, transport 0
c0b58536a5f1:1906493:1908340 [1] NCCL INFO proxyProgressAsync opId=0x7fe064096330 op.type=1 op.reqBuff=0x7fb748036070 op.respSize=16 done
c0b58536a5f1:1906493:1908339 [1] NCCL INFO Imported shareable buffer device 1 size 6291456 ptr 0x7fb8e1c00000
c0b58536a5f1:1906493:1908340 [1] NCCL INFO Received and initiated operation=Init res=0
c0b58536a5f1:1906493:1908339 [1] NCCL INFO ncclPollProxyResponse Received new opId=0x7fb79c03b4c0
c0b58536a5f1:1906493:1908340 [1] NCCL INFO UDS proxyGetFd received handle 0x7fb74801c210 peer 0 opId 1229b20038aee41f
c0b58536a5f1:1906493:1908339 [1] NCCL INFO resp.opId=0x7fb79c03b4c0 matches expected opId=0x7fb79c03b4c0
c0b58536a5f1:1906493:1908339 [1] NCCL INFO Connected to proxy localRank 0 -> connection 0x7fe07c0dee50
c0b58536a5f1:1906493:1908340 [1] NCCL INFO proxyProgressAsync opId=0x1229b20038aee41f op.type=9 op.reqBuff=0x7fb748037750 op.respSize=0 done
c0b58536a5f1:1906493:1908340 [1] NCCL INFO Received and initiated operation=GetFd res=0
c0b58536a5f1:1906493:1908339 [1] NCCL INFO ncclPollProxyResponse Received new opId=0x6fb57f1e31541c28
c0b58536a5f1:1906493:1908339 [1] NCCL INFO resp.opId=0x6fb57f1e31541c28 matches expected opId=0x6fb57f1e31541c28
c0b58536a5f1:1906493:1908339 [1] NCCL INFO UDS converted handle 0x7fe07c0f34c0 to fd 188 on remote peer 0
c0b58536a5f1:1906493:1908340 [1] NCCL INFO New proxy send connection 59 from local rank 0, transport 0
c0b58536a5f1:1906493:1908339 [1] NCCL INFO Imported shareable buffer device 1 size 6291456 ptr 0x7fb8e2200000
c0b58536a5f1:1906493:1908340 [1] NCCL INFO proxyProgressAsync opId=0x7fe064096330 op.type=1 op.reqBuff=0x7fb748037750 op.respSize=16 done
c0b58536a5f1:1906493:1908340 [1] NCCL INFO Received and initiated operation=Init res=0
c0b58536a5f1:1906493:1908339 [1] NCCL INFO ncclPollProxyResponse Received new opId=0x7fb79c03b4c0
c0b58536a5f1:1906493:1908339 [1] NCCL INFO resp.opId=0x7fb79c03b4c0 matches expected opId=0x7fb79c03b4c0
c0b58536a5f1:1906493:1908339 [1] NCCL INFO Connected to proxy localRank 0 -> connection 0x7fe07c0deec8
c0b58536a5f1:1906493:1908340 [1] NCCL INFO UDS proxyGetFd received handle 0x7fb748033330 peer 0 opId 62c7ae0256d9e490
c0b58536a5f1:1906493:1908340 [1] NCCL INFO proxyProgressAsync opId=0x62c7ae0256d9e490 op.type=9 op.reqBuff=0x7fb748036070 op.respSize=0 done
c0b58536a5f1:1906493:1908340 [1] NCCL INFO Received and initiated operation=GetFd res=0
c0b58536a5f1:1906493:1908339 [1] NCCL INFO ncclPollProxyResponse Received new opId=0x7a5f6ddd23d79a54
c0b58536a5f1:1906493:1908339 [1] NCCL INFO resp.opId=0x7a5f6ddd23d79a54 matches expected opId=0x7a5f6ddd23d79a54
c0b58536a5f1:1906493:1908339 [1] NCCL INFO UDS converted handle 0x7fe07c10ab80 to fd 188 on remote peer 0
c0b58536a5f1:1906493:1908340 [1] NCCL INFO New proxy send connection 60 from local rank 0, transport 0
c0b58536a5f1:1906493:1908340 [1] NCCL INFO proxyProgressAsync opId=0x7fe064096330 op.type=1 op.reqBuff=0x7fb748036070 op.respSize=16 done
c0b58536a5f1:1906493:1908340 [1] NCCL INFO Received and initiated operation=Init res=0
c0b58536a5f1:1906493:1908339 [1] NCCL INFO Imported shareable buffer device 1 size 6291456 ptr 0x7fb8e2800000
c0b58536a5f1:1906493:1908340 [1] NCCL INFO UDS proxyGetFd received handle 0x7fb74801d850 peer 0 opId 2f689c5871189718
c0b58536a5f1:1906493:1908339 [1] NCCL INFO ncclPollProxyResponse Received new opId=0x7fb79c03b4c0
c0b58536a5f1:1906493:1908339 [1] NCCL INFO resp.opId=0x7fb79c03b4c0 matches expected opId=0x7fb79c03b4c0
c0b58536a5f1:1906493:1908339 [1] NCCL INFO Connected to proxy localRank 0 -> connection 0x7fe07c0def40
c0b58536a5f1:1906493:1908340 [1] NCCL INFO proxyProgressAsync opId=0x2f689c5871189718 op.type=9 op.reqBuff=0x7fb748037750 op.respSize=0 done
c0b58536a5f1:1906493:1908340 [1] NCCL INFO Received and initiated operation=GetFd res=0
c0b58536a5f1:1906493:1908339 [1] NCCL INFO ncclPollProxyResponse Received new opId=0x67b23207c991699
c0b58536a5f1:1906493:1908339 [1] NCCL INFO resp.opId=0x67b23207c991699 matches expected opId=0x67b23207c991699
c0b58536a5f1:1906493:1908339 [1] NCCL INFO UDS converted handle 0x7fe07c0f4d80 to fd 187 on remote peer 0
c0b58536a5f1:1906493:1908340 [1] NCCL INFO New proxy send connection 61 from local rank 0, transport 0
c0b58536a5f1:1906493:1908340 [1] NCCL INFO proxyProgressAsync opId=0x7fe064096330 op.type=1 op.reqBuff=0x7fb748037750 op.respSize=16 done
c0b58536a5f1:1906493:1908339 [1] NCCL INFO Imported shareable buffer device 1 size 6291456 ptr 0x7fb8e2e00000
c0b58536a5f1:1906493:1908340 [1] NCCL INFO Received and initiated operation=Init res=0
c0b58536a5f1:1906493:1908339 [1] NCCL INFO ncclPollProxyResponse Received new opId=0x7fb79c03b4c0
c0b58536a5f1:1906493:1908340 [1] NCCL INFO UDS proxyGetFd received handle 0x7fb748034a10 peer 0 opId 3e670791453ad6c
c0b58536a5f1:1906493:1908339 [1] NCCL INFO resp.opId=0x7fb79c03b4c0 matches expected opId=0x7fb79c03b4c0
c0b58536a5f1:1906493:1908339 [1] NCCL INFO Connected to proxy localRank 0 -> connection 0x7fe07c0defb8
c0b58536a5f1:1906493:1908340 [1] NCCL INFO proxyProgressAsync opId=0x3e670791453ad6c op.type=9 op.reqBuff=0x7fb748036070 op.respSize=0 done
c0b58536a5f1:1906493:1908340 [1] NCCL INFO Received and initiated operation=GetFd res=0
c0b58536a5f1:1906493:1908339 [1] NCCL INFO ncclPollProxyResponse Received new opId=0x72b7534574c65d2e
c0b58536a5f1:1906493:1908339 [1] NCCL INFO resp.opId=0x72b7534574c65d2e matches expected opId=0x72b7534574c65d2e
c0b58536a5f1:1906493:1908339 [1] NCCL INFO UDS converted handle 0x7fe07c10c440 to fd 188 on remote peer 0
c0b58536a5f1:1906493:1908340 [1] NCCL INFO New proxy send connection 62 from local rank 0, transport 0
c0b58536a5f1:1906493:1908340 [1] NCCL INFO proxyProgressAsync opId=0x7fe064096330 op.type=1 op.reqBuff=0x7fb748036070 op.respSize=16 done
c0b58536a5f1:1906493:1908339 [1] NCCL INFO Imported shareable buffer device 1 size 6291456 ptr 0x7fb8e3400000
c0b58536a5f1:1906493:1908340 [1] NCCL INFO Received and initiated operation=Init res=0
c0b58536a5f1:1906493:1908340 [1] NCCL INFO UDS proxyGetFd received handle 0x7fb74801f110 peer 0 opId 12490336376c883e
c0b58536a5f1:1906493:1908339 [1] NCCL INFO ncclPollProxyResponse Received new opId=0x7fb79c03b4c0
c0b58536a5f1:1906493:1908339 [1] NCCL INFO resp.opId=0x7fb79c03b4c0 matches expected opId=0x7fb79c03b4c0
c0b58536a5f1:1906493:1908339 [1] NCCL INFO Connected to proxy localRank 0 -> connection 0x7fe07c0df030
c0b58536a5f1:1906493:1908340 [1] NCCL INFO proxyProgressAsync opId=0x12490336376c883e op.type=9 op.reqBuff=0x7fb748037750 op.respSize=0 done
c0b58536a5f1:1906493:1908340 [1] NCCL INFO Received and initiated operation=GetFd res=0
c0b58536a5f1:1906493:1908339 [1] NCCL INFO ncclPollProxyResponse Received new opId=0x5762b0c026110ee0
c0b58536a5f1:1906493:1908339 [1] NCCL INFO resp.opId=0x5762b0c026110ee0 matches expected opId=0x5762b0c026110ee0
c0b58536a5f1:1906493:1908339 [1] NCCL INFO UDS converted handle 0x7fe07c0f6320 to fd 188 on remote peer 0
c0b58536a5f1:1906493:1908340 [1] NCCL INFO New proxy send connection 63 from local rank 0, transport 0
c0b58536a5f1:1906493:1908339 [1] NCCL INFO Imported shareable buffer device 1 size 6291456 ptr 0x7fb8e3a00000
c0b58536a5f1:1906493:1908340 [1] NCCL INFO proxyProgressAsync opId=0x7fe064096330 op.type=1 op.reqBuff=0x7fb748037750 op.respSize=16 done
c0b58536a5f1:1906493:1908340 [1] NCCL INFO Received and initiated operation=Init res=0
c0b58536a5f1:1906493:1908339 [1] NCCL INFO ncclPollProxyResponse Received new opId=0x7fb79c03b4c0
c0b58536a5f1:1906493:1908339 [1] NCCL INFO resp.opId=0x7fb79c03b4c0 matches expected opId=0x7fb79c03b4c0
c0b58536a5f1:1906493:1908339 [1] NCCL INFO Connected to proxy localRank 0 -> connection 0x7fe07c0df0a8
c0b58536a5f1:1906493:1908340 [1] NCCL INFO UDS proxyGetFd received handle 0x7fb7480360f0 peer 0 opId 12d72a95d83d477
c0b58536a5f1:1906493:1908340 [1] NCCL INFO proxyProgressAsync opId=0x12d72a95d83d477 op.type=9 op.reqBuff=0x7fb748036070 op.respSize=0 done
c0b58536a5f1:1906493:1908340 [1] NCCL INFO Received and initiated operation=GetFd res=0
c0b58536a5f1:1906493:1908339 [1] NCCL INFO ncclPollProxyResponse Received new opId=0x17a5cb3d1d9a8ab2
c0b58536a5f1:1906493:1908339 [1] NCCL INFO resp.opId=0x17a5cb3d1d9a8ab2 matches expected opId=0x17a5cb3d1d9a8ab2
c0b58536a5f1:1906493:1908339 [1] NCCL INFO UDS converted handle 0x7fe07c10db20 to fd 188 on remote peer 0
c0b58536a5f1:1906493:1908339 [1] NCCL INFO Imported shareable buffer device 1 size 6291456 ptr 0x7fb8e4000000
c0b58536a5f1:1906493:1908339 [1] NCCL INFO Connected all rings
c0b58536a5f1:1906493:1908339 [1] NCCL INFO Connected all trees
c0b58536a5f1:1906493:1908339 [1] NCCL INFO threadThresholds 8/8/64 | 16/8/64 | 512 | 512
c0b58536a5f1:1906493:1908339 [1] NCCL INFO 16 coll channels, 0 nvls channels, 16 p2p channels, 16 p2p channels per peer
c0b58536a5f1:1906493:1908340 [1] NCCL INFO Allocated 4194660 bytes of shared memory in /dev/shm/nccl-qYFgPy
c0b58536a5f1:1906493:1908340 [1] NCCL INFO New proxy send connection 64 from local rank 1, transport 2
c0b58536a5f1:1906493:1908340 [1] NCCL INFO proxyProgressAsync opId=0x7fb79c2b31b0 op.type=1 op.reqBuff=0x7fb748036070 op.respSize=16 done
c0b58536a5f1:1906493:1908339 [1] NCCL INFO ncclPollProxyResponse Received new opId=0x7fb79c2b31b0
c0b58536a5f1:1906493:1908340 [1] NCCL INFO Received and initiated operation=Init res=0
c0b58536a5f1:1906493:1908339 [1] NCCL INFO resp.opId=0x7fb79c2b31b0 matches expected opId=0x7fb79c2b31b0
c0b58536a5f1:1906493:1908339 [1] NCCL INFO Connected to proxy localRank 1 -> connection 0x7fb748006d40
c0b58536a5f1:1906493:1908340 [1] NCCL INFO Allocated shareable buffer 0x44a000000 size 134217728 ipcDesc 0x7fb748037ac8
c0b58536a5f1:1906493:1908340 [1] NCCL INFO proxyProgressAsync opId=0x7fb79c2b31b0 op.type=2 op.reqBuff=0x7fb748037750 op.respSize=0 done
c0b58536a5f1:1906493:1908340 [1] NCCL INFO Received and initiated operation=SharedInit res=0
c0b58536a5f1:1906493:1908339 [1] NCCL INFO ncclPollProxyResponse Received new opId=0x7fb79c2b31b0
c0b58536a5f1:1906493:1908339 [1] NCCL INFO resp.opId=0x7fb79c2b31b0 matches expected opId=0x7fb79c2b31b0
c0b58536a5f1:1906493:1908339 [1] NCCL INFO init.cc:415 Cuda Alloc Size 7744 pointer 0x7fb88bc00000
c0b58536a5f1:1906493:1908339 [1] NCCL INFO init.cc:441 Cuda Host Alloc Size 33554432 pointer 0x7fb8e4600000
c0b58536a5f1:1906493:1908339 [1] NCCL INFO init.cc:447 Cuda Host Alloc Size 128 pointer 0x7fba53400e00
c0b58536a5f1:1906493:1908339 [1] NCCL INFO comm 0x55f4089b1bc0 rank 1 nranks 2 cudaDev 1 nvmlDev 1 busId 2d000 commId 0xd3bda4a47987a6d1 - Init COMPLETE
c0b58536a5f1:1906493:1906493 [1] NCCL INFO AllReduce: opCount 0 sendbuff 0x7fba5333a800 recvbuff 0x7fba5333a800 count 1 datatype 7 op 2 root 0 comm 0x55f4089b1bc0 [nranks=2] stream 0x55f3ea2a2780
c0b58536a5f1:1906493:1906493 [1] NCCL INFO misc/utils.cc:235 memory stack hunk malloc(65536)
c0b58536a5f1:1906493:1906493 [1] NCCL INFO AllReduce: opCount 1 sendbuff 0x7fba533fba00 recvbuff 0x7fba533fba00 count 1 datatype 7 op 0 root 0 comm 0x55f4089b1bc0 [nranks=2] stream 0x55f3ea2a2780
c0b58536a5f1:1906493:1906493 [1] NCCL INFO AllReduce: opCount 2 sendbuff 0x7fba53200200 recvbuff 0x7fba53200200 count 1 datatype 2 op 3 root 0 comm 0x55f4089b1bc0 [nranks=2] stream 0x55f3ea2a2780
c0b58536a5f1:1906493:1906493 [1] NCCL INFO AllReduce: opCount 3 sendbuff 0x7fba53200200 recvbuff 0x7fba53200200 count 1 datatype 7 op 2 root 0 comm 0x55f4089b1bc0 [nranks=2] stream 0x55f3ea2a2780
c0b58536a5f1:1906493:1906493 [1] NCCL INFO AllReduce: opCount 0 sendbuff 0x7fba533f9600 recvbuff 0x7fba533f9600 count 2 datatype 7 op 0 root 0 comm 0x55f407953290 [nranks=1] stream 0x55f3ea2a2480
c0b58536a5f1:1906493:1906493 [1] NCCL INFO AllReduce: opCount 4 sendbuff 0x7fba533f9600 recvbuff 0x7fba533f9600 count 1 datatype 7 op 2 root 0 comm 0x55f4089b1bc0 [nranks=2] stream 0x55f3ea2a2780
c0b58536a5f1:1906493:1906493 [1] NCCL INFO AllReduce: opCount 15 sendbuff 0x7fba533fba00 recvbuff 0x7fba533fba00 count 1 datatype 1 op 0 root 0 comm 0x55f3ea289900 [nranks=2] stream 0x55f3ea28d6f0
c0b58536a5f1:1906493:1906493 [1] NCCL INFO AllReduce: opCount 16 sendbuff 0x7fba533f9600 recvbuff 0x7fba533f9600 count 1 datatype 1 op 0 root 0 comm 0x55f3ea289900 [nranks=2] stream 0x55f3ea28d6f0
c0b58536a5f1:1906493:1906493 [1] NCCL INFO AllGather: opCount 17 sendbuff 0x7fba533f9860 recvbuff 0x7fba533f9800 count 96 datatype 0 op 0 root 0 comm 0x55f3ea289900 [nranks=2] stream 0x55f3ea28d6f0
c0b58536a5f1:1906493:1906493 [1] NCCL INFO AllReduce: opCount 18 sendbuff 0x7fba533fba00 recvbuff 0x7fba533fba00 count 1 datatype 1 op 0 root 0 comm 0x55f3ea289900 [nranks=2] stream 0x55f3ea28d6f0
c0b58536a5f1:1906493:1906493 [1] NCCL INFO AllReduce: opCount 19 sendbuff 0x7fba533f9800 recvbuff 0x7fba533f9800 count 1 datatype 1 op 0 root 0 comm 0x55f3ea289900 [nranks=2] stream 0x55f3ea28d6f0
c0b58536a5f1:1906493:1906493 [1] NCCL INFO Broadcast: opCount 1d0 sendbuff 0x415f38000 recvbuff 0x415f38000 count 65536 datatype 0 op 0 root 0 comm 0x55f3f1b8c250 [nranks=2] stream 0x55f3ea296770
c0b58536a5f1:1906493:1906493 [1] NCCL INFO Broadcast: opCount 1d1 sendbuff 0x415f48000 recvbuff 0x415f48000 count 65536 datatype 0 op 0 root 0 comm 0x55f3f1b8c250 [nranks=2] stream 0x55f3ea296770
c0b58536a5f1:1906493:1906493 [1] NCCL INFO Broadcast: opCount 1d2 sendbuff 0x415f58000 recvbuff 0x415f58000 count 32768 datatype 0 op 0 root 0 comm 0x55f3f1b8c250 [nranks=2] stream 0x55f3ea296770
c0b58536a5f1:1906493:1906493 [1] NCCL INFO Broadcast: opCount 1d3 sendbuff 0x7fb812800000 recvbuff 0x7fb812800000 count 8388608 datatype 0 op 0 root 0 comm 0x55f3f1b8c250 [nranks=2] stream 0x55f3ea296770
c0b58536a5f1:1906493:1906493 [1] NCCL INFO Broadcast: opCount 1d4 sendbuff 0x415f60000 recvbuff 0x415f60000 count 65536 datatype 0 op 0 root 0 comm 0x55f3f1b8c250 [nranks=2] stream 0x55f3ea296770
c0b58536a5f1:1906493:1906493 [1] NCCL INFO AllReduce: opCount 1d5 sendbuff 0x7fb814000000 recvbuff 0x7fb814000000 count 8388608 datatype 6 op 0 root 0 comm 0x55f3f1b8c250 [nranks=2] stream 0x55f3ea296770
c0b58536a5f1:1906493:1906493 [1] NCCL INFO AllReduce: opCount 1d6 sendbuff 0x7fb814000000 recvbuff 0x7fb814000000 count 8388608 datatype 6 op 0 root 0 comm 0x55f3f1b8c250 [nranks=2] stream 0x55f3ea296770
c0b58536a5f1:1906493:1906493 [1] NCCL INFO AllReduce: opCount 1d7 sendbuff 0x7fb814000000 recvbuff 0x7fb814000000 count 8388608 datatype 6 op 0 root 0 comm 0x55f3f1b8c250 [nranks=2] stream 0x55f3ea296770
c0b58536a5f1:1906493:1906493 [1] NCCL INFO AllReduce: opCount 1d8 sendbuff 0x7fb814000000 recvbuff 0x7fb814000000 count 8388608 datatype 6 op 0 root 0 comm 0x55f3f1b8c250 [nranks=2] stream 0x55f3ea296770
c0b58536a5f1:1906493:1906493 [1] NCCL INFO AllReduce: opCount 1d9 sendbuff 0x7fb830000000 recvbuff 0x7fb830000000 count 8388608 datatype 6 op 0 root 0 comm 0x55f3f1b8c250 [nranks=2] stream 0x55f3ea296770
c0b58536a5f1:1906493:1906493 [1] NCCL INFO AllReduce: opCount 1da sendbuff 0x7fb820000000 recvbuff 0x7fb820000000 count 8388608 datatype 6 op 0 root 0 comm 0x55f3f1b8c250 [nranks=2] stream 0x55f3ea296770
c0b58536a5f1:1906493:1906493 [1] NCCL INFO AllReduce: opCount 1db sendbuff 0x7fb84a000000 recvbuff 0x7fb84a000000 count 8388608 datatype 6 op 0 root 0 comm 0x55f3f1b8c250 [nranks=2] stream 0x55f3ea296770
c0b58536a5f1:1906493:1906493 [1] NCCL INFO AllReduce: opCount 1dc sendbuff 0x7fb814000000 recvbuff 0x7fb814000000 count 8388608 datatype 6 op 0 root 0 comm 0x55f3f1b8c250 [nranks=2] stream 0x55f3ea296770
c0b58536a5f1:1906493:1906493 [1] NCCL INFO AllReduce: opCount 1dd sendbuff 0x7fb830000000 recvbuff 0x7fb830000000 count 8388608 datatype 6 op 0 root 0 comm 0x55f3f1b8c250 [nranks=2] stream 0x55f3ea296770
c0b58536a5f1:1906493:1906493 [1] NCCL INFO AllReduce: opCount 1de sendbuff 0x7fb820000000 recvbuff 0x7fb820000000 count 8388608 datatype 6 op 0 root 0 comm 0x55f3f1b8c250 [nranks=2] stream 0x55f3ea296770
c0b58536a5f1:1906493:1906493 [1] NCCL INFO AllReduce: opCount 1df sendbuff 0x7fb84a000000 recvbuff 0x7fb84a000000 count 8388608 datatype 6 op 0 root 0 comm 0x55f3f1b8c250 [nranks=2] stream 0x55f3ea296770
c0b58536a5f1:1906493:1906493 [1] NCCL INFO AllReduce: opCount 1e0 sendbuff 0x7fb814000000 recvbuff 0x7fb814000000 count 8388608 datatype 6 op 0 root 0 comm 0x55f3f1b8c250 [nranks=2] stream 0x55f3ea296770
c0b58536a5f1:1906493:1906493 [1] NCCL INFO AllReduce: opCount 1e1 sendbuff 0x7fb830000000 recvbuff 0x7fb830000000 count 8388608 datatype 6 op 0 root 0 comm 0x55f3f1b8c250 [nranks=2] stream 0x55f3ea296770
c0b58536a5f1:1906493:1906493 [1] NCCL INFO AllReduce: opCount 1e2 sendbuff 0x7fb820000000 recvbuff 0x7fb820000000 count 8388608 datatype 6 op 0 root 0 comm 0x55f3f1b8c250 [nranks=2] stream 0x55f3ea296770
c0b58536a5f1:1906493:1906493 [1] NCCL INFO AllReduce: opCount 1e3 sendbuff 0x7fb84a000000 recvbuff 0x7fb84a000000 count 8388608 datatype 6 op 0 root 0 comm 0x55f3f1b8c250 [nranks=2] stream 0x55f3ea296770
c0b58536a5f1:1906493:1906493 [1] NCCL INFO AllReduce: opCount 1e4 sendbuff 0x7fb814000000 recvbuff 0x7fb814000000 count 8388608 datatype 6 op 0 root 0 comm 0x55f3f1b8c250 [nranks=2] stream 0x55f3ea296770
c0b58536a5f1:1906493:1906493 [1] NCCL INFO AllReduce: opCount 1e5 sendbuff 0x7fb830000000 recvbuff 0x7fb830000000 count 8388608 datatype 6 op 0 root 0 comm 0x55f3f1b8c250 [nranks=2] stream 0x55f3ea296770
c0b58536a5f1:1906493:1906493 [1] NCCL INFO AllReduce: opCount 1e6 sendbuff 0x7fb822000000 recvbuff 0x7fb822000000 count 8388608 datatype 6 op 0 root 0 comm 0x55f3f1b8c250 [nranks=2] stream 0x55f3ea296770
c0b58536a5f1:1906493:1906493 [1] NCCL INFO AllReduce: opCount 1e7 sendbuff 0x7fb84a000000 recvbuff 0x7fb84a000000 count 8388608 datatype 6 op 0 root 0 comm 0x55f3f1b8c250 [nranks=2] stream 0x55f3ea296770
c0b58536a5f1:1906493:1906493 [1] NCCL INFO AllReduce: opCount 1e8 sendbuff 0x7fb820000000 recvbuff 0x7fb820000000 count 8388608 datatype 6 op 0 root 0 comm 0x55f3f1b8c250 [nranks=2] stream 0x55f3ea296770
c0b58536a5f1:1906493:1906493 [1] NCCL INFO AllReduce: opCount 1e9 sendbuff 0x7fb83e000000 recvbuff 0x7fb83e000000 count 8388608 datatype 6 op 0 root 0 comm 0x55f3f1b8c250 [nranks=2] stream 0x55f3ea296770
c0b58536a5f1:1906493:1906493 [1] NCCL INFO AllReduce: opCount 1ea sendbuff 0x7fb814000000 recvbuff 0x7fb814000000 count 8388608 datatype 6 op 0 root 0 comm 0x55f3f1b8c250 [nranks=2] stream 0x55f3ea296770
c0b58536a5f1:1906493:1906493 [1] NCCL INFO AllReduce: opCount 1eb sendbuff 0x7fb84a000000 recvbuff 0x7fb84a000000 count 8388608 datatype 6 op 0 root 0 comm 0x55f3f1b8c250 [nranks=2] stream 0x55f3ea296770
c0b58536a5f1:1906493:1906493 [1] NCCL INFO AllReduce: opCount 1ec sendbuff 0x7fb822000000 recvbuff 0x7fb822000000 count 8388608 datatype 6 op 0 root 0 comm 0x55f3f1b8c250 [nranks=2] stream 0x55f3ea296770
c0b58536a5f1:1906493:1906493 [1] NCCL INFO AllReduce: opCount 1ed sendbuff 0x7fb83e000000 recvbuff 0x7fb83e000000 count 8388608 datatype 6 op 0 root 0 comm 0x55f3f1b8c250 [nranks=2] stream 0x55f3ea296770
c0b58536a5f1:1906493:1906493 [1] NCCL INFO AllReduce: opCount 1ee sendbuff 0x415f80000 recvbuff 0x415f80000 count 8192 datatype 7 op 2 root 0 comm 0x55f3f1b8c250 [nranks=2] stream 0x55f3ea296770
c0b58536a5f1:1906493:1906493 [1] NCCL INFO AllReduce: opCount 1ef sendbuff 0x415fb6000 recvbuff 0x415fb6000 count 8192 datatype 7 op 0 root 0 comm 0x55f3f1b8c250 [nranks=2] stream 0x55f3ea296770
c0b58536a5f1:1906493:1906493 [1] NCCL INFO AllReduce: opCount 1f0 sendbuff 0x415fae000 recvbuff 0x415fae000 count 8192 datatype 7 op 0 root 0 comm 0x55f3f1b8c250 [nranks=2] stream 0x55f3ea296770
c0b58536a5f1:1906493:1906493 [1] NCCL INFO Broadcast: opCount 1f1 sendbuff 0x415f38000 recvbuff 0x415f38000 count 65536 datatype 0 op 0 root 0 comm 0x55f3f1b8c250 [nranks=2] stream 0x55f3ea296770
c0b58536a5f1:1906493:1906493 [1] NCCL INFO Broadcast: opCount 1f2 sendbuff 0x415f48000 recvbuff 0x415f48000 count 65536 datatype 0 op 0 root 0 comm 0x55f3f1b8c250 [nranks=2] stream 0x55f3ea296770
c0b58536a5f1:1906493:1906493 [1] NCCL INFO Broadcast: opCount 1f3 sendbuff 0x415f58000 recvbuff 0x415f58000 count 32768 datatype 0 op 0 root 0 comm 0x55f3f1b8c250 [nranks=2] stream 0x55f3ea296770
c0b58536a5f1:1906493:1906493 [1] NCCL INFO Broadcast: opCount 1f4 sendbuff 0x7fb812800000 recvbuff 0x7fb812800000 count 8388608 datatype 0 op 0 root 0 comm 0x55f3f1b8c250 [nranks=2] stream 0x55f3ea296770
c0b58536a5f1:1906493:1906493 [1] NCCL INFO Broadcast: opCount 1f5 sendbuff 0x415f60000 recvbuff 0x415f60000 count 65536 datatype 0 op 0 root 0 comm 0x55f3f1b8c250 [nranks=2] stream 0x55f3ea296770
c0b58536a5f1:1906493:1906493 [1] NCCL INFO AllReduce: opCount 1f6 sendbuff 0x7fb814000000 recvbuff 0x7fb814000000 count 8388608 datatype 6 op 0 root 0 comm 0x55f3f1b8c250 [nranks=2] stream 0x55f3ea296770
c0b58536a5f1:1906493:1906493 [1] NCCL INFO AllReduce: opCount 1f7 sendbuff 0x7fb820000000 recvbuff 0x7fb820000000 count 8388608 datatype 6 op 0 root 0 comm 0x55f3f1b8c250 [nranks=2] stream 0x55f3ea296770
c0b58536a5f1:1906493:1906493 [1] NCCL INFO AllReduce: opCount 1f8 sendbuff 0x7fb822000000 recvbuff 0x7fb822000000 count 8388608 datatype 6 op 0 root 0 comm 0x55f3f1b8c250 [nranks=2] stream 0x55f3ea296770
c0b58536a5f1:1906493:1906493 [1] NCCL INFO AllReduce: opCount 1f9 sendbuff 0x7fb814000000 recvbuff 0x7fb814000000 count 8388608 datatype 6 op 0 root 0 comm 0x55f3f1b8c250 [nranks=2] stream 0x55f3ea296770
c0b58536a5f1:1906493:1906493 [1] NCCL INFO AllReduce: opCount 1fa sendbuff 0x7fb830000000 recvbuff 0x7fb830000000 count 8388608 datatype 6 op 0 root 0 comm 0x55f3f1b8c250 [nranks=2] stream 0x55f3ea296770
c0b58536a5f1:1906493:1906493 [1] NCCL INFO AllReduce: opCount 1fb sendbuff 0x7fb820000000 recvbuff 0x7fb820000000 count 8388608 datatype 6 op 0 root 0 comm 0x55f3f1b8c250 [nranks=2] stream 0x55f3ea296770
c0b58536a5f1:1906493:1906493 [1] NCCL INFO AllReduce: opCount 1fc sendbuff 0x7fb830000000 recvbuff 0x7fb830000000 count 8388608 datatype 6 op 0 root 0 comm 0x55f3f1b8c250 [nranks=2] stream 0x55f3ea296770
c0b58536a5f1:1906493:1906493 [1] NCCL INFO AllReduce: opCount 1fd sendbuff 0x7fb814000000 recvbuff 0x7fb814000000 count 8388608 datatype 6 op 0 root 0 comm 0x55f3f1b8c250 [nranks=2] stream 0x55f3ea296770
c0b58536a5f1:1906493:1906493 [1] NCCL INFO AllReduce: opCount 1fe sendbuff 0x7fb830000000 recvbuff 0x7fb830000000 count 8388608 datatype 6 op 0 root 0 comm 0x55f3f1b8c250 [nranks=2] stream 0x55f3ea296770
c0b58536a5f1:1906493:1906493 [1] NCCL INFO AllReduce: opCount 1ff sendbuff 0x7fb820000000 recvbuff 0x7fb820000000 count 8388608 datatype 6 op 0 root 0 comm 0x55f3f1b8c250 [nranks=2] stream 0x55f3ea296770
c0b58536a5f1:1906493:1906493 [1] NCCL INFO AllReduce: opCount 200 sendbuff 0x7fb822000000 recvbuff 0x7fb822000000 count 8388608 datatype 6 op 0 root 0 comm 0x55f3f1b8c250 [nranks=2] stream 0x55f3ea296770
c0b58536a5f1:1906493:1906493 [1] NCCL INFO AllReduce: opCount 201 sendbuff 0x7fb814000000 recvbuff 0x7fb814000000 count 8388608 datatype 6 op 0 root 0 comm 0x55f3f1b8c250 [nranks=2] stream 0x55f3ea296770
c0b58536a5f1:1906493:1906493 [1] NCCL INFO AllReduce: opCount 202 sendbuff 0x7fb830000000 recvbuff 0x7fb830000000 count 8388608 datatype 6 op 0 root 0 comm 0x55f3f1b8c250 [nranks=2] stream 0x55f3ea296770
c0b58536a5f1:1906493:1906493 [1] NCCL INFO AllReduce: opCount 203 sendbuff 0x7fb820000000 recvbuff 0x7fb820000000 count 8388608 datatype 6 op 0 root 0 comm 0x55f3f1b8c250 [nranks=2] stream 0x55f3ea296770
c0b58536a5f1:1906493:1906493 [1] NCCL INFO AllReduce: opCount 204 sendbuff 0x7fb814000000 recvbuff 0x7fb814000000 count 8388608 datatype 6 op 0 root 0 comm 0x55f3f1b8c250 [nranks=2] stream 0x55f3ea296770
c0b58536a5f1:1906493:1906493 [1] NCCL INFO AllReduce: opCount 205 sendbuff 0x7fb822000000 recvbuff 0x7fb822000000 count 8388608 datatype 6 op 0 root 0 comm 0x55f3f1b8c250 [nranks=2] stream 0x55f3ea296770
c0b58536a5f1:1906493:1906493 [1] NCCL INFO AllReduce: opCount 206 sendbuff 0x7fb820000000 recvbuff 0x7fb820000000 count 8388608 datatype 6 op 0 root 0 comm 0x55f3f1b8c250 [nranks=2] stream 0x55f3ea296770
c0b58536a5f1:1906493:1906493 [1] NCCL INFO AllReduce: opCount 207 sendbuff 0x7fb814000000 recvbuff 0x7fb814000000 count 8388608 datatype 6 op 0 root 0 comm 0x55f3f1b8c250 [nranks=2] stream 0x55f3ea296770
c0b58536a5f1:1906493:1906493 [1] NCCL INFO AllReduce: opCount 208 sendbuff 0x7fb822000000 recvbuff 0x7fb822000000 count 8388608 datatype 6 op 0 root 0 comm 0x55f3f1b8c250 [nranks=2] stream 0x55f3ea296770
c0b58536a5f1:1906493:1906493 [1] NCCL INFO AllReduce: opCount 209 sendbuff 0x7fb820000000 recvbuff 0x7fb820000000 count 8388608 datatype 6 op 0 root 0 comm 0x55f3f1b8c250 [nranks=2] stream 0x55f3ea296770
c0b58536a5f1:1906493:1906493 [1] NCCL INFO AllReduce: opCount 20a sendbuff 0x7fb814000000 recvbuff 0x7fb814000000 count 8388608 datatype 6 op 0 root 0 comm 0x55f3f1b8c250 [nranks=2] stream 0x55f3ea296770
c0b58536a5f1:1906493:1906493 [1] NCCL INFO AllReduce: opCount 20b sendbuff 0x7fb822000000 recvbuff 0x7fb822000000 count 8388608 datatype 6 op 0 root 0 comm 0x55f3f1b8c250 [nranks=2] stream 0x55f3ea296770
c0b58536a5f1:1906493:1906493 [1] NCCL INFO AllReduce: opCount 20c sendbuff 0x7fb820000000 recvbuff 0x7fb820000000 count 8388608 datatype 6 op 0 root 0 comm 0x55f3f1b8c250 [nranks=2] stream 0x55f3ea296770
c0b58536a5f1:1906493:1906493 [1] NCCL INFO AllReduce: opCount 20d sendbuff 0x7fb814000000 recvbuff 0x7fb814000000 count 8388608 datatype 6 op 0 root 0 comm 0x55f3f1b8c250 [nranks=2] stream 0x55f3ea296770
c0b58536a5f1:1906493:1906493 [1] NCCL INFO AllReduce: opCount 20e sendbuff 0x7fb822000000 recvbuff 0x7fb822000000 count 8388608 datatype 6 op 0 root 0 comm 0x55f3f1b8c250 [nranks=2] stream 0x55f3ea296770
c0b58536a5f1:1906493:1906493 [1] NCCL INFO AllReduce: opCount 20f sendbuff 0x415f80000 recvbuff 0x415f80000 count 8192 datatype 7 op 2 root 0 comm 0x55f3f1b8c250 [nranks=2] stream 0x55f3ea296770
c0b58536a5f1:1906493:1906493 [1] NCCL INFO AllReduce: opCount 210 sendbuff 0x415fb6000 recvbuff 0x415fb6000 count 8192 datatype 7 op 0 root 0 comm 0x55f3f1b8c250 [nranks=2] stream 0x55f3ea296770
c0b58536a5f1:1906493:1906493 [1] NCCL INFO AllReduce: opCount 211 sendbuff 0x415fae000 recvbuff 0x415fae000 count 8192 datatype 7 op 0 root 0 comm 0x55f3f1b8c250 [nranks=2] stream 0x55f3ea296770
c0b58536a5f1:1906493:1906493 [1] NCCL INFO Broadcast: opCount 212 sendbuff 0x415f38000 recvbuff 0x415f38000 count 65536 datatype 0 op 0 root 0 comm 0x55f3f1b8c250 [nranks=2] stream 0x55f3ea296770
c0b58536a5f1:1906493:1906493 [1] NCCL INFO Broadcast: opCount 213 sendbuff 0x415f48000 recvbuff 0x415f48000 count 65536 datatype 0 op 0 root 0 comm 0x55f3f1b8c250 [nranks=2] stream 0x55f3ea296770
c0b58536a5f1:1906493:1906493 [1] NCCL INFO Broadcast: opCount 214 sendbuff 0x415f58000 recvbuff 0x415f58000 count 32768 datatype 0 op 0 root 0 comm 0x55f3f1b8c250 [nranks=2] stream 0x55f3ea296770
c0b58536a5f1:1906493:1906493 [1] NCCL INFO Broadcast: opCount 215 sendbuff 0x7fb812800000 recvbuff 0x7fb812800000 count 8388608 datatype 0 op 0 root 0 comm 0x55f3f1b8c250 [nranks=2] stream 0x55f3ea296770
c0b58536a5f1:1906493:1906493 [1] NCCL INFO Broadcast: opCount 216 sendbuff 0x415f60000 recvbuff 0x415f60000 count 65536 datatype 0 op 0 root 0 comm 0x55f3f1b8c250 [nranks=2] stream 0x55f3ea296770
c0b58536a5f1:1906493:1906493 [1] NCCL INFO AllReduce: opCount 217 sendbuff 0x7fb814000000 recvbuff 0x7fb814000000 count 8388608 datatype 6 op 0 root 0 comm 0x55f3f1b8c250 [nranks=2] stream 0x55f3ea296770
c0b58536a5f1:1906493:1906493 [1] NCCL INFO AllReduce: opCount 218 sendbuff 0x7fb814000000 recvbuff 0x7fb814000000 count 8388608 datatype 6 op 0 root 0 comm 0x55f3f1b8c250 [nranks=2] stream 0x55f3ea296770
c0b58536a5f1:1906493:1906493 [1] NCCL INFO AllReduce: opCount 219 sendbuff 0x7fb814000000 recvbuff 0x7fb814000000 count 8388608 datatype 6 op 0 root 0 comm 0x55f3f1b8c250 [nranks=2] stream 0x55f3ea296770
c0b58536a5f1:1906493:1906493 [1] NCCL INFO AllReduce: opCount 21a sendbuff 0x7fb814000000 recvbuff 0x7fb814000000 count 8388608 datatype 6 op 0 root 0 comm 0x55f3f1b8c250 [nranks=2] stream 0x55f3ea296770
c0b58536a5f1:1906493:1906493 [1] NCCL INFO AllReduce: opCount 21b sendbuff 0x7fb814000000 recvbuff 0x7fb814000000 count 8388608 datatype 6 op 0 root 0 comm 0x55f3f1b8c250 [nranks=2] stream 0x55f3ea296770
c0b58536a5f1:1906493:1906493 [1] NCCL INFO AllReduce: opCount 21c sendbuff 0x7fb814000000 recvbuff 0x7fb814000000 count 8388608 datatype 6 op 0 root 0 comm 0x55f3f1b8c250 [nranks=2] stream 0x55f3ea296770
c0b58536a5f1:1906493:1906493 [1] NCCL INFO AllReduce: opCount 21d sendbuff 0x7fb814000000 recvbuff 0x7fb814000000 count 8388608 datatype 6 op 0 root 0 comm 0x55f3f1b8c250 [nranks=2] stream 0x55f3ea296770
c0b58536a5f1:1906493:1906493 [1] NCCL INFO AllReduce: opCount 21e sendbuff 0x7fb814000000 recvbuff 0x7fb814000000 count 8388608 datatype 6 op 0 root 0 comm 0x55f3f1b8c250 [nranks=2] stream 0x55f3ea296770
c0b58536a5f1:1906493:1906493 [1] NCCL INFO AllReduce: opCount 21f sendbuff 0x7fb830000000 recvbuff 0x7fb830000000 count 8388608 datatype 6 op 0 root 0 comm 0x55f3f1b8c250 [nranks=2] stream 0x55f3ea296770
c0b58536a5f1:1906493:1906493 [1] NCCL INFO AllReduce: opCount 220 sendbuff 0x7fb814000000 recvbuff 0x7fb814000000 count 8388608 datatype 6 op 0 root 0 comm 0x55f3f1b8c250 [nranks=2] stream 0x55f3ea296770
c0b58536a5f1:1906493:1906493 [1] NCCL INFO AllReduce: opCount 221 sendbuff 0x7fb822000000 recvbuff 0x7fb822000000 count 8388608 datatype 6 op 0 root 0 comm 0x55f3f1b8c250 [nranks=2] stream 0x55f3ea296770
c0b58536a5f1:1906493:1906493 [1] NCCL INFO AllReduce: opCount 222 sendbuff 0x7fb820000000 recvbuff 0x7fb820000000 count 8388608 datatype 6 op 0 root 0 comm 0x55f3f1b8c250 [nranks=2] stream 0x55f3ea296770
c0b58536a5f1:1906493:1906493 [1] NCCL INFO AllReduce: opCount 223 sendbuff 0x7fb822000000 recvbuff 0x7fb822000000 count 8388608 datatype 6 op 0 root 0 comm 0x55f3f1b8c250 [nranks=2] stream 0x55f3ea296770
c0b58536a5f1:1906493:1906493 [1] NCCL INFO AllReduce: opCount 224 sendbuff 0x7fb814000000 recvbuff 0x7fb814000000 count 8388608 datatype 6 op 0 root 0 comm 0x55f3f1b8c250 [nranks=2] stream 0x55f3ea296770
c0b58536a5f1:1906493:1906493 [1] NCCL INFO AllReduce: opCount 225 sendbuff 0x7fb822000000 recvbuff 0x7fb822000000 count 8388608 datatype 6 op 0 root 0 comm 0x55f3f1b8c250 [nranks=2] stream 0x55f3ea296770
c0b58536a5f1:1906493:1906493 [1] NCCL INFO AllReduce: opCount 226 sendbuff 0x7fb814000000 recvbuff 0x7fb814000000 count 8388608 datatype 6 op 0 root 0 comm 0x55f3f1b8c250 [nranks=2] stream 0x55f3ea296770
c0b58536a5f1:1906493:1906493 [1] NCCL INFO AllReduce: opCount 227 sendbuff 0x7fb822000000 recvbuff 0x7fb822000000 count 8388608 datatype 6 op 0 root 0 comm 0x55f3f1b8c250 [nranks=2] stream 0x55f3ea296770
c0b58536a5f1:1906493:1906493 [1] NCCL INFO AllReduce: opCount 228 sendbuff 0x7fb814000000 recvbuff 0x7fb814000000 count 8388608 datatype 6 op 0 root 0 comm 0x55f3f1b8c250 [nranks=2] stream 0x55f3ea296770
c0b58536a5f1:1906493:1906493 [1] NCCL INFO AllReduce: opCount 229 sendbuff 0x7fb822000000 recvbuff 0x7fb822000000 count 8388608 datatype 6 op 0 root 0 comm 0x55f3f1b8c250 [nranks=2] stream 0x55f3ea296770
c0b58536a5f1:1906493:1906493 [1] NCCL INFO AllReduce: opCount 22a sendbuff 0x7fb814000000 recvbuff 0x7fb814000000 count 8388608 datatype 6 op 0 root 0 comm 0x55f3f1b8c250 [nranks=2] stream 0x55f3ea296770
c0b58536a5f1:1906493:1906493 [1] NCCL INFO AllReduce: opCount 22b sendbuff 0x7fb822000000 recvbuff 0x7fb822000000 count 8388608 datatype 6 op 0 root 0 comm 0x55f3f1b8c250 [nranks=2] stream 0x55f3ea296770
c0b58536a5f1:1906493:1906493 [1] NCCL INFO AllReduce: opCount 22c sendbuff 0x7fb820000000 recvbuff 0x7fb820000000 count 8388608 datatype 6 op 0 root 0 comm 0x55f3f1b8c250 [nranks=2] stream 0x55f3ea296770
c0b58536a5f1:1906493:1906493 [1] NCCL INFO AllReduce: opCount 22d sendbuff 0x7fb822000000 recvbuff 0x7fb822000000 count 8388608 datatype 6 op 0 root 0 comm 0x55f3f1b8c250 [nranks=2] stream 0x55f3ea296770
c0b58536a5f1:1906493:1906493 [1] NCCL INFO AllReduce: opCount 22e sendbuff 0x7fb814000000 recvbuff 0x7fb814000000 count 8388608 datatype 6 op 0 root 0 comm 0x55f3f1b8c250 [nranks=2] stream 0x55f3ea296770
c0b58536a5f1:1906493:1906493 [1] NCCL INFO AllReduce: opCount 22f sendbuff 0x7fb822000000 recvbuff 0x7fb822000000 count 8388608 datatype 6 op 0 root 0 comm 0x55f3f1b8c250 [nranks=2] stream 0x55f3ea296770
c0b58536a5f1:1906493:1906493 [1] NCCL INFO AllReduce: opCount 230 sendbuff 0x415f80000 recvbuff 0x415f80000 count 8192 datatype 7 op 2 root 0 comm 0x55f3f1b8c250 [nranks=2] stream 0x55f3ea296770
c0b58536a5f1:1906493:1906493 [1] NCCL INFO AllReduce: opCount 231 sendbuff 0x415fb6000 recvbuff 0x415fb6000 count 8192 datatype 7 op 0 root 0 comm 0x55f3f1b8c250 [nranks=2] stream 0x55f3ea296770
c0b58536a5f1:1906493:1906493 [1] NCCL INFO AllReduce: opCount 232 sendbuff 0x415fae000 recvbuff 0x415fae000 count 8192 datatype 7 op 0 root 0 comm 0x55f3f1b8c250 [nranks=2] stream 0x55f3ea296770
c0b58536a5f1:1906493:1906493 [1] NCCL INFO Broadcast: opCount 233 sendbuff 0x415f38000 recvbuff 0x415f38000 count 65536 datatype 0 op 0 root 0 comm 0x55f3f1b8c250 [nranks=2] stream 0x55f3ea296770
c0b58536a5f1:1906493:1906493 [1] NCCL INFO Broadcast: opCount 234 sendbuff 0x415f48000 recvbuff 0x415f48000 count 65536 datatype 0 op 0 root 0 comm 0x55f3f1b8c250 [nranks=2] stream 0x55f3ea296770
c0b58536a5f1:1906493:1906493 [1] NCCL INFO Broadcast: opCount 235 sendbuff 0x415f58000 recvbuff 0x415f58000 count 32768 datatype 0 op 0 root 0 comm 0x55f3f1b8c250 [nranks=2] stream 0x55f3ea296770
c0b58536a5f1:1906493:1906493 [1] NCCL INFO Broadcast: opCount 236 sendbuff 0x7fb812800000 recvbuff 0x7fb812800000 count 8388608 datatype 0 op 0 root 0 comm 0x55f3f1b8c250 [nranks=2] stream 0x55f3ea296770
c0b58536a5f1:1906493:1906493 [1] NCCL INFO Broadcast: opCount 237 sendbuff 0x415f60000 recvbuff 0x415f60000 count 65536 datatype 0 op 0 root 0 comm 0x55f3f1b8c250 [nranks=2] stream 0x55f3ea296770
c0b58536a5f1:1906493:1906493 [1] NCCL INFO AllReduce: opCount 238 sendbuff 0x7fb814000000 recvbuff 0x7fb814000000 count 8388608 datatype 6 op 0 root 0 comm 0x55f3f1b8c250 [nranks=2] stream 0x55f3ea296770
c0b58536a5f1:1906493:1906493 [1] NCCL INFO AllReduce: opCount 239 sendbuff 0x7fb814000000 recvbuff 0x7fb814000000 count 8388608 datatype 6 op 0 root 0 comm 0x55f3f1b8c250 [nranks=2] stream 0x55f3ea296770
c0b58536a5f1:1906493:1906493 [1] NCCL INFO AllReduce: opCount 23a sendbuff 0x7fb814000000 recvbuff 0x7fb814000000 count 8388608 datatype 6 op 0 root 0 comm 0x55f3f1b8c250 [nranks=2] stream 0x55f3ea296770
c0b58536a5f1:1906493:1906493 [1] NCCL INFO AllReduce: opCount 23b sendbuff 0x7fb814000000 recvbuff 0x7fb814000000 count 8388608 datatype 6 op 0 root 0 comm 0x55f3f1b8c250 [nranks=2] stream 0x55f3ea296770
c0b58536a5f1:1906493:1906493 [1] NCCL INFO AllReduce: opCount 23c sendbuff 0x7fb814000000 recvbuff 0x7fb814000000 count 8388608 datatype 6 op 0 root 0 comm 0x55f3f1b8c250 [nranks=2] stream 0x55f3ea296770
c0b58536a5f1:1906493:1906493 [1] NCCL INFO AllReduce: opCount 23d sendbuff 0x7fb814000000 recvbuff 0x7fb814000000 count 8388608 datatype 6 op 0 root 0 comm 0x55f3f1b8c250 [nranks=2] stream 0x55f3ea296770
c0b58536a5f1:1906493:1906493 [1] NCCL INFO AllReduce: opCount 23e sendbuff 0x7fb814000000 recvbuff 0x7fb814000000 count 8388608 datatype 6 op 0 root 0 comm 0x55f3f1b8c250 [nranks=2] stream 0x55f3ea296770
c0b58536a5f1:1906493:1906493 [1] NCCL INFO AllReduce: opCount 23f sendbuff 0x7fb814000000 recvbuff 0x7fb814000000 count 8388608 datatype 6 op 0 root 0 comm 0x55f3f1b8c250 [nranks=2] stream 0x55f3ea296770
c0b58536a5f1:1906493:1906493 [1] NCCL INFO AllReduce: opCount 240 sendbuff 0x7fb830000000 recvbuff 0x7fb830000000 count 8388608 datatype 6 op 0 root 0 comm 0x55f3f1b8c250 [nranks=2] stream 0x55f3ea296770
c0b58536a5f1:1906493:1906493 [1] NCCL INFO AllReduce: opCount 241 sendbuff 0x7fb814000000 recvbuff 0x7fb814000000 count 8388608 datatype 6 op 0 root 0 comm 0x55f3f1b8c250 [nranks=2] stream 0x55f3ea296770
c0b58536a5f1:1906493:1906493 [1] NCCL INFO AllReduce: opCount 242 sendbuff 0x7fb822000000 recvbuff 0x7fb822000000 count 8388608 datatype 6 op 0 root 0 comm 0x55f3f1b8c250 [nranks=2] stream 0x55f3ea296770
c0b58536a5f1:1906493:1906493 [1] NCCL INFO AllReduce: opCount 243 sendbuff 0x7fb820000000 recvbuff 0x7fb820000000 count 8388608 datatype 6 op 0 root 0 comm 0x55f3f1b8c250 [nranks=2] stream 0x55f3ea296770
c0b58536a5f1:1906493:1906493 [1] NCCL INFO AllReduce: opCount 244 sendbuff 0x7fb822000000 recvbuff 0x7fb822000000 count 8388608 datatype 6 op 0 root 0 comm 0x55f3f1b8c250 [nranks=2] stream 0x55f3ea296770
c0b58536a5f1:1906493:1906493 [1] NCCL INFO AllReduce: opCount 245 sendbuff 0x7fb814000000 recvbuff 0x7fb814000000 count 8388608 datatype 6 op 0 root 0 comm 0x55f3f1b8c250 [nranks=2] stream 0x55f3ea296770
c0b58536a5f1:1906493:1906493 [1] NCCL INFO AllReduce: opCount 246 sendbuff 0x7fb822000000 recvbuff 0x7fb822000000 count 8388608 datatype 6 op 0 root 0 comm 0x55f3f1b8c250 [nranks=2] stream 0x55f3ea296770
c0b58536a5f1:1906493:1906493 [1] NCCL INFO AllReduce: opCount 247 sendbuff 0x7fb814000000 recvbuff 0x7fb814000000 count 8388608 datatype 6 op 0 root 0 comm 0x55f3f1b8c250 [nranks=2] stream 0x55f3ea296770
c0b58536a5f1:1906493:1906493 [1] NCCL INFO AllReduce: opCount 248 sendbuff 0x7fb83e000000 recvbuff 0x7fb83e000000 count 8388608 datatype 6 op 0 root 0 comm 0x55f3f1b8c250 [nranks=2] stream 0x55f3ea296770
c0b58536a5f1:1906493:1906493 [1] NCCL INFO AllReduce: opCount 249 sendbuff 0x7fb814000000 recvbuff 0x7fb814000000 count 8388608 datatype 6 op 0 root 0 comm 0x55f3f1b8c250 [nranks=2] stream 0x55f3ea296770
c0b58536a5f1:1906493:1906493 [1] NCCL INFO AllReduce: opCount 24a sendbuff 0x7fb830000000 recvbuff 0x7fb830000000 count 8388608 datatype 6 op 0 root 0 comm 0x55f3f1b8c250 [nranks=2] stream 0x55f3ea296770
c0b58536a5f1:1906493:1906493 [1] NCCL INFO AllReduce: opCount 24b sendbuff 0x7fb820000000 recvbuff 0x7fb820000000 count 8388608 datatype 6 op 0 root 0 comm 0x55f3f1b8c250 [nranks=2] stream 0x55f3ea296770
c0b58536a5f1:1906493:1906493 [1] NCCL INFO AllReduce: opCount 24c sendbuff 0x7fb822000000 recvbuff 0x7fb822000000 count 8388608 datatype 6 op 0 root 0 comm 0x55f3f1b8c250 [nranks=2] stream 0x55f3ea296770
c0b58536a5f1:1906493:1906493 [1] NCCL INFO AllReduce: opCount 24d sendbuff 0x7fb814000000 recvbuff 0x7fb814000000 count 8388608 datatype 6 op 0 root 0 comm 0x55f3f1b8c250 [nranks=2] stream 0x55f3ea296770
c0b58536a5f1:1906493:1906493 [1] NCCL INFO AllReduce: opCount 24e sendbuff 0x7fb83e000000 recvbuff 0x7fb83e000000 count 8388608 datatype 6 op 0 root 0 comm 0x55f3f1b8c250 [nranks=2] stream 0x55f3ea296770
c0b58536a5f1:1906493:1906493 [1] NCCL INFO AllReduce: opCount 24f sendbuff 0x7fb820000000 recvbuff 0x7fb820000000 count 8388608 datatype 6 op 0 root 0 comm 0x55f3f1b8c250 [nranks=2] stream 0x55f3ea296770
c0b58536a5f1:1906493:1906493 [1] NCCL INFO AllReduce: opCount 250 sendbuff 0x7fb830000000 recvbuff 0x7fb830000000 count 8388608 datatype 6 op 0 root 0 comm 0x55f3f1b8c250 [nranks=2] stream 0x55f3ea296770
c0b58536a5f1:1906493:1906493 [1] NCCL INFO AllReduce: opCount 251 sendbuff 0x415f80000 recvbuff 0x415f80000 count 8192 datatype 7 op 2 root 0 comm 0x55f3f1b8c250 [nranks=2] stream 0x55f3ea296770
c0b58536a5f1:1906493:1906493 [1] NCCL INFO AllReduce: opCount 252 sendbuff 0x415fb6000 recvbuff 0x415fb6000 count 8192 datatype 7 op 0 root 0 comm 0x55f3f1b8c250 [nranks=2] stream 0x55f3ea296770
c0b58536a5f1:1906493:1906493 [1] NCCL INFO AllReduce: opCount 253 sendbuff 0x415fae000 recvbuff 0x415fae000 count 8192 datatype 7 op 0 root 0 comm 0x55f3f1b8c250 [nranks=2] stream 0x55f3ea296770
c0b58536a5f1:1906493:1906493 [1] NCCL INFO Broadcast: opCount 254 sendbuff 0x415f38000 recvbuff 0x415f38000 count 65536 datatype 0 op 0 root 0 comm 0x55f3f1b8c250 [nranks=2] stream 0x55f3ea296770
c0b58536a5f1:1906493:1906493 [1] NCCL INFO Broadcast: opCount 255 sendbuff 0x415f48000 recvbuff 0x415f48000 count 65536 datatype 0 op 0 root 0 comm 0x55f3f1b8c250 [nranks=2] stream 0x55f3ea296770
c0b58536a5f1:1906493:1906493 [1] NCCL INFO Broadcast: opCount 256 sendbuff 0x415f58000 recvbuff 0x415f58000 count 32768 datatype 0 op 0 root 0 comm 0x55f3f1b8c250 [nranks=2] stream 0x55f3ea296770
c0b58536a5f1:1906493:1906493 [1] NCCL INFO Broadcast: opCount 257 sendbuff 0x7fb812800000 recvbuff 0x7fb812800000 count 8388608 datatype 0 op 0 root 0 comm 0x55f3f1b8c250 [nranks=2] stream 0x55f3ea296770
c0b58536a5f1:1906493:1906493 [1] NCCL INFO Broadcast: opCount 258 sendbuff 0x415f60000 recvbuff 0x415f60000 count 65536 datatype 0 op 0 root 0 comm 0x55f3f1b8c250 [nranks=2] stream 0x55f3ea296770
c0b58536a5f1:1906493:1906493 [1] NCCL INFO AllReduce: opCount 259 sendbuff 0x7fb814000000 recvbuff 0x7fb814000000 count 8388608 datatype 6 op 0 root 0 comm 0x55f3f1b8c250 [nranks=2] stream 0x55f3ea296770
c0b58536a5f1:1906493:1906493 [1] NCCL INFO AllReduce: opCount 25a sendbuff 0x7fb814000000 recvbuff 0x7fb814000000 count 8388608 datatype 6 op 0 root 0 comm 0x55f3f1b8c250 [nranks=2] stream 0x55f3ea296770
c0b58536a5f1:1906493:1906493 [1] NCCL INFO AllReduce: opCount 25b sendbuff 0x7fb814000000 recvbuff 0x7fb814000000 count 8388608 datatype 6 op 0 root 0 comm 0x55f3f1b8c250 [nranks=2] stream 0x55f3ea296770
c0b58536a5f1:1906493:1906493 [1] NCCL INFO AllReduce: opCount 25c sendbuff 0x7fb814000000 recvbuff 0x7fb814000000 count 8388608 datatype 6 op 0 root 0 comm 0x55f3f1b8c250 [nranks=2] stream 0x55f3ea296770
c0b58536a5f1:1906493:1906493 [1] NCCL INFO AllReduce: opCount 25d sendbuff 0x7fb814000000 recvbuff 0x7fb814000000 count 8388608 datatype 6 op 0 root 0 comm 0x55f3f1b8c250 [nranks=2] stream 0x55f3ea296770
c0b58536a5f1:1906493:1906493 [1] NCCL INFO AllReduce: opCount 25e sendbuff 0x7fb814000000 recvbuff 0x7fb814000000 count 8388608 datatype 6 op 0 root 0 comm 0x55f3f1b8c250 [nranks=2] stream 0x55f3ea296770
c0b58536a5f1:1906493:1906493 [1] NCCL INFO AllReduce: opCount 25f sendbuff 0x7fb814000000 recvbuff 0x7fb814000000 count 8388608 datatype 6 op 0 root 0 comm 0x55f3f1b8c250 [nranks=2] stream 0x55f3ea296770
c0b58536a5f1:1906493:1906493 [1] NCCL INFO AllReduce: opCount 260 sendbuff 0x7fb820000000 recvbuff 0x7fb820000000 count 8388608 datatype 6 op 0 root 0 comm 0x55f3f1b8c250 [nranks=2] stream 0x55f3ea296770
c0b58536a5f1:1906493:1906493 [1] NCCL INFO AllReduce: opCount 261 sendbuff 0x7fb830000000 recvbuff 0x7fb830000000 count 8388608 datatype 6 op 0 root 0 comm 0x55f3f1b8c250 [nranks=2] stream 0x55f3ea296770
c0b58536a5f1:1906493:1906493 [1] NCCL INFO AllReduce: opCount 262 sendbuff 0x7fb814000000 recvbuff 0x7fb814000000 count 8388608 datatype 6 op 0 root 0 comm 0x55f3f1b8c250 [nranks=2] stream 0x55f3ea296770
c0b58536a5f1:1906493:1906493 [1] NCCL INFO AllReduce: opCount 263 sendbuff 0x7fb822000000 recvbuff 0x7fb822000000 count 8388608 datatype 6 op 0 root 0 comm 0x55f3f1b8c250 [nranks=2] stream 0x55f3ea296770
c0b58536a5f1:1906493:1906493 [1] NCCL INFO AllReduce: opCount 264 sendbuff 0x7fb814000000 recvbuff 0x7fb814000000 count 8388608 datatype 6 op 0 root 0 comm 0x55f3f1b8c250 [nranks=2] stream 0x55f3ea296770
c0b58536a5f1:1906493:1906493 [1] NCCL INFO AllReduce: opCount 265 sendbuff 0x7fb822000000 recvbuff 0x7fb822000000 count 8388608 datatype 6 op 0 root 0 comm 0x55f3f1b8c250 [nranks=2] stream 0x55f3ea296770
c0b58536a5f1:1906493:1906493 [1] NCCL INFO AllReduce: opCount 266 sendbuff 0x7fb820000000 recvbuff 0x7fb820000000 count 8388608 datatype 6 op 0 root 0 comm 0x55f3f1b8c250 [nranks=2] stream 0x55f3ea296770
c0b58536a5f1:1906493:1906493 [1] NCCL INFO AllReduce: opCount 267 sendbuff 0x7fb822000000 recvbuff 0x7fb822000000 count 8388608 datatype 6 op 0 root 0 comm 0x55f3f1b8c250 [nranks=2] stream 0x55f3ea296770
c0b58536a5f1:1906493:1906493 [1] NCCL INFO AllReduce: opCount 268 sendbuff 0x7fb814000000 recvbuff 0x7fb814000000 count 8388608 datatype 6 op 0 root 0 comm 0x55f3f1b8c250 [nranks=2] stream 0x55f3ea296770
c0b58536a5f1:1906493:1906493 [1] NCCL INFO AllReduce: opCount 269 sendbuff 0x7fb822000000 recvbuff 0x7fb822000000 count 8388608 datatype 6 op 0 root 0 comm 0x55f3f1b8c250 [nranks=2] stream 0x55f3ea296770
c0b58536a5f1:1906493:1906493 [1] NCCL INFO AllReduce: opCount 26a sendbuff 0x7fb820000000 recvbuff 0x7fb820000000 count 8388608 datatype 6 op 0 root 0 comm 0x55f3f1b8c250 [nranks=2] stream 0x55f3ea296770
c0b58536a5f1:1906493:1906493 [1] NCCL INFO AllReduce: opCount 26b sendbuff 0x7fb822000000 recvbuff 0x7fb822000000 count 8388608 datatype 6 op 0 root 0 comm 0x55f3f1b8c250 [nranks=2] stream 0x55f3ea296770
c0b58536a5f1:1906493:1906493 [1] NCCL INFO AllReduce: opCount 26c sendbuff 0x7fb814000000 recvbuff 0x7fb814000000 count 8388608 datatype 6 op 0 root 0 comm 0x55f3f1b8c250 [nranks=2] stream 0x55f3ea296770
c0b58536a5f1:1906493:1906493 [1] NCCL INFO AllReduce: opCount 26d sendbuff 0x7fb822000000 recvbuff 0x7fb822000000 count 8388608 datatype 6 op 0 root 0 comm 0x55f3f1b8c250 [nranks=2] stream 0x55f3ea296770
c0b58536a5f1:1906493:1906493 [1] NCCL INFO AllReduce: opCount 26e sendbuff 0x7fb814000000 recvbuff 0x7fb814000000 count 8388608 datatype 6 op 0 root 0 comm 0x55f3f1b8c250 [nranks=2] stream 0x55f3ea296770
c0b58536a5f1:1906493:1906493 [1] NCCL INFO AllReduce: opCount 26f sendbuff 0x7fb830000000 recvbuff 0x7fb830000000 count 8388608 datatype 6 op 0 root 0 comm 0x55f3f1b8c250 [nranks=2] stream 0x55f3ea296770
c0b58536a5f1:1906493:1906493 [1] NCCL INFO AllReduce: opCount 270 sendbuff 0x7fb814000000 recvbuff 0x7fb814000000 count 8388608 datatype 6 op 0 root 0 comm 0x55f3f1b8c250 [nranks=2] stream 0x55f3ea296770
c0b58536a5f1:1906493:1906493 [1] NCCL INFO AllReduce: opCount 271 sendbuff 0x7fb83e000000 recvbuff 0x7fb83e000000 count 8388608 datatype 6 op 0 root 0 comm 0x55f3f1b8c250 [nranks=2] stream 0x55f3ea296770
c0b58536a5f1:1906493:1906493 [1] NCCL INFO AllReduce: opCount 272 sendbuff 0x415f80000 recvbuff 0x415f80000 count 8192 datatype 7 op 2 root 0 comm 0x55f3f1b8c250 [nranks=2] stream 0x55f3ea296770
c0b58536a5f1:1906493:1906493 [1] NCCL INFO AllReduce: opCount 273 sendbuff 0x415fb6000 recvbuff 0x415fb6000 count 8192 datatype 7 op 0 root 0 comm 0x55f3f1b8c250 [nranks=2] stream 0x55f3ea296770
c0b58536a5f1:1906493:1906493 [1] NCCL INFO AllReduce: opCount 274 sendbuff 0x415fae000 recvbuff 0x415fae000 count 8192 datatype 7 op 0 root 0 comm 0x55f3f1b8c250 [nranks=2] stream 0x55f3ea296770
c0b58536a5f1:1906493:1906493 [1] NCCL INFO Broadcast: opCount 275 sendbuff 0x415f38000 recvbuff 0x415f38000 count 65536 datatype 0 op 0 root 0 comm 0x55f3f1b8c250 [nranks=2] stream 0x55f3ea296770
c0b58536a5f1:1906493:1906493 [1] NCCL INFO Broadcast: opCount 276 sendbuff 0x415f48000 recvbuff 0x415f48000 count 65536 datatype 0 op 0 root 0 comm 0x55f3f1b8c250 [nranks=2] stream 0x55f3ea296770
c0b58536a5f1:1906493:1906493 [1] NCCL INFO Broadcast: opCount 277 sendbuff 0x415f58000 recvbuff 0x415f58000 count 32768 datatype 0 op 0 root 0 comm 0x55f3f1b8c250 [nranks=2] stream 0x55f3ea296770
c0b58536a5f1:1906493:1906493 [1] NCCL INFO Broadcast: opCount 278 sendbuff 0x7fb812800000 recvbuff 0x7fb812800000 count 8388608 datatype 0 op 0 root 0 comm 0x55f3f1b8c250 [nranks=2] stream 0x55f3ea296770
c0b58536a5f1:1906493:1906493 [1] NCCL INFO Broadcast: opCount 279 sendbuff 0x415f60000 recvbuff 0x415f60000 count 65536 datatype 0 op 0 root 0 comm 0x55f3f1b8c250 [nranks=2] stream 0x55f3ea296770
c0b58536a5f1:1906493:1906493 [1] NCCL INFO AllReduce: opCount 27a sendbuff 0x7fb814000000 recvbuff 0x7fb814000000 count 8388608 datatype 6 op 0 root 0 comm 0x55f3f1b8c250 [nranks=2] stream 0x55f3ea296770
c0b58536a5f1:1906493:1906493 [1] NCCL INFO AllReduce: opCount 27b sendbuff 0x7fb814000000 recvbuff 0x7fb814000000 count 8388608 datatype 6 op 0 root 0 comm 0x55f3f1b8c250 [nranks=2] stream 0x55f3ea296770
c0b58536a5f1:1906493:1906493 [1] NCCL INFO AllReduce: opCount 27c sendbuff 0x7fb814000000 recvbuff 0x7fb814000000 count 8388608 datatype 6 op 0 root 0 comm 0x55f3f1b8c250 [nranks=2] stream 0x55f3ea296770
c0b58536a5f1:1906493:1906493 [1] NCCL INFO AllReduce: opCount 27d sendbuff 0x7fb814000000 recvbuff 0x7fb814000000 count 8388608 datatype 6 op 0 root 0 comm 0x55f3f1b8c250 [nranks=2] stream 0x55f3ea296770
c0b58536a5f1:1906493:1906493 [1] NCCL INFO AllReduce: opCount 27e sendbuff 0x7fb814000000 recvbuff 0x7fb814000000 count 8388608 datatype 6 op 0 root 0 comm 0x55f3f1b8c250 [nranks=2] stream 0x55f3ea296770
c0b58536a5f1:1906493:1906493 [1] NCCL INFO AllReduce: opCount 27f sendbuff 0x7fb814000000 recvbuff 0x7fb814000000 count 8388608 datatype 6 op 0 root 0 comm 0x55f3f1b8c250 [nranks=2] stream 0x55f3ea296770
c0b58536a5f1:1906493:1906493 [1] NCCL INFO AllReduce: opCount 280 sendbuff 0x7fb814000000 recvbuff 0x7fb814000000 count 8388608 datatype 6 op 0 root 0 comm 0x55f3f1b8c250 [nranks=2] stream 0x55f3ea296770
c0b58536a5f1:1906493:1906493 [1] NCCL INFO AllReduce: opCount 281 sendbuff 0x7fb820000000 recvbuff 0x7fb820000000 count 8388608 datatype 6 op 0 root 0 comm 0x55f3f1b8c250 [nranks=2] stream 0x55f3ea296770
c0b58536a5f1:1906493:1906493 [1] NCCL INFO AllReduce: opCount 282 sendbuff 0x7fb830000000 recvbuff 0x7fb830000000 count 8388608 datatype 6 op 0 root 0 comm 0x55f3f1b8c250 [nranks=2] stream 0x55f3ea296770
c0b58536a5f1:1906493:1906493 [1] NCCL INFO AllReduce: opCount 283 sendbuff 0x7fb814000000 recvbuff 0x7fb814000000 count 8388608 datatype 6 op 0 root 0 comm 0x55f3f1b8c250 [nranks=2] stream 0x55f3ea296770
c0b58536a5f1:1906493:1906493 [1] NCCL INFO AllReduce: opCount 284 sendbuff 0x7fb822000000 recvbuff 0x7fb822000000 count 8388608 datatype 6 op 0 root 0 comm 0x55f3f1b8c250 [nranks=2] stream 0x55f3ea296770
c0b58536a5f1:1906493:1906493 [1] NCCL INFO AllReduce: opCount 285 sendbuff 0x7fb814000000 recvbuff 0x7fb814000000 count 8388608 datatype 6 op 0 root 0 comm 0x55f3f1b8c250 [nranks=2] stream 0x55f3ea296770
c0b58536a5f1:1906493:1906493 [1] NCCL INFO AllReduce: opCount 286 sendbuff 0x7fb83e000000 recvbuff 0x7fb83e000000 count 8388608 datatype 6 op 0 root 0 comm 0x55f3f1b8c250 [nranks=2] stream 0x55f3ea296770
c0b58536a5f1:1906493:1906493 [1] NCCL INFO AllReduce: opCount 287 sendbuff 0x7fb820000000 recvbuff 0x7fb820000000 count 8388608 datatype 6 op 0 root 0 comm 0x55f3f1b8c250 [nranks=2] stream 0x55f3ea296770
c0b58536a5f1:1906493:1906493 [1] NCCL INFO AllReduce: opCount 288 sendbuff 0x7fb830000000 recvbuff 0x7fb830000000 count 8388608 datatype 6 op 0 root 0 comm 0x55f3f1b8c250 [nranks=2] stream 0x55f3ea296770
c0b58536a5f1:1906493:1906493 [1] NCCL INFO AllReduce: opCount 289 sendbuff 0x7fb814000000 recvbuff 0x7fb814000000 count 8388608 datatype 6 op 0 root 0 comm 0x55f3f1b8c250 [nranks=2] stream 0x55f3ea296770
c0b58536a5f1:1906493:1906493 [1] NCCL INFO AllReduce: opCount 28a sendbuff 0x7fb822000000 recvbuff 0x7fb822000000 count 8388608 datatype 6 op 0 root 0 comm 0x55f3f1b8c250 [nranks=2] stream 0x55f3ea296770
c0b58536a5f1:1906493:1906493 [1] NCCL INFO AllReduce: opCount 28b sendbuff 0x7fb820000000 recvbuff 0x7fb820000000 count 8388608 datatype 6 op 0 root 0 comm 0x55f3f1b8c250 [nranks=2] stream 0x55f3ea296770
c0b58536a5f1:1906493:1906493 [1] NCCL INFO AllReduce: opCount 28c sendbuff 0x7fb83e000000 recvbuff 0x7fb83e000000 count 8388608 datatype 6 op 0 root 0 comm 0x55f3f1b8c250 [nranks=2] stream 0x55f3ea296770
c0b58536a5f1:1906493:1906493 [1] NCCL INFO AllReduce: opCount 28d sendbuff 0x7fb814000000 recvbuff 0x7fb814000000 count 8388608 datatype 6 op 0 root 0 comm 0x55f3f1b8c250 [nranks=2] stream 0x55f3ea296770
c0b58536a5f1:1906493:1906493 [1] NCCL INFO AllReduce: opCount 28e sendbuff 0x7fb822000000 recvbuff 0x7fb822000000 count 8388608 datatype 6 op 0 root 0 comm 0x55f3f1b8c250 [nranks=2] stream 0x55f3ea296770
c0b58536a5f1:1906493:1906493 [1] NCCL INFO AllReduce: opCount 28f sendbuff 0x7fb820000000 recvbuff 0x7fb820000000 count 8388608 datatype 6 op 0 root 0 comm 0x55f3f1b8c250 [nranks=2] stream 0x55f3ea296770
c0b58536a5f1:1906493:1906493 [1] NCCL INFO AllReduce: opCount 290 sendbuff 0x7fb814000000 recvbuff 0x7fb814000000 count 8388608 datatype 6 op 0 root 0 comm 0x55f3f1b8c250 [nranks=2] stream 0x55f3ea296770
c0b58536a5f1:1906493:1906493 [1] NCCL INFO AllReduce: opCount 291 sendbuff 0x7fb822000000 recvbuff 0x7fb822000000 count 8388608 datatype 6 op 0 root 0 comm 0x55f3f1b8c250 [nranks=2] stream 0x55f3ea296770
c0b58536a5f1:1906493:1906493 [1] NCCL INFO AllReduce: opCount 292 sendbuff 0x7fb820000000 recvbuff 0x7fb820000000 count 8388608 datatype 6 op 0 root 0 comm 0x55f3f1b8c250 [nranks=2] stream 0x55f3ea296770
c0b58536a5f1:1906493:1906493 [1] NCCL INFO AllReduce: opCount 293 sendbuff 0x415f80000 recvbuff 0x415f80000 count 8192 datatype 7 op 2 root 0 comm 0x55f3f1b8c250 [nranks=2] stream 0x55f3ea296770
c0b58536a5f1:1906493:1906493 [1] NCCL INFO AllReduce: opCount 294 sendbuff 0x415fb6000 recvbuff 0x415fb6000 count 8192 datatype 7 op 0 root 0 comm 0x55f3f1b8c250 [nranks=2] stream 0x55f3ea296770
c0b58536a5f1:1906493:1906493 [1] NCCL INFO AllReduce: opCount 295 sendbuff 0x415fae000 recvbuff 0x415fae000 count 8192 datatype 7 op 0 root 0 comm 0x55f3f1b8c250 [nranks=2] stream 0x55f3ea296770
c0b58536a5f1:1906493:1906493 [1] NCCL INFO Broadcast: opCount 296 sendbuff 0x415f38000 recvbuff 0x415f38000 count 65536 datatype 0 op 0 root 0 comm 0x55f3f1b8c250 [nranks=2] stream 0x55f3ea296770
c0b58536a5f1:1906493:1906493 [1] NCCL INFO Broadcast: opCount 297 sendbuff 0x415f48000 recvbuff 0x415f48000 count 65536 datatype 0 op 0 root 0 comm 0x55f3f1b8c250 [nranks=2] stream 0x55f3ea296770
c0b58536a5f1:1906493:1906493 [1] NCCL INFO Broadcast: opCount 298 sendbuff 0x415f58000 recvbuff 0x415f58000 count 32768 datatype 0 op 0 root 0 comm 0x55f3f1b8c250 [nranks=2] stream 0x55f3ea296770
c0b58536a5f1:1906493:1906493 [1] NCCL INFO Broadcast: opCount 299 sendbuff 0x7fb812800000 recvbuff 0x7fb812800000 count 8388608 datatype 0 op 0 root 0 comm 0x55f3f1b8c250 [nranks=2] stream 0x55f3ea296770
c0b58536a5f1:1906493:1906493 [1] NCCL INFO Broadcast: opCount 29a sendbuff 0x415f60000 recvbuff 0x415f60000 count 65536 datatype 0 op 0 root 0 comm 0x55f3f1b8c250 [nranks=2] stream 0x55f3ea296770
c0b58536a5f1:1906493:1906493 [1] NCCL INFO AllReduce: opCount 29b sendbuff 0x7fb814000000 recvbuff 0x7fb814000000 count 8388608 datatype 6 op 0 root 0 comm 0x55f3f1b8c250 [nranks=2] stream 0x55f3ea296770
c0b58536a5f1:1906493:1906493 [1] NCCL INFO AllReduce: opCount 29c sendbuff 0x7fb814000000 recvbuff 0x7fb814000000 count 8388608 datatype 6 op 0 root 0 comm 0x55f3f1b8c250 [nranks=2] stream 0x55f3ea296770
c0b58536a5f1:1906493:1906493 [1] NCCL INFO AllReduce: opCount 29d sendbuff 0x7fb814000000 recvbuff 0x7fb814000000 count 8388608 datatype 6 op 0 root 0 comm 0x55f3f1b8c250 [nranks=2] stream 0x55f3ea296770
c0b58536a5f1:1906493:1906493 [1] NCCL INFO AllReduce: opCount 29e sendbuff 0x7fb814000000 recvbuff 0x7fb814000000 count 8388608 datatype 6 op 0 root 0 comm 0x55f3f1b8c250 [nranks=2] stream 0x55f3ea296770
c0b58536a5f1:1906493:1906493 [1] NCCL INFO AllReduce: opCount 29f sendbuff 0x7fb814000000 recvbuff 0x7fb814000000 count 8388608 datatype 6 op 0 root 0 comm 0x55f3f1b8c250 [nranks=2] stream 0x55f3ea296770
c0b58536a5f1:1906493:1906493 [1] NCCL INFO AllReduce: opCount 2a0 sendbuff 0x7fb814000000 recvbuff 0x7fb814000000 count 8388608 datatype 6 op 0 root 0 comm 0x55f3f1b8c250 [nranks=2] stream 0x55f3ea296770
c0b58536a5f1:1906493:1906493 [1] NCCL INFO AllReduce: opCount 2a1 sendbuff 0x7fb814000000 recvbuff 0x7fb814000000 count 8388608 datatype 6 op 0 root 0 comm 0x55f3f1b8c250 [nranks=2] stream 0x55f3ea296770
c0b58536a5f1:1906493:1906493 [1] NCCL INFO AllReduce: opCount 2a2 sendbuff 0x7fb814000000 recvbuff 0x7fb814000000 count 8388608 datatype 6 op 0 root 0 comm 0x55f3f1b8c250 [nranks=2] stream 0x55f3ea296770
c0b58536a5f1:1906493:1906493 [1] NCCL INFO AllReduce: opCount 2a3 sendbuff 0x7fb830000000 recvbuff 0x7fb830000000 count 8388608 datatype 6 op 0 root 0 comm 0x55f3f1b8c250 [nranks=2] stream 0x55f3ea296770
c0b58536a5f1:1906493:1906493 [1] NCCL INFO AllReduce: opCount 2a4 sendbuff 0x7fb820000000 recvbuff 0x7fb820000000 count 8388608 datatype 6 op 0 root 0 comm 0x55f3f1b8c250 [nranks=2] stream 0x55f3ea296770
c0b58536a5f1:1906493:1906493 [1] NCCL INFO AllReduce: opCount 2a5 sendbuff 0x7fb822000000 recvbuff 0x7fb822000000 count 8388608 datatype 6 op 0 root 0 comm 0x55f3f1b8c250 [nranks=2] stream 0x55f3ea296770
c0b58536a5f1:1906493:1906493 [1] NCCL INFO AllReduce: opCount 2a6 sendbuff 0x7fb814000000 recvbuff 0x7fb814000000 count 8388608 datatype 6 op 0 root 0 comm 0x55f3f1b8c250 [nranks=2] stream 0x55f3ea296770
c0b58536a5f1:1906493:1906493 [1] NCCL INFO AllReduce: opCount 2a7 sendbuff 0x7fb822000000 recvbuff 0x7fb822000000 count 8388608 datatype 6 op 0 root 0 comm 0x55f3f1b8c250 [nranks=2] stream 0x55f3ea296770
c0b58536a5f1:1906493:1906493 [1] NCCL INFO AllReduce: opCount 2a8 sendbuff 0x7fb820000000 recvbuff 0x7fb820000000 count 8388608 datatype 6 op 0 root 0 comm 0x55f3f1b8c250 [nranks=2] stream 0x55f3ea296770
c0b58536a5f1:1906493:1906493 [1] NCCL INFO AllReduce: opCount 2a9 sendbuff 0x7fb822000000 recvbuff 0x7fb822000000 count 8388608 datatype 6 op 0 root 0 comm 0x55f3f1b8c250 [nranks=2] stream 0x55f3ea296770
c0b58536a5f1:1906493:1906493 [1] NCCL INFO AllReduce: opCount 2aa sendbuff 0x7fb814000000 recvbuff 0x7fb814000000 count 8388608 datatype 6 op 0 root 0 comm 0x55f3f1b8c250 [nranks=2] stream 0x55f3ea296770
c0b58536a5f1:1906493:1906493 [1] NCCL INFO AllReduce: opCount 2ab sendbuff 0x7fb822000000 recvbuff 0x7fb822000000 count 8388608 datatype 6 op 0 root 0 comm 0x55f3f1b8c250 [nranks=2] stream 0x55f3ea296770
c0b58536a5f1:1906493:1906493 [1] NCCL INFO AllReduce: opCount 2ac sendbuff 0x7fb820000000 recvbuff 0x7fb820000000 count 8388608 datatype 6 op 0 root 0 comm 0x55f3f1b8c250 [nranks=2] stream 0x55f3ea296770
c0b58536a5f1:1906493:1906493 [1] NCCL INFO AllReduce: opCount 2ad sendbuff 0x7fb822000000 recvbuff 0x7fb822000000 count 8388608 datatype 6 op 0 root 0 comm 0x55f3f1b8c250 [nranks=2] stream 0x55f3ea296770
c0b58536a5f1:1906493:1906493 [1] NCCL INFO AllReduce: opCount 2ae sendbuff 0x7fb814000000 recvbuff 0x7fb814000000 count 8388608 datatype 6 op 0 root 0 comm 0x55f3f1b8c250 [nranks=2] stream 0x55f3ea296770
c0b58536a5f1:1906493:1906493 [1] NCCL INFO AllReduce: opCount 2af sendbuff 0x7fb822000000 recvbuff 0x7fb822000000 count 8388608 datatype 6 op 0 root 0 comm 0x55f3f1b8c250 [nranks=2] stream 0x55f3ea296770
c0b58536a5f1:1906493:1906493 [1] NCCL INFO AllReduce: opCount 2b0 sendbuff 0x7fb820000000 recvbuff 0x7fb820000000 count 8388608 datatype 6 op 0 root 0 comm 0x55f3f1b8c250 [nranks=2] stream 0x55f3ea296770
c0b58536a5f1:1906493:1906493 [1] NCCL INFO AllReduce: opCount 2b1 sendbuff 0x7fb822000000 recvbuff 0x7fb822000000 count 8388608 datatype 6 op 0 root 0 comm 0x55f3f1b8c250 [nranks=2] stream 0x55f3ea296770
c0b58536a5f1:1906493:1906493 [1] NCCL INFO AllReduce: opCount 2b2 sendbuff 0x7fb814000000 recvbuff 0x7fb814000000 count 8388608 datatype 6 op 0 root 0 comm 0x55f3f1b8c250 [nranks=2] stream 0x55f3ea296770
c0b58536a5f1:1906493:1906493 [1] NCCL INFO AllReduce: opCount 2b3 sendbuff 0x7fb83e000000 recvbuff 0x7fb83e000000 count 8388608 datatype 6 op 0 root 0 comm 0x55f3f1b8c250 [nranks=2] stream 0x55f3ea296770
c0b58536a5f1:1906493:1906493 [1] NCCL INFO AllReduce: opCount 2b4 sendbuff 0x415f80000 recvbuff 0x415f80000 count 8192 datatype 7 op 2 root 0 comm 0x55f3f1b8c250 [nranks=2] stream 0x55f3ea296770
c0b58536a5f1:1906493:1906493 [1] NCCL INFO AllReduce: opCount 2b5 sendbuff 0x415fb6000 recvbuff 0x415fb6000 count 8192 datatype 7 op 0 root 0 comm 0x55f3f1b8c250 [nranks=2] stream 0x55f3ea296770
c0b58536a5f1:1906493:1906493 [1] NCCL INFO AllReduce: opCount 2b6 sendbuff 0x415fae000 recvbuff 0x415fae000 count 8192 datatype 7 op 0 root 0 comm 0x55f3f1b8c250 [nranks=2] stream 0x55f3ea296770
c0b58536a5f1:1906493:1906493 [1] NCCL INFO Broadcast: opCount 2b7 sendbuff 0x415f38000 recvbuff 0x415f38000 count 65536 datatype 0 op 0 root 0 comm 0x55f3f1b8c250 [nranks=2] stream 0x55f3ea296770
c0b58536a5f1:1906493:1906493 [1] NCCL INFO Broadcast: opCount 2b8 sendbuff 0x415f48000 recvbuff 0x415f48000 count 65536 datatype 0 op 0 root 0 comm 0x55f3f1b8c250 [nranks=2] stream 0x55f3ea296770
c0b58536a5f1:1906493:1906493 [1] NCCL INFO Broadcast: opCount 2b9 sendbuff 0x415f58000 recvbuff 0x415f58000 count 32768 datatype 0 op 0 root 0 comm 0x55f3f1b8c250 [nranks=2] stream 0x55f3ea296770
c0b58536a5f1:1906493:1906493 [1] NCCL INFO Broadcast: opCount 2ba sendbuff 0x7fb812800000 recvbuff 0x7fb812800000 count 8388608 datatype 0 op 0 root 0 comm 0x55f3f1b8c250 [nranks=2] stream 0x55f3ea296770
c0b58536a5f1:1906493:1906493 [1] NCCL INFO Broadcast: opCount 2bb sendbuff 0x415f60000 recvbuff 0x415f60000 count 65536 datatype 0 op 0 root 0 comm 0x55f3f1b8c250 [nranks=2] stream 0x55f3ea296770
c0b58536a5f1:1906493:1906493 [1] NCCL INFO AllReduce: opCount 2bc sendbuff 0x7fb814000000 recvbuff 0x7fb814000000 count 8388608 datatype 6 op 0 root 0 comm 0x55f3f1b8c250 [nranks=2] stream 0x55f3ea296770
c0b58536a5f1:1906493:1906493 [1] NCCL INFO AllReduce: opCount 2bd sendbuff 0x7fb814000000 recvbuff 0x7fb814000000 count 8388608 datatype 6 op 0 root 0 comm 0x55f3f1b8c250 [nranks=2] stream 0x55f3ea296770
c0b58536a5f1:1906493:1906493 [1] NCCL INFO AllReduce: opCount 2be sendbuff 0x7fb814000000 recvbuff 0x7fb814000000 count 8388608 datatype 6 op 0 root 0 comm 0x55f3f1b8c250 [nranks=2] stream 0x55f3ea296770
c0b58536a5f1:1906493:1906493 [1] NCCL INFO AllReduce: opCount 2bf sendbuff 0x7fb814000000 recvbuff 0x7fb814000000 count 8388608 datatype 6 op 0 root 0 comm 0x55f3f1b8c250 [nranks=2] stream 0x55f3ea296770
c0b58536a5f1:1906493:1906493 [1] NCCL INFO AllReduce: opCount 2c0 sendbuff 0x7fb814000000 recvbuff 0x7fb814000000 count 8388608 datatype 6 op 0 root 0 comm 0x55f3f1b8c250 [nranks=2] stream 0x55f3ea296770
c0b58536a5f1:1906493:1906493 [1] NCCL INFO AllReduce: opCount 2c1 sendbuff 0x7fb814000000 recvbuff 0x7fb814000000 count 8388608 datatype 6 op 0 root 0 comm 0x55f3f1b8c250 [nranks=2] stream 0x55f3ea296770
c0b58536a5f1:1906493:1906493 [1] NCCL INFO AllReduce: opCount 2c2 sendbuff 0x7fb814000000 recvbuff 0x7fb814000000 count 8388608 datatype 6 op 0 root 0 comm 0x55f3f1b8c250 [nranks=2] stream 0x55f3ea296770
c0b58536a5f1:1906493:1906493 [1] NCCL INFO AllReduce: opCount 2c3 sendbuff 0x7fb820000000 recvbuff 0x7fb820000000 count 8388608 datatype 6 op 0 root 0 comm 0x55f3f1b8c250 [nranks=2] stream 0x55f3ea296770
c0b58536a5f1:1906493:1906493 [1] NCCL INFO AllReduce: opCount 2c4 sendbuff 0x7fb830000000 recvbuff 0x7fb830000000 count 8388608 datatype 6 op 0 root 0 comm 0x55f3f1b8c250 [nranks=2] stream 0x55f3ea296770
c0b58536a5f1:1906493:1906493 [1] NCCL INFO AllReduce: opCount 2c5 sendbuff 0x7fb814000000 recvbuff 0x7fb814000000 count 8388608 datatype 6 op 0 root 0 comm 0x55f3f1b8c250 [nranks=2] stream 0x55f3ea296770
c0b58536a5f1:1906493:1906493 [1] NCCL INFO AllReduce: opCount 2c6 sendbuff 0x7fb822000000 recvbuff 0x7fb822000000 count 8388608 datatype 6 op 0 root 0 comm 0x55f3f1b8c250 [nranks=2] stream 0x55f3ea296770
c0b58536a5f1:1906493:1906493 [1] NCCL INFO AllReduce: opCount 2c7 sendbuff 0x7fb814000000 recvbuff 0x7fb814000000 count 8388608 datatype 6 op 0 root 0 comm 0x55f3f1b8c250 [nranks=2] stream 0x55f3ea296770
c0b58536a5f1:1906493:1906493 [1] NCCL INFO AllReduce: opCount 2c8 sendbuff 0x7fb822000000 recvbuff 0x7fb822000000 count 8388608 datatype 6 op 0 root 0 comm 0x55f3f1b8c250 [nranks=2] stream 0x55f3ea296770
c0b58536a5f1:1906493:1906493 [1] NCCL INFO AllReduce: opCount 2c9 sendbuff 0x7fb820000000 recvbuff 0x7fb820000000 count 8388608 datatype 6 op 0 root 0 comm 0x55f3f1b8c250 [nranks=2] stream 0x55f3ea296770
c0b58536a5f1:1906493:1906493 [1] NCCL INFO AllReduce: opCount 2ca sendbuff 0x7fb822000000 recvbuff 0x7fb822000000 count 8388608 datatype 6 op 0 root 0 comm 0x55f3f1b8c250 [nranks=2] stream 0x55f3ea296770
c0b58536a5f1:1906493:1906493 [1] NCCL INFO AllReduce: opCount 2cb sendbuff 0x7fb814000000 recvbuff 0x7fb814000000 count 8388608 datatype 6 op 0 root 0 comm 0x55f3f1b8c250 [nranks=2] stream 0x55f3ea296770
c0b58536a5f1:1906493:1906493 [1] NCCL INFO AllReduce: opCount 2cc sendbuff 0x7fb822000000 recvbuff 0x7fb822000000 count 8388608 datatype 6 op 0 root 0 comm 0x55f3f1b8c250 [nranks=2] stream 0x55f3ea296770
c0b58536a5f1:1906493:1906493 [1] NCCL INFO AllReduce: opCount 2cd sendbuff 0x7fb814000000 recvbuff 0x7fb814000000 count 8388608 datatype 6 op 0 root 0 comm 0x55f3f1b8c250 [nranks=2] stream 0x55f3ea296770
c0b58536a5f1:1906493:1906493 [1] NCCL INFO AllReduce: opCount 2ce sendbuff 0x7fb822000000 recvbuff 0x7fb822000000 count 8388608 datatype 6 op 0 root 0 comm 0x55f3f1b8c250 [nranks=2] stream 0x55f3ea296770
c0b58536a5f1:1906493:1906493 [1] NCCL INFO AllReduce: opCount 2cf sendbuff 0x7fb814000000 recvbuff 0x7fb814000000 count 8388608 datatype 6 op 0 root 0 comm 0x55f3f1b8c250 [nranks=2] stream 0x55f3ea296770
c0b58536a5f1:1906493:1906493 [1] NCCL INFO AllReduce: opCount 2d0 sendbuff 0x7fb822000000 recvbuff 0x7fb822000000 count 8388608 datatype 6 op 0 root 0 comm 0x55f3f1b8c250 [nranks=2] stream 0x55f3ea296770
c0b58536a5f1:1906493:1906493 [1] NCCL INFO AllReduce: opCount 2d1 sendbuff 0x7fb814000000 recvbuff 0x7fb814000000 count 8388608 datatype 6 op 0 root 0 comm 0x55f3f1b8c250 [nranks=2] stream 0x55f3ea296770
c0b58536a5f1:1906493:1906493 [1] NCCL INFO AllReduce: opCount 2d2 sendbuff 0x7fb830000000 recvbuff 0x7fb830000000 count 8388608 datatype 6 op 0 root 0 comm 0x55f3f1b8c250 [nranks=2] stream 0x55f3ea296770
c0b58536a5f1:1906493:1906493 [1] NCCL INFO AllReduce: opCount 2d3 sendbuff 0x7fb814000000 recvbuff 0x7fb814000000 count 8388608 datatype 6 op 0 root 0 comm 0x55f3f1b8c250 [nranks=2] stream 0x55f3ea296770
c0b58536a5f1:1906493:1906493 [1] NCCL INFO AllReduce: opCount 2d4 sendbuff 0x7fb83e000000 recvbuff 0x7fb83e000000 count 8388608 datatype 6 op 0 root 0 comm 0x55f3f1b8c250 [nranks=2] stream 0x55f3ea296770
c0b58536a5f1:1906493:1906493 [1] NCCL INFO AllReduce: opCount 2d5 sendbuff 0x415f80000 recvbuff 0x415f80000 count 8192 datatype 7 op 2 root 0 comm 0x55f3f1b8c250 [nranks=2] stream 0x55f3ea296770
c0b58536a5f1:1906493:1906493 [1] NCCL INFO AllReduce: opCount 2d6 sendbuff 0x415fb6000 recvbuff 0x415fb6000 count 8192 datatype 7 op 0 root 0 comm 0x55f3f1b8c250 [nranks=2] stream 0x55f3ea296770
c0b58536a5f1:1906493:1906493 [1] NCCL INFO AllReduce: opCount 2d7 sendbuff 0x415fae000 recvbuff 0x415fae000 count 8192 datatype 7 op 0 root 0 comm 0x55f3f1b8c250 [nranks=2] stream 0x55f3ea296770
c0b58536a5f1:1906493:1906493 [1] NCCL INFO AllReduce: opCount 0 sendbuff 0x7fba5333b200 recvbuff 0x7fba5333b200 count 2 datatype 7 op 0 root 0 comm 0x55f407953290 [nranks=1] stream 0x55f3ea2a2480
c0b58536a5f1:1906493:1906493 [1] NCCL INFO AllGather: opCount 1a sendbuff 0x7fba533f9804 recvbuff 0x7fba533f9800 count 4 datatype 0 op 0 root 0 comm 0x55f3ea289900 [nranks=2] stream 0x55f3ea28d6f0
c0b58536a5f1:1906493:1906493 [1] NCCL INFO AllReduce: opCount 1b sendbuff 0x7fba533fba00 recvbuff 0x7fba533fba00 count 1 datatype 1 op 0 root 0 comm 0x55f3ea289900 [nranks=2] stream 0x55f3ea28d6f0
c0b58536a5f1:1906493:1906493 [1] NCCL INFO AllReduce: opCount 1c sendbuff 0x7fba533f9800 recvbuff 0x7fba533f9800 count 1 datatype 1 op 0 root 0 comm 0x55f3ea289900 [nranks=2] stream 0x55f3ea28d6f0
c0b58536a5f1:1906493:1908408 [0] NCCL INFO init.cc:1627 Cuda Host Alloc Size 4 pointer 0x7fb70f200000
c0b58536a5f1:1906493:1908410 [0] NCCL INFO init.cc:1627 Cuda Host Alloc Size 4 pointer 0x7fb70f200200
c0b58536a5f1:1906493:1908408 [0] NCCL INFO Using non-device net plugin version 0
c0b58536a5f1:1906493:1908408 [0] NCCL INFO Using network Socket
c0b58536a5f1:1906493:1908410 [0] NCCL INFO Using non-device net plugin version 0
c0b58536a5f1:1906493:1908410 [0] NCCL INFO Using network Socket
c0b58536a5f1:1906493:1908410 [0] NCCL INFO comm 0x7fb7200050b0 rank 1 nranks 2 cudaDev 0 nvmlDev 0 busId 27000 commId 0x341fcebead1a880b - Init START
c0b58536a5f1:1906493:1908408 [0] NCCL INFO comm 0x7fb79cd51180 rank 1 nranks 2 cudaDev 0 nvmlDev 0 busId 27000 commId 0x630e038665934047 - Init START

c0b58536a5f1:1906493:1908410 [0] init.cc:824 NCCL WARN Duplicate GPU detected : rank 1 and rank 0 both on CUDA device 27000
c0b58536a5f1:1906493:1908410 [0] NCCL INFO init.cc:1396 -> 5
c0b58536a5f1:1906493:1908410 [0] NCCL INFO init.cc:1641 -> 5

c0b58536a5f1:1906493:1908408 [0] init.cc:824 NCCL WARN Duplicate GPU detected : rank 1 and rank 0 both on CUDA device 27000
c0b58536a5f1:1906493:1908408 [0] NCCL INFO init.cc:1396 -> 5
c0b58536a5f1:1906493:1908408 [0] NCCL INFO init.cc:1641 -> 5
c0b58536a5f1:1906493:1908410 [0] NCCL INFO init.cc:1679 -> 5
c0b58536a5f1:1906493:1908408 [0] NCCL INFO init.cc:1679 -> 5
c0b58536a5f1:1906493:1906493 [1] NCCL INFO AllGather: opCount 1d sendbuff 0x7fba533f9800 recvbuff 0x7fb84b5ff800 count 8 datatype 0 op 0 root 0 comm 0x55f3ea289900 [nranks=2] stream 0x55f3ea28d6f0
c0b58536a5f1:1906493:1906493 [1] NCCL INFO AllGather: opCount 1e sendbuff 0x415f38000 recvbuff 0x415f75600 count 83612 datatype 0 op 0 root 0 comm 0x55f3ea289900 [nranks=2] stream 0x55f3ea28d6f0
c0b58536a5f1:1906493:1906493 [1] NCCL INFO Broadcast: opCount 1f sendbuff 0x7fba533f9800 recvbuff 0x7fba533f9800 count 8 datatype 0 op 0 root 0 comm 0x55f3ea289900 [nranks=2] stream 0x55f3ea28d6f0
c0b58536a5f1:1906493:1906493 [1] NCCL INFO Broadcast: opCount 20 sendbuff 0x415f38000 recvbuff 0x415f38000 count 14615 datatype 0 op 0 root 0 comm 0x55f3ea289900 [nranks=2] stream 0x55f3ea28d6f0
c0b58536a5f1:1906493:1906493 [1] NCCL INFO AllGather: opCount 21 sendbuff 0x7fba533f9800 recvbuff 0x7fb84b5ff800 count 8 datatype 0 op 0 root 0 comm 0x55f3ea289900 [nranks=2] stream 0x55f3ea28d6f0
c0b58536a5f1:1906493:1906493 [1] NCCL INFO AllGather: opCount 22 sendbuff 0x415f38000 recvbuff 0x415f75600 count 83612 datatype 0 op 0 root 0 comm 0x55f3ea289900 [nranks=2] stream 0x55f3ea28d6f0
c0b58536a5f1:1906493:1906493 [1] NCCL INFO AllGather: opCount 23 sendbuff 0x7fba533f9800 recvbuff 0x7fb84b5ff800 count 8 datatype 0 op 0 root 0 comm 0x55f3ea289900 [nranks=2] stream 0x55f3ea28d6f0
c0b58536a5f1:1906493:1906493 [1] NCCL INFO Send: opCount 24 sendbuff (nil) recvbuff 0x415f41a00 count 81543 datatype 1 op 0 root 0 comm 0x55f3ea289900 [nranks=2] stream 0x55f3ea28d6f0
c0b58536a5f1:1906493:1908436 [1] NCCL INFO Channel 00/1 : 1[1] -> 0[0] via P2P/CUMEM/read
c0b58536a5f1:1906493:1906965 [1] NCCL INFO New proxy send connection 65 from local rank 1, transport 0
c0b58536a5f1:1906493:1906965 [1] NCCL INFO proxyProgressAsync opId=0x7fb5d0006ff0 op.type=1 op.reqBuff=0x7fb92c00ba70 op.respSize=16 done
c0b58536a5f1:1906493:1908436 [1] NCCL INFO ncclPollProxyResponse Received new opId=0x7fb5d0006ff0
c0b58536a5f1:1906493:1908436 [1] NCCL INFO resp.opId=0x7fb5d0006ff0 matches expected opId=0x7fb5d0006ff0
c0b58536a5f1:1906493:1908436 [1] NCCL INFO Connected to proxy localRank 1 -> connection 0x7fb92c006db8
c0b58536a5f1:1906493:1906965 [1] NCCL INFO Received and initiated operation=Init res=0
c0b58536a5f1:1906493:1906965 [1] NCCL INFO Allocated shareable buffer 0x7fb8e7200000 size 6291456 ipcDesc 0x7fb92c03a460
c0b58536a5f1:1906493:1906965 [1] NCCL INFO proxyProgressAsync opId=0x7fb5d0006ff0 op.type=3 op.reqBuff=0x7fb92c038410 op.respSize=80 done
c0b58536a5f1:1906493:1908436 [1] NCCL INFO ncclPollProxyResponse Received new opId=0x7fb5d0006ff0
c0b58536a5f1:1906493:1906965 [1] NCCL INFO Received and initiated operation=Setup res=0
c0b58536a5f1:1906493:1908436 [1] NCCL INFO resp.opId=0x7fb5d0006ff0 matches expected opId=0x7fb5d0006ff0
c0b58536a5f1:1906493:1908436 [1] NCCL INFO Channel 01/1 : 1[1] -> 0[0] via P2P/CUMEM/read
c0b58536a5f1:1906493:1906965 [1] NCCL INFO New proxy send connection 66 from local rank 1, transport 0
c0b58536a5f1:1906493:1906965 [1] NCCL INFO proxyProgressAsync opId=0x7fb5d0006ff0 op.type=1 op.reqBuff=0x7fb92c038410 op.respSize=16 done
c0b58536a5f1:1906493:1908436 [1] NCCL INFO ncclPollProxyResponse Received new opId=0x7fb5d0006ff0
c0b58536a5f1:1906493:1906965 [1] NCCL INFO Received and initiated operation=Init res=0
c0b58536a5f1:1906493:1908436 [1] NCCL INFO resp.opId=0x7fb5d0006ff0 matches expected opId=0x7fb5d0006ff0
c0b58536a5f1:1906493:1908436 [1] NCCL INFO Connected to proxy localRank 1 -> connection 0x7fb92c006e30
c0b58536a5f1:1906493:1906965 [1] NCCL INFO Allocated shareable buffer 0x7fb8e7800000 size 6291456 ipcDesc 0x7fb92c03bd20
c0b58536a5f1:1906493:1906965 [1] NCCL INFO proxyProgressAsync opId=0x7fb5d0006ff0 op.type=3 op.reqBuff=0x7fb92c03bcf0 op.respSize=80 done
c0b58536a5f1:1906493:1908436 [1] NCCL INFO ncclPollProxyResponse Received new opId=0x7fb5d0006ff0
c0b58536a5f1:1906493:1906965 [1] NCCL INFO Received and initiated operation=Setup res=0
c0b58536a5f1:1906493:1908436 [1] NCCL INFO resp.opId=0x7fb5d0006ff0 matches expected opId=0x7fb5d0006ff0
c0b58536a5f1:1906493:1908436 [1] NCCL INFO Channel 02/1 : 1[1] -> 0[0] via P2P/CUMEM/read
c0b58536a5f1:1906493:1906965 [1] NCCL INFO New proxy send connection 67 from local rank 1, transport 0
c0b58536a5f1:1906493:1906965 [1] NCCL INFO proxyProgressAsync opId=0x7fb5d0006ff0 op.type=1 op.reqBuff=0x7fb92c03bcf0 op.respSize=16 done
c0b58536a5f1:1906493:1908436 [1] NCCL INFO ncclPollProxyResponse Received new opId=0x7fb5d0006ff0
c0b58536a5f1:1906493:1906965 [1] NCCL INFO Received and initiated operation=Init res=0
c0b58536a5f1:1906493:1908436 [1] NCCL INFO resp.opId=0x7fb5d0006ff0 matches expected opId=0x7fb5d0006ff0
c0b58536a5f1:1906493:1908436 [1] NCCL INFO Connected to proxy localRank 1 -> connection 0x7fb92c006ea8
c0b58536a5f1:1906493:1906965 [1] NCCL INFO Allocated shareable buffer 0x7fb8e7e00000 size 6291456 ipcDesc 0x7fb92c03d400
c0b58536a5f1:1906493:1906965 [1] NCCL INFO proxyProgressAsync opId=0x7fb5d0006ff0 op.type=3 op.reqBuff=0x7fb92c03d3d0 op.respSize=80 done
c0b58536a5f1:1906493:1908436 [1] NCCL INFO ncclPollProxyResponse Received new opId=0x7fb5d0006ff0
c0b58536a5f1:1906493:1906965 [1] NCCL INFO Received and initiated operation=Setup res=0
c0b58536a5f1:1906493:1908436 [1] NCCL INFO resp.opId=0x7fb5d0006ff0 matches expected opId=0x7fb5d0006ff0
c0b58536a5f1:1906493:1908436 [1] NCCL INFO Channel 03/1 : 1[1] -> 0[0] via P2P/CUMEM/read
c0b58536a5f1:1906493:1906965 [1] NCCL INFO New proxy send connection 68 from local rank 1, transport 0
c0b58536a5f1:1906493:1906965 [1] NCCL INFO proxyProgressAsync opId=0x7fb5d0006ff0 op.type=1 op.reqBuff=0x7fb92c03d3d0 op.respSize=16 done
c0b58536a5f1:1906493:1908436 [1] NCCL INFO ncclPollProxyResponse Received new opId=0x7fb5d0006ff0
c0b58536a5f1:1906493:1906965 [1] NCCL INFO Received and initiated operation=Init res=0
c0b58536a5f1:1906493:1908436 [1] NCCL INFO resp.opId=0x7fb5d0006ff0 matches expected opId=0x7fb5d0006ff0
c0b58536a5f1:1906493:1908436 [1] NCCL INFO Connected to proxy localRank 1 -> connection 0x7fb92c006f20
c0b58536a5f1:1906493:1906965 [1] NCCL INFO Allocated shareable buffer 0x7fb8e8400000 size 6291456 ipcDesc 0x7fb92c03eae0
c0b58536a5f1:1906493:1906965 [1] NCCL INFO proxyProgressAsync opId=0x7fb5d0006ff0 op.type=3 op.reqBuff=0x7fb92c03eab0 op.respSize=80 done
c0b58536a5f1:1906493:1908436 [1] NCCL INFO ncclPollProxyResponse Received new opId=0x7fb5d0006ff0
c0b58536a5f1:1906493:1908436 [1] NCCL INFO resp.opId=0x7fb5d0006ff0 matches expected opId=0x7fb5d0006ff0
c0b58536a5f1:1906493:1906965 [1] NCCL INFO Received and initiated operation=Setup res=0
c0b58536a5f1:1906493:1908436 [1] NCCL INFO Channel 04/1 : 1[1] -> 0[0] via P2P/CUMEM/read
c0b58536a5f1:1906493:1906965 [1] NCCL INFO New proxy send connection 69 from local rank 1, transport 0
c0b58536a5f1:1906493:1906965 [1] NCCL INFO proxyProgressAsync opId=0x7fb5d0006ff0 op.type=1 op.reqBuff=0x7fb92c03eab0 op.respSize=16 done
c0b58536a5f1:1906493:1908436 [1] NCCL INFO ncclPollProxyResponse Received new opId=0x7fb5d0006ff0
c0b58536a5f1:1906493:1906965 [1] NCCL INFO Received and initiated operation=Init res=0
c0b58536a5f1:1906493:1908436 [1] NCCL INFO resp.opId=0x7fb5d0006ff0 matches expected opId=0x7fb5d0006ff0
c0b58536a5f1:1906493:1908436 [1] NCCL INFO Connected to proxy localRank 1 -> connection 0x7fb92c006f98
c0b58536a5f1:1906493:1906965 [1] NCCL INFO Allocated shareable buffer 0x7fb8e8a00000 size 6291456 ipcDesc 0x7fb92c0401c0
c0b58536a5f1:1906493:1906965 [1] NCCL INFO proxyProgressAsync opId=0x7fb5d0006ff0 op.type=3 op.reqBuff=0x7fb92c040190 op.respSize=80 done
c0b58536a5f1:1906493:1908436 [1] NCCL INFO ncclPollProxyResponse Received new opId=0x7fb5d0006ff0
c0b58536a5f1:1906493:1908436 [1] NCCL INFO resp.opId=0x7fb5d0006ff0 matches expected opId=0x7fb5d0006ff0
c0b58536a5f1:1906493:1906965 [1] NCCL INFO Received and initiated operation=Setup res=0
c0b58536a5f1:1906493:1908436 [1] NCCL INFO Channel 05/1 : 1[1] -> 0[0] via P2P/CUMEM/read
c0b58536a5f1:1906493:1906965 [1] NCCL INFO New proxy send connection 70 from local rank 1, transport 0
c0b58536a5f1:1906493:1906965 [1] NCCL INFO proxyProgressAsync opId=0x7fb5d0006ff0 op.type=1 op.reqBuff=0x7fb92c040190 op.respSize=16 done
c0b58536a5f1:1906493:1908436 [1] NCCL INFO ncclPollProxyResponse Received new opId=0x7fb5d0006ff0
c0b58536a5f1:1906493:1906965 [1] NCCL INFO Received and initiated operation=Init res=0
c0b58536a5f1:1906493:1908436 [1] NCCL INFO resp.opId=0x7fb5d0006ff0 matches expected opId=0x7fb5d0006ff0
c0b58536a5f1:1906493:1908436 [1] NCCL INFO Connected to proxy localRank 1 -> connection 0x7fb92c007010
c0b58536a5f1:1906493:1906965 [1] NCCL INFO Allocated shareable buffer 0x7fb8e9000000 size 6291456 ipcDesc 0x7fb92c0418a0
c0b58536a5f1:1906493:1906965 [1] NCCL INFO proxyProgressAsync opId=0x7fb5d0006ff0 op.type=3 op.reqBuff=0x7fb92c041870 op.respSize=80 done
c0b58536a5f1:1906493:1908436 [1] NCCL INFO ncclPollProxyResponse Received new opId=0x7fb5d0006ff0
c0b58536a5f1:1906493:1906965 [1] NCCL INFO Received and initiated operation=Setup res=0
c0b58536a5f1:1906493:1908436 [1] NCCL INFO resp.opId=0x7fb5d0006ff0 matches expected opId=0x7fb5d0006ff0
c0b58536a5f1:1906493:1908436 [1] NCCL INFO Channel 06/1 : 1[1] -> 0[0] via P2P/CUMEM/read
c0b58536a5f1:1906493:1906965 [1] NCCL INFO New proxy send connection 71 from local rank 1, transport 0
c0b58536a5f1:1906493:1906965 [1] NCCL INFO proxyProgressAsync opId=0x7fb5d0006ff0 op.type=1 op.reqBuff=0x7fb92c041870 op.respSize=16 done
c0b58536a5f1:1906493:1908436 [1] NCCL INFO ncclPollProxyResponse Received new opId=0x7fb5d0006ff0
c0b58536a5f1:1906493:1906965 [1] NCCL INFO Received and initiated operation=Init res=0
c0b58536a5f1:1906493:1908436 [1] NCCL INFO resp.opId=0x7fb5d0006ff0 matches expected opId=0x7fb5d0006ff0
c0b58536a5f1:1906493:1908436 [1] NCCL INFO Connected to proxy localRank 1 -> connection 0x7fb92c007088
c0b58536a5f1:1906493:1906965 [1] NCCL INFO Allocated shareable buffer 0x7fb8e9600000 size 6291456 ipcDesc 0x7fb92c042f80
c0b58536a5f1:1906493:1906965 [1] NCCL INFO proxyProgressAsync opId=0x7fb5d0006ff0 op.type=3 op.reqBuff=0x7fb92c042f50 op.respSize=80 done
c0b58536a5f1:1906493:1908436 [1] NCCL INFO ncclPollProxyResponse Received new opId=0x7fb5d0006ff0
c0b58536a5f1:1906493:1906965 [1] NCCL INFO Received and initiated operation=Setup res=0
c0b58536a5f1:1906493:1908436 [1] NCCL INFO resp.opId=0x7fb5d0006ff0 matches expected opId=0x7fb5d0006ff0
c0b58536a5f1:1906493:1908436 [1] NCCL INFO Channel 07/1 : 1[1] -> 0[0] via P2P/CUMEM/read
c0b58536a5f1:1906493:1906965 [1] NCCL INFO New proxy send connection 72 from local rank 1, transport 0
c0b58536a5f1:1906493:1906965 [1] NCCL INFO proxyProgressAsync opId=0x7fb5d0006ff0 op.type=1 op.reqBuff=0x7fb92c042f50 op.respSize=16 done
c0b58536a5f1:1906493:1908436 [1] NCCL INFO ncclPollProxyResponse Received new opId=0x7fb5d0006ff0
c0b58536a5f1:1906493:1906965 [1] NCCL INFO Received and initiated operation=Init res=0
c0b58536a5f1:1906493:1908436 [1] NCCL INFO resp.opId=0x7fb5d0006ff0 matches expected opId=0x7fb5d0006ff0
c0b58536a5f1:1906493:1908436 [1] NCCL INFO Connected to proxy localRank 1 -> connection 0x7fb92c007100
c0b58536a5f1:1906493:1906965 [1] NCCL INFO Allocated shareable buffer 0x452000000 size 6291456 ipcDesc 0x7fb92c044520
c0b58536a5f1:1906493:1906965 [1] NCCL INFO proxyProgressAsync opId=0x7fb5d0006ff0 op.type=3 op.reqBuff=0x7fb92c0444f0 op.respSize=80 done
c0b58536a5f1:1906493:1908436 [1] NCCL INFO ncclPollProxyResponse Received new opId=0x7fb5d0006ff0
c0b58536a5f1:1906493:1908436 [1] NCCL INFO resp.opId=0x7fb5d0006ff0 matches expected opId=0x7fb5d0006ff0
c0b58536a5f1:1906493:1906965 [1] NCCL INFO Received and initiated operation=Setup res=0
c0b58536a5f1:1906493:1908436 [1] NCCL INFO Channel 08/1 : 1[1] -> 0[0] via P2P/CUMEM/read
c0b58536a5f1:1906493:1906965 [1] NCCL INFO New proxy send connection 73 from local rank 1, transport 0
c0b58536a5f1:1906493:1906965 [1] NCCL INFO proxyProgressAsync opId=0x7fb5d0006ff0 op.type=1 op.reqBuff=0x7fb92c0444f0 op.respSize=16 done
c0b58536a5f1:1906493:1908436 [1] NCCL INFO ncclPollProxyResponse Received new opId=0x7fb5d0006ff0
c0b58536a5f1:1906493:1906965 [1] NCCL INFO Received and initiated operation=Init res=0
c0b58536a5f1:1906493:1908436 [1] NCCL INFO resp.opId=0x7fb5d0006ff0 matches expected opId=0x7fb5d0006ff0
c0b58536a5f1:1906493:1908436 [1] NCCL INFO Connected to proxy localRank 1 -> connection 0x7fb92c007178
c0b58536a5f1:1906493:1906965 [1] NCCL INFO Allocated shareable buffer 0x452600000 size 6291456 ipcDesc 0x7fb92c045dd0
c0b58536a5f1:1906493:1906965 [1] NCCL INFO proxyProgressAsync opId=0x7fb5d0006ff0 op.type=3 op.reqBuff=0x7fb92c045da0 op.respSize=80 done
c0b58536a5f1:1906493:1908436 [1] NCCL INFO ncclPollProxyResponse Received new opId=0x7fb5d0006ff0
c0b58536a5f1:1906493:1906965 [1] NCCL INFO Received and initiated operation=Setup res=0
c0b58536a5f1:1906493:1908436 [1] NCCL INFO resp.opId=0x7fb5d0006ff0 matches expected opId=0x7fb5d0006ff0
c0b58536a5f1:1906493:1908436 [1] NCCL INFO Channel 09/1 : 1[1] -> 0[0] via P2P/CUMEM/read
c0b58536a5f1:1906493:1906965 [1] NCCL INFO New proxy send connection 74 from local rank 1, transport 0
c0b58536a5f1:1906493:1906965 [1] NCCL INFO proxyProgressAsync opId=0x7fb5d0006ff0 op.type=1 op.reqBuff=0x7fb92c045da0 op.respSize=16 done
c0b58536a5f1:1906493:1908436 [1] NCCL INFO ncclPollProxyResponse Received new opId=0x7fb5d0006ff0
c0b58536a5f1:1906493:1906965 [1] NCCL INFO Received and initiated operation=Init res=0
c0b58536a5f1:1906493:1908436 [1] NCCL INFO resp.opId=0x7fb5d0006ff0 matches expected opId=0x7fb5d0006ff0
c0b58536a5f1:1906493:1908436 [1] NCCL INFO Connected to proxy localRank 1 -> connection 0x7fb92c0071f0
c0b58536a5f1:1906493:1906965 [1] NCCL INFO Allocated shareable buffer 0x452c00000 size 6291456 ipcDesc 0x7fb92c0474b0
c0b58536a5f1:1906493:1906965 [1] NCCL INFO proxyProgressAsync opId=0x7fb5d0006ff0 op.type=3 op.reqBuff=0x7fb92c047480 op.respSize=80 done
c0b58536a5f1:1906493:1908436 [1] NCCL INFO ncclPollProxyResponse Received new opId=0x7fb5d0006ff0
c0b58536a5f1:1906493:1906965 [1] NCCL INFO Received and initiated operation=Setup res=0
c0b58536a5f1:1906493:1908436 [1] NCCL INFO resp.opId=0x7fb5d0006ff0 matches expected opId=0x7fb5d0006ff0
c0b58536a5f1:1906493:1908436 [1] NCCL INFO Channel 10/1 : 1[1] -> 0[0] via P2P/CUMEM/read
c0b58536a5f1:1906493:1906965 [1] NCCL INFO New proxy send connection 75 from local rank 1, transport 0
c0b58536a5f1:1906493:1906965 [1] NCCL INFO proxyProgressAsync opId=0x7fb5d0006ff0 op.type=1 op.reqBuff=0x7fb92c047480 op.respSize=16 done
c0b58536a5f1:1906493:1908436 [1] NCCL INFO ncclPollProxyResponse Received new opId=0x7fb5d0006ff0
c0b58536a5f1:1906493:1906965 [1] NCCL INFO Received and initiated operation=Init res=0
c0b58536a5f1:1906493:1908436 [1] NCCL INFO resp.opId=0x7fb5d0006ff0 matches expected opId=0x7fb5d0006ff0
c0b58536a5f1:1906493:1908436 [1] NCCL INFO Connected to proxy localRank 1 -> connection 0x7fb92c007268
c0b58536a5f1:1906493:1906965 [1] NCCL INFO Allocated shareable buffer 0x453200000 size 6291456 ipcDesc 0x7fb92c048b90
c0b58536a5f1:1906493:1906965 [1] NCCL INFO proxyProgressAsync opId=0x7fb5d0006ff0 op.type=3 op.reqBuff=0x7fb92c048b60 op.respSize=80 done
c0b58536a5f1:1906493:1908436 [1] NCCL INFO ncclPollProxyResponse Received new opId=0x7fb5d0006ff0
c0b58536a5f1:1906493:1908436 [1] NCCL INFO resp.opId=0x7fb5d0006ff0 matches expected opId=0x7fb5d0006ff0
c0b58536a5f1:1906493:1906965 [1] NCCL INFO Received and initiated operation=Setup res=0
c0b58536a5f1:1906493:1908436 [1] NCCL INFO Channel 11/1 : 1[1] -> 0[0] via P2P/CUMEM/read
c0b58536a5f1:1906493:1906965 [1] NCCL INFO New proxy send connection 76 from local rank 1, transport 0
c0b58536a5f1:1906493:1906965 [1] NCCL INFO proxyProgressAsync opId=0x7fb5d0006ff0 op.type=1 op.reqBuff=0x7fb92c048b60 op.respSize=16 done
c0b58536a5f1:1906493:1908436 [1] NCCL INFO ncclPollProxyResponse Received new opId=0x7fb5d0006ff0
c0b58536a5f1:1906493:1906965 [1] NCCL INFO Received and initiated operation=Init res=0
c0b58536a5f1:1906493:1908436 [1] NCCL INFO resp.opId=0x7fb5d0006ff0 matches expected opId=0x7fb5d0006ff0
c0b58536a5f1:1906493:1908436 [1] NCCL INFO Connected to proxy localRank 1 -> connection 0x7fb92c0072e0
c0b58536a5f1:1906493:1906965 [1] NCCL INFO Allocated shareable buffer 0x453800000 size 6291456 ipcDesc 0x7fb92c04a270
c0b58536a5f1:1906493:1906965 [1] NCCL INFO proxyProgressAsync opId=0x7fb5d0006ff0 op.type=3 op.reqBuff=0x7fb92c04a240 op.respSize=80 done
c0b58536a5f1:1906493:1908436 [1] NCCL INFO ncclPollProxyResponse Received new opId=0x7fb5d0006ff0
c0b58536a5f1:1906493:1908436 [1] NCCL INFO resp.opId=0x7fb5d0006ff0 matches expected opId=0x7fb5d0006ff0
c0b58536a5f1:1906493:1906965 [1] NCCL INFO Received and initiated operation=Setup res=0
c0b58536a5f1:1906493:1908436 [1] NCCL INFO Channel 12/1 : 1[1] -> 0[0] via P2P/CUMEM/read
c0b58536a5f1:1906493:1906965 [1] NCCL INFO New proxy send connection 77 from local rank 1, transport 0
c0b58536a5f1:1906493:1906965 [1] NCCL INFO proxyProgressAsync opId=0x7fb5d0006ff0 op.type=1 op.reqBuff=0x7fb92c04a240 op.respSize=16 done
c0b58536a5f1:1906493:1908436 [1] NCCL INFO ncclPollProxyResponse Received new opId=0x7fb5d0006ff0
c0b58536a5f1:1906493:1906965 [1] NCCL INFO Received and initiated operation=Init res=0
c0b58536a5f1:1906493:1908436 [1] NCCL INFO resp.opId=0x7fb5d0006ff0 matches expected opId=0x7fb5d0006ff0
c0b58536a5f1:1906493:1908436 [1] NCCL INFO Connected to proxy localRank 1 -> connection 0x7fb92c007358
c0b58536a5f1:1906493:1906965 [1] NCCL INFO Allocated shareable buffer 0x454000000 size 6291456 ipcDesc 0x7fb92c04b950
c0b58536a5f1:1906493:1906965 [1] NCCL INFO proxyProgressAsync opId=0x7fb5d0006ff0 op.type=3 op.reqBuff=0x7fb92c04b920 op.respSize=80 done
c0b58536a5f1:1906493:1908436 [1] NCCL INFO ncclPollProxyResponse Received new opId=0x7fb5d0006ff0
c0b58536a5f1:1906493:1906965 [1] NCCL INFO Received and initiated operation=Setup res=0
c0b58536a5f1:1906493:1908436 [1] NCCL INFO resp.opId=0x7fb5d0006ff0 matches expected opId=0x7fb5d0006ff0
c0b58536a5f1:1906493:1908436 [1] NCCL INFO Channel 13/1 : 1[1] -> 0[0] via P2P/CUMEM/read
c0b58536a5f1:1906493:1906965 [1] NCCL INFO New proxy send connection 78 from local rank 1, transport 0
c0b58536a5f1:1906493:1906965 [1] NCCL INFO proxyProgressAsync opId=0x7fb5d0006ff0 op.type=1 op.reqBuff=0x7fb92c04b920 op.respSize=16 done
c0b58536a5f1:1906493:1908436 [1] NCCL INFO ncclPollProxyResponse Received new opId=0x7fb5d0006ff0
c0b58536a5f1:1906493:1906965 [1] NCCL INFO Received and initiated operation=Init res=0
c0b58536a5f1:1906493:1908436 [1] NCCL INFO resp.opId=0x7fb5d0006ff0 matches expected opId=0x7fb5d0006ff0
c0b58536a5f1:1906493:1908436 [1] NCCL INFO Connected to proxy localRank 1 -> connection 0x7fb92c0073d0
c0b58536a5f1:1906493:1906965 [1] NCCL INFO Allocated shareable buffer 0x454600000 size 6291456 ipcDesc 0x7fb92c04d480
c0b58536a5f1:1906493:1906965 [1] NCCL INFO proxyProgressAsync opId=0x7fb5d0006ff0 op.type=3 op.reqBuff=0x7fb92c04d450 op.respSize=80 done
c0b58536a5f1:1906493:1908436 [1] NCCL INFO ncclPollProxyResponse Received new opId=0x7fb5d0006ff0
c0b58536a5f1:1906493:1906965 [1] NCCL INFO Received and initiated operation=Setup res=0
c0b58536a5f1:1906493:1908436 [1] NCCL INFO resp.opId=0x7fb5d0006ff0 matches expected opId=0x7fb5d0006ff0
c0b58536a5f1:1906493:1908436 [1] NCCL INFO Channel 14/1 : 1[1] -> 0[0] via P2P/CUMEM/read
c0b58536a5f1:1906493:1906965 [1] NCCL INFO New proxy send connection 79 from local rank 1, transport 0
c0b58536a5f1:1906493:1906965 [1] NCCL INFO proxyProgressAsync opId=0x7fb5d0006ff0 op.type=1 op.reqBuff=0x7fb92c04d450 op.respSize=16 done
c0b58536a5f1:1906493:1908436 [1] NCCL INFO ncclPollProxyResponse Received new opId=0x7fb5d0006ff0
c0b58536a5f1:1906493:1906965 [1] NCCL INFO Received and initiated operation=Init res=0
c0b58536a5f1:1906493:1908436 [1] NCCL INFO resp.opId=0x7fb5d0006ff0 matches expected opId=0x7fb5d0006ff0
c0b58536a5f1:1906493:1908436 [1] NCCL INFO Connected to proxy localRank 1 -> connection 0x7fb92c007448
c0b58536a5f1:1906493:1906965 [1] NCCL INFO Allocated shareable buffer 0x454c00000 size 6291456 ipcDesc 0x7fb92c04eb60
c0b58536a5f1:1906493:1906965 [1] NCCL INFO proxyProgressAsync opId=0x7fb5d0006ff0 op.type=3 op.reqBuff=0x7fb92c04eb30 op.respSize=80 done
c0b58536a5f1:1906493:1908436 [1] NCCL INFO ncclPollProxyResponse Received new opId=0x7fb5d0006ff0
c0b58536a5f1:1906493:1908436 [1] NCCL INFO resp.opId=0x7fb5d0006ff0 matches expected opId=0x7fb5d0006ff0
c0b58536a5f1:1906493:1906965 [1] NCCL INFO Received and initiated operation=Setup res=0
c0b58536a5f1:1906493:1908436 [1] NCCL INFO Channel 15/1 : 1[1] -> 0[0] via P2P/CUMEM/read
c0b58536a5f1:1906493:1906965 [1] NCCL INFO New proxy send connection 80 from local rank 1, transport 0
c0b58536a5f1:1906493:1906965 [1] NCCL INFO proxyProgressAsync opId=0x7fb5d0006ff0 op.type=1 op.reqBuff=0x7fb92c04eb30 op.respSize=16 done
c0b58536a5f1:1906493:1908436 [1] NCCL INFO ncclPollProxyResponse Received new opId=0x7fb5d0006ff0
c0b58536a5f1:1906493:1906965 [1] NCCL INFO Received and initiated operation=Init res=0
c0b58536a5f1:1906493:1908436 [1] NCCL INFO resp.opId=0x7fb5d0006ff0 matches expected opId=0x7fb5d0006ff0
c0b58536a5f1:1906493:1908436 [1] NCCL INFO Connected to proxy localRank 1 -> connection 0x7fb92c0074c0
c0b58536a5f1:1906493:1906965 [1] NCCL INFO Allocated shareable buffer 0x455200000 size 6291456 ipcDesc 0x7fb92c050240
c0b58536a5f1:1906493:1906965 [1] NCCL INFO proxyProgressAsync opId=0x7fb5d0006ff0 op.type=3 op.reqBuff=0x7fb92c050210 op.respSize=80 done
c0b58536a5f1:1906493:1908436 [1] NCCL INFO ncclPollProxyResponse Received new opId=0x7fb5d0006ff0
c0b58536a5f1:1906493:1908436 [1] NCCL INFO resp.opId=0x7fb5d0006ff0 matches expected opId=0x7fb5d0006ff0
c0b58536a5f1:1906493:1906965 [1] NCCL INFO Received and initiated operation=Setup res=0
c0b58536a5f1:1906493:1908436 [1] NCCL INFO ncclPollProxyResponse Received new opId=0x7fb5d0006ff0
c0b58536a5f1:1906493:1908436 [1] NCCL INFO resp.opId=0x7fb5d0006ff0 matches expected opId=0x7fb5d0006ff0
c0b58536a5f1:1906493:1908436 [1] NCCL INFO Connected to proxy localRank 0 -> connection 0x7fe2c0007548
c0b58536a5f1:1906493:1906965 [1] NCCL INFO New proxy send connection 81 from local rank 0, transport 0
c0b58536a5f1:1906493:1906965 [1] NCCL INFO proxyProgressAsync opId=0x7fe034000bd0 op.type=1 op.reqBuff=0x7fb92c050210 op.respSize=16 done
c0b58536a5f1:1906493:1906965 [1] NCCL INFO Received and initiated operation=Init res=0
c0b58536a5f1:1906493:1906965 [1] NCCL INFO UDS proxyGetFd received handle 0x7fb92c03a4b0 peer 0 opId 4071a29045aa5b58
c0b58536a5f1:1906493:1908436 [1] NCCL INFO ncclPollProxyResponse Received new opId=0x3921231f5b4f0b65
c0b58536a5f1:1906493:1908436 [1] NCCL INFO resp.opId=0x3921231f5b4f0b65 matches expected opId=0x3921231f5b4f0b65
c0b58536a5f1:1906493:1908436 [1] NCCL INFO UDS converted handle 0x7fe2c003a4c0 to fd 217 on remote peer 0
c0b58536a5f1:1906493:1906965 [1] NCCL INFO proxyProgressAsync opId=0x4071a29045aa5b58 op.type=9 op.reqBuff=0x7fb92c0518f0 op.respSize=0 done
c0b58536a5f1:1906493:1906965 [1] NCCL INFO Received and initiated operation=GetFd res=0
c0b58536a5f1:1906493:1908436 [1] NCCL INFO Imported shareable buffer device 1 size 6291456 ptr 0x455800000
c0b58536a5f1:1906493:1908436 [1] NCCL INFO ncclPollProxyResponse Received new opId=0x7fb5d0006ff0
c0b58536a5f1:1906493:1908436 [1] NCCL INFO resp.opId=0x7fb5d0006ff0 matches expected opId=0x7fb5d0006ff0
c0b58536a5f1:1906493:1908436 [1] NCCL INFO Connected to proxy localRank 0 -> connection 0x7fe2c00075c0
c0b58536a5f1:1906493:1906965 [1] NCCL INFO New proxy send connection 82 from local rank 0, transport 0
c0b58536a5f1:1906493:1906965 [1] NCCL INFO proxyProgressAsync opId=0x7fe034000bd0 op.type=1 op.reqBuff=0x7fb92c0518f0 op.respSize=16 done
c0b58536a5f1:1906493:1906965 [1] NCCL INFO Received and initiated operation=Init res=0
c0b58536a5f1:1906493:1906965 [1] NCCL INFO UDS proxyGetFd received handle 0x7fb92c03bd70 peer 0 opId 31538dc43b006f7f
c0b58536a5f1:1906493:1908436 [1] NCCL INFO ncclPollProxyResponse Received new opId=0x4fb7ef640e023c72
c0b58536a5f1:1906493:1908436 [1] NCCL INFO resp.opId=0x4fb7ef640e023c72 matches expected opId=0x4fb7ef640e023c72
c0b58536a5f1:1906493:1908436 [1] NCCL INFO UDS converted handle 0x7fe2c003bd80 to fd 216 on remote peer 0
c0b58536a5f1:1906493:1906965 [1] NCCL INFO proxyProgressAsync opId=0x31538dc43b006f7f op.type=9 op.reqBuff=0x7fb92c050210 op.respSize=0 done
c0b58536a5f1:1906493:1906965 [1] NCCL INFO Received and initiated operation=GetFd res=0
c0b58536a5f1:1906493:1908436 [1] NCCL INFO Imported shareable buffer device 1 size 6291456 ptr 0x456000000
c0b58536a5f1:1906493:1908436 [1] NCCL INFO ncclPollProxyResponse Received new opId=0x7fb5d0006ff0
c0b58536a5f1:1906493:1908436 [1] NCCL INFO resp.opId=0x7fb5d0006ff0 matches expected opId=0x7fb5d0006ff0
c0b58536a5f1:1906493:1908436 [1] NCCL INFO Connected to proxy localRank 0 -> connection 0x7fe2c0007638
c0b58536a5f1:1906493:1906965 [1] NCCL INFO New proxy send connection 83 from local rank 0, transport 0
c0b58536a5f1:1906493:1906965 [1] NCCL INFO proxyProgressAsync opId=0x7fe034000bd0 op.type=1 op.reqBuff=0x7fb92c050210 op.respSize=16 done
c0b58536a5f1:1906493:1906965 [1] NCCL INFO Received and initiated operation=Init res=0
c0b58536a5f1:1906493:1906965 [1] NCCL INFO UDS proxyGetFd received handle 0x7fb92c03d450 peer 0 opId 5c019bcd258640ac
c0b58536a5f1:1906493:1908436 [1] NCCL INFO ncclPollProxyResponse Received new opId=0x768b19ec6ceeab4e
c0b58536a5f1:1906493:1908436 [1] NCCL INFO resp.opId=0x768b19ec6ceeab4e matches expected opId=0x768b19ec6ceeab4e
c0b58536a5f1:1906493:1908436 [1] NCCL INFO UDS converted handle 0x7fe2c003d630 to fd 216 on remote peer 0
c0b58536a5f1:1906493:1906965 [1] NCCL INFO proxyProgressAsync opId=0x5c019bcd258640ac op.type=9 op.reqBuff=0x7fb92c0518f0 op.respSize=0 done
c0b58536a5f1:1906493:1906965 [1] NCCL INFO Received and initiated operation=GetFd res=0
c0b58536a5f1:1906493:1908436 [1] NCCL INFO Imported shareable buffer device 1 size 6291456 ptr 0x456600000
c0b58536a5f1:1906493:1908436 [1] NCCL INFO ncclPollProxyResponse Received new opId=0x7fb5d0006ff0
c0b58536a5f1:1906493:1908436 [1] NCCL INFO resp.opId=0x7fb5d0006ff0 matches expected opId=0x7fb5d0006ff0
c0b58536a5f1:1906493:1908436 [1] NCCL INFO Connected to proxy localRank 0 -> connection 0x7fe2c00076b0
c0b58536a5f1:1906493:1906965 [1] NCCL INFO New proxy send connection 84 from local rank 0, transport 0
c0b58536a5f1:1906493:1906965 [1] NCCL INFO proxyProgressAsync opId=0x7fe034000bd0 op.type=1 op.reqBuff=0x7fb92c0518f0 op.respSize=16 done
c0b58536a5f1:1906493:1906965 [1] NCCL INFO Received and initiated operation=Init res=0
c0b58536a5f1:1906493:1906965 [1] NCCL INFO UDS proxyGetFd received handle 0x7fb92c03eb30 peer 0 opId 2860048d6c3ae68b
c0b58536a5f1:1906493:1908436 [1] NCCL INFO ncclPollProxyResponse Received new opId=0x3a963f197cbe53e3
c0b58536a5f1:1906493:1908436 [1] NCCL INFO resp.opId=0x3a963f197cbe53e3 matches expected opId=0x3a963f197cbe53e3
c0b58536a5f1:1906493:1908436 [1] NCCL INFO UDS converted handle 0x7fe2c003ed10 to fd 216 on remote peer 0
c0b58536a5f1:1906493:1906965 [1] NCCL INFO proxyProgressAsync opId=0x2860048d6c3ae68b op.type=9 op.reqBuff=0x7fb92c050210 op.respSize=0 done
c0b58536a5f1:1906493:1906965 [1] NCCL INFO Received and initiated operation=GetFd res=0
c0b58536a5f1:1906493:1908436 [1] NCCL INFO Imported shareable buffer device 1 size 6291456 ptr 0x456c00000
c0b58536a5f1:1906493:1908436 [1] NCCL INFO ncclPollProxyResponse Received new opId=0x7fb5d0006ff0
c0b58536a5f1:1906493:1908436 [1] NCCL INFO resp.opId=0x7fb5d0006ff0 matches expected opId=0x7fb5d0006ff0
c0b58536a5f1:1906493:1908436 [1] NCCL INFO Connected to proxy localRank 0 -> connection 0x7fe2c0007728
c0b58536a5f1:1906493:1906965 [1] NCCL INFO New proxy send connection 85 from local rank 0, transport 0
c0b58536a5f1:1906493:1906965 [1] NCCL INFO proxyProgressAsync opId=0x7fe034000bd0 op.type=1 op.reqBuff=0x7fb92c050210 op.respSize=16 done
c0b58536a5f1:1906493:1906965 [1] NCCL INFO Received and initiated operation=Init res=0
c0b58536a5f1:1906493:1906965 [1] NCCL INFO UDS proxyGetFd received handle 0x7fb92c040210 peer 0 opId 13bd874c28db3409
c0b58536a5f1:1906493:1908436 [1] NCCL INFO ncclPollProxyResponse Received new opId=0x722bd8e928bbb5a7
c0b58536a5f1:1906493:1908436 [1] NCCL INFO resp.opId=0x722bd8e928bbb5a7 matches expected opId=0x722bd8e928bbb5a7
c0b58536a5f1:1906493:1908436 [1] NCCL INFO UDS converted handle 0x7fe2c00403f0 to fd 216 on remote peer 0
c0b58536a5f1:1906493:1906965 [1] NCCL INFO proxyProgressAsync opId=0x13bd874c28db3409 op.type=9 op.reqBuff=0x7fb92c0518f0 op.respSize=0 done
c0b58536a5f1:1906493:1906965 [1] NCCL INFO Received and initiated operation=GetFd res=0
c0b58536a5f1:1906493:1908436 [1] NCCL INFO Imported shareable buffer device 1 size 6291456 ptr 0x457200000
c0b58536a5f1:1906493:1908436 [1] NCCL INFO ncclPollProxyResponse Received new opId=0x7fb5d0006ff0
c0b58536a5f1:1906493:1908436 [1] NCCL INFO resp.opId=0x7fb5d0006ff0 matches expected opId=0x7fb5d0006ff0
c0b58536a5f1:1906493:1908436 [1] NCCL INFO Connected to proxy localRank 0 -> connection 0x7fe2c00077a0
c0b58536a5f1:1906493:1906965 [1] NCCL INFO New proxy send connection 86 from local rank 0, transport 0
c0b58536a5f1:1906493:1906965 [1] NCCL INFO proxyProgressAsync opId=0x7fe034000bd0 op.type=1 op.reqBuff=0x7fb92c0518f0 op.respSize=16 done
c0b58536a5f1:1906493:1906965 [1] NCCL INFO Received and initiated operation=Init res=0
c0b58536a5f1:1906493:1906965 [1] NCCL INFO UDS proxyGetFd received handle 0x7fb92c0418f0 peer 0 opId 7f3b8fd53928f4ec
c0b58536a5f1:1906493:1908436 [1] NCCL INFO ncclPollProxyResponse Received new opId=0x5292728d618b488a
c0b58536a5f1:1906493:1908436 [1] NCCL INFO resp.opId=0x5292728d618b488a matches expected opId=0x5292728d618b488a
c0b58536a5f1:1906493:1908436 [1] NCCL INFO UDS converted handle 0x7fe2c0041ad0 to fd 216 on remote peer 0
c0b58536a5f1:1906493:1906965 [1] NCCL INFO proxyProgressAsync opId=0x7f3b8fd53928f4ec op.type=9 op.reqBuff=0x7fb92c050210 op.respSize=0 done
c0b58536a5f1:1906493:1906965 [1] NCCL INFO Received and initiated operation=GetFd res=0
c0b58536a5f1:1906493:1908436 [1] NCCL INFO Imported shareable buffer device 1 size 6291456 ptr 0x457800000
c0b58536a5f1:1906493:1908436 [1] NCCL INFO ncclPollProxyResponse Received new opId=0x7fb5d0006ff0
c0b58536a5f1:1906493:1908436 [1] NCCL INFO resp.opId=0x7fb5d0006ff0 matches expected opId=0x7fb5d0006ff0
c0b58536a5f1:1906493:1908436 [1] NCCL INFO Connected to proxy localRank 0 -> connection 0x7fe2c0007818
c0b58536a5f1:1906493:1908436 [1] NCCL INFO ncclPollProxyResponse Received new opId=0x40e47830584feb58
c0b58536a5f1:1906493:1908436 [1] NCCL INFO resp.opId=0x40e47830584feb58 matches expected opId=0x40e47830584feb58
c0b58536a5f1:1906493:1908436 [1] NCCL INFO UDS converted handle 0x7fe2c00431b0 to fd 216 on remote peer 0
c0b58536a5f1:1906493:1906965 [1] NCCL INFO New proxy send connection 87 from local rank 0, transport 0
c0b58536a5f1:1906493:1906965 [1] NCCL INFO proxyProgressAsync opId=0x7fe034000bd0 op.type=1 op.reqBuff=0x7fb92c050210 op.respSize=16 done
c0b58536a5f1:1906493:1906965 [1] NCCL INFO Received and initiated operation=Init res=0
c0b58536a5f1:1906493:1906965 [1] NCCL INFO UDS proxyGetFd received handle 0x7fb92c042fd0 peer 0 opId 2db1186a67262d95
c0b58536a5f1:1906493:1906965 [1] NCCL INFO proxyProgressAsync opId=0x2db1186a67262d95 op.type=9 op.reqBuff=0x7fb92c0518f0 op.respSize=0 done
c0b58536a5f1:1906493:1906965 [1] NCCL INFO Received and initiated operation=GetFd res=0
c0b58536a5f1:1906493:1908436 [1] NCCL INFO Imported shareable buffer device 1 size 6291456 ptr 0x458000000
c0b58536a5f1:1906493:1908436 [1] NCCL INFO ncclPollProxyResponse Received new opId=0x7fb5d0006ff0
c0b58536a5f1:1906493:1908436 [1] NCCL INFO resp.opId=0x7fb5d0006ff0 matches expected opId=0x7fb5d0006ff0
c0b58536a5f1:1906493:1908436 [1] NCCL INFO Connected to proxy localRank 0 -> connection 0x7fe2c0007890
c0b58536a5f1:1906493:1906965 [1] NCCL INFO New proxy send connection 88 from local rank 0, transport 0
c0b58536a5f1:1906493:1906965 [1] NCCL INFO proxyProgressAsync opId=0x7fe034000bd0 op.type=1 op.reqBuff=0x7fb92c0518f0 op.respSize=16 done
c0b58536a5f1:1906493:1906965 [1] NCCL INFO Received and initiated operation=Init res=0
c0b58536a5f1:1906493:1906965 [1] NCCL INFO UDS proxyGetFd received handle 0x7fb92c044570 peer 0 opId 68316c270b351e1b
c0b58536a5f1:1906493:1908436 [1] NCCL INFO ncclPollProxyResponse Received new opId=0x381bc8b77f668b5c
c0b58536a5f1:1906493:1908436 [1] NCCL INFO resp.opId=0x381bc8b77f668b5c matches expected opId=0x381bc8b77f668b5c
c0b58536a5f1:1906493:1908436 [1] NCCL INFO UDS converted handle 0x7fe2c0044ce0 to fd 216 on remote peer 0
c0b58536a5f1:1906493:1906965 [1] NCCL INFO proxyProgressAsync opId=0x68316c270b351e1b op.type=9 op.reqBuff=0x7fb92c050210 op.respSize=0 done
c0b58536a5f1:1906493:1906965 [1] NCCL INFO Received and initiated operation=GetFd res=0
c0b58536a5f1:1906493:1908436 [1] NCCL INFO Imported shareable buffer device 1 size 6291456 ptr 0x458600000
c0b58536a5f1:1906493:1908436 [1] NCCL INFO ncclPollProxyResponse Received new opId=0x7fb5d0006ff0
c0b58536a5f1:1906493:1908436 [1] NCCL INFO resp.opId=0x7fb5d0006ff0 matches expected opId=0x7fb5d0006ff0
c0b58536a5f1:1906493:1908436 [1] NCCL INFO Connected to proxy localRank 0 -> connection 0x7fe2c0007908
c0b58536a5f1:1906493:1906965 [1] NCCL INFO New proxy send connection 89 from local rank 0, transport 0
c0b58536a5f1:1906493:1906965 [1] NCCL INFO proxyProgressAsync opId=0x7fe034000bd0 op.type=1 op.reqBuff=0x7fb92c050210 op.respSize=16 done
c0b58536a5f1:1906493:1906965 [1] NCCL INFO Received and initiated operation=Init res=0
c0b58536a5f1:1906493:1906965 [1] NCCL INFO UDS proxyGetFd received handle 0x7fb92c045e20 peer 0 opId 1252650b4aa354e7
c0b58536a5f1:1906493:1908436 [1] NCCL INFO ncclPollProxyResponse Received new opId=0x5f420f5f0d54e3d1
c0b58536a5f1:1906493:1908436 [1] NCCL INFO resp.opId=0x5f420f5f0d54e3d1 matches expected opId=0x5f420f5f0d54e3d1
c0b58536a5f1:1906493:1908436 [1] NCCL INFO UDS converted handle 0x7fe2c00463c0 to fd 216 on remote peer 0
c0b58536a5f1:1906493:1906965 [1] NCCL INFO proxyProgressAsync opId=0x1252650b4aa354e7 op.type=9 op.reqBuff=0x7fb92c0518f0 op.respSize=0 done
c0b58536a5f1:1906493:1906965 [1] NCCL INFO Received and initiated operation=GetFd res=0
c0b58536a5f1:1906493:1908436 [1] NCCL INFO Imported shareable buffer device 1 size 6291456 ptr 0x458c00000
c0b58536a5f1:1906493:1908436 [1] NCCL INFO ncclPollProxyResponse Received new opId=0x7fb5d0006ff0
c0b58536a5f1:1906493:1908436 [1] NCCL INFO resp.opId=0x7fb5d0006ff0 matches expected opId=0x7fb5d0006ff0
c0b58536a5f1:1906493:1908436 [1] NCCL INFO Connected to proxy localRank 0 -> connection 0x7fe2c0007980
c0b58536a5f1:1906493:1906965 [1] NCCL INFO New proxy send connection 90 from local rank 0, transport 0
c0b58536a5f1:1906493:1906965 [1] NCCL INFO proxyProgressAsync opId=0x7fe034000bd0 op.type=1 op.reqBuff=0x7fb92c0518f0 op.respSize=16 done
c0b58536a5f1:1906493:1906965 [1] NCCL INFO Received and initiated operation=Init res=0
c0b58536a5f1:1906493:1906965 [1] NCCL INFO UDS proxyGetFd received handle 0x7fb92c047500 peer 0 opId 1664a3c231eddbe6
c0b58536a5f1:1906493:1908436 [1] NCCL INFO ncclPollProxyResponse Received new opId=0x6d0b2ffb0db5c109
c0b58536a5f1:1906493:1908436 [1] NCCL INFO resp.opId=0x6d0b2ffb0db5c109 matches expected opId=0x6d0b2ffb0db5c109
c0b58536a5f1:1906493:1908436 [1] NCCL INFO UDS converted handle 0x7fe2c0047aa0 to fd 216 on remote peer 0
c0b58536a5f1:1906493:1906965 [1] NCCL INFO proxyProgressAsync opId=0x1664a3c231eddbe6 op.type=9 op.reqBuff=0x7fb92c050210 op.respSize=0 done
c0b58536a5f1:1906493:1906965 [1] NCCL INFO Received and initiated operation=GetFd res=0
c0b58536a5f1:1906493:1908436 [1] NCCL INFO Imported shareable buffer device 1 size 6291456 ptr 0x459200000
c0b58536a5f1:1906493:1908436 [1] NCCL INFO ncclPollProxyResponse Received new opId=0x7fb5d0006ff0
c0b58536a5f1:1906493:1908436 [1] NCCL INFO resp.opId=0x7fb5d0006ff0 matches expected opId=0x7fb5d0006ff0
c0b58536a5f1:1906493:1908436 [1] NCCL INFO Connected to proxy localRank 0 -> connection 0x7fe2c00079f8
c0b58536a5f1:1906493:1906965 [1] NCCL INFO New proxy send connection 91 from local rank 0, transport 0
c0b58536a5f1:1906493:1906965 [1] NCCL INFO proxyProgressAsync opId=0x7fe034000bd0 op.type=1 op.reqBuff=0x7fb92c050210 op.respSize=16 done
c0b58536a5f1:1906493:1906965 [1] NCCL INFO Received and initiated operation=Init res=0
c0b58536a5f1:1906493:1906965 [1] NCCL INFO UDS proxyGetFd received handle 0x7fb92c048be0 peer 0 opId 17c7dace1fb27490
c0b58536a5f1:1906493:1908436 [1] NCCL INFO ncclPollProxyResponse Received new opId=0x4a32c1955d3def2e
c0b58536a5f1:1906493:1908436 [1] NCCL INFO resp.opId=0x4a32c1955d3def2e matches expected opId=0x4a32c1955d3def2e
c0b58536a5f1:1906493:1908436 [1] NCCL INFO UDS converted handle 0x7fe2c0049180 to fd 216 on remote peer 0
c0b58536a5f1:1906493:1906965 [1] NCCL INFO proxyProgressAsync opId=0x17c7dace1fb27490 op.type=9 op.reqBuff=0x7fb92c0518f0 op.respSize=0 done
c0b58536a5f1:1906493:1906965 [1] NCCL INFO Received and initiated operation=GetFd res=0
c0b58536a5f1:1906493:1908436 [1] NCCL INFO Imported shareable buffer device 1 size 6291456 ptr 0x459800000
c0b58536a5f1:1906493:1908436 [1] NCCL INFO ncclPollProxyResponse Received new opId=0x7fb5d0006ff0
c0b58536a5f1:1906493:1908436 [1] NCCL INFO resp.opId=0x7fb5d0006ff0 matches expected opId=0x7fb5d0006ff0
c0b58536a5f1:1906493:1908436 [1] NCCL INFO Connected to proxy localRank 0 -> connection 0x7fe2c0007a70
c0b58536a5f1:1906493:1908436 [1] NCCL INFO ncclPollProxyResponse Received new opId=0x15b522c44bf73612
c0b58536a5f1:1906493:1908436 [1] NCCL INFO resp.opId=0x15b522c44bf73612 matches expected opId=0x15b522c44bf73612
c0b58536a5f1:1906493:1908436 [1] NCCL INFO UDS converted handle 0x7fe2c004a860 to fd 216 on remote peer 0
c0b58536a5f1:1906493:1906965 [1] NCCL INFO New proxy send connection 92 from local rank 0, transport 0
c0b58536a5f1:1906493:1906965 [1] NCCL INFO proxyProgressAsync opId=0x7fe034000bd0 op.type=1 op.reqBuff=0x7fb92c0518f0 op.respSize=16 done
c0b58536a5f1:1906493:1906965 [1] NCCL INFO Received and initiated operation=Init res=0
c0b58536a5f1:1906493:1906965 [1] NCCL INFO UDS proxyGetFd received handle 0x7fb92c04a2c0 peer 0 opId 3f846fcc70289f75
c0b58536a5f1:1906493:1906965 [1] NCCL INFO proxyProgressAsync opId=0x3f846fcc70289f75 op.type=9 op.reqBuff=0x7fb92c050210 op.respSize=0 done
c0b58536a5f1:1906493:1906965 [1] NCCL INFO Received and initiated operation=GetFd res=0
c0b58536a5f1:1906493:1908436 [1] NCCL INFO Imported shareable buffer device 1 size 6291456 ptr 0x45a000000
c0b58536a5f1:1906493:1908436 [1] NCCL INFO ncclPollProxyResponse Received new opId=0x7fb5d0006ff0
c0b58536a5f1:1906493:1908436 [1] NCCL INFO resp.opId=0x7fb5d0006ff0 matches expected opId=0x7fb5d0006ff0
c0b58536a5f1:1906493:1908436 [1] NCCL INFO Connected to proxy localRank 0 -> connection 0x7fe2c0007ae8
c0b58536a5f1:1906493:1906965 [1] NCCL INFO New proxy send connection 93 from local rank 0, transport 0
c0b58536a5f1:1906493:1906965 [1] NCCL INFO proxyProgressAsync opId=0x7fe034000bd0 op.type=1 op.reqBuff=0x7fb92c050210 op.respSize=16 done
c0b58536a5f1:1906493:1906965 [1] NCCL INFO Received and initiated operation=Init res=0
c0b58536a5f1:1906493:1906965 [1] NCCL INFO UDS proxyGetFd received handle 0x7fb92c04b9a0 peer 0 opId 1d7a6ccf3d735f88
c0b58536a5f1:1906493:1908436 [1] NCCL INFO ncclPollProxyResponse Received new opId=0x4bb471a5754fba91
c0b58536a5f1:1906493:1908436 [1] NCCL INFO resp.opId=0x4bb471a5754fba91 matches expected opId=0x4bb471a5754fba91
c0b58536a5f1:1906493:1908436 [1] NCCL INFO UDS converted handle 0x7fe2c004c390 to fd 216 on remote peer 0
c0b58536a5f1:1906493:1906965 [1] NCCL INFO proxyProgressAsync opId=0x1d7a6ccf3d735f88 op.type=9 op.reqBuff=0x7fb92c0518f0 op.respSize=0 done
c0b58536a5f1:1906493:1906965 [1] NCCL INFO Received and initiated operation=GetFd res=0
c0b58536a5f1:1906493:1908436 [1] NCCL INFO Imported shareable buffer device 1 size 6291456 ptr 0x45a600000
c0b58536a5f1:1906493:1908436 [1] NCCL INFO ncclPollProxyResponse Received new opId=0x7fb5d0006ff0
c0b58536a5f1:1906493:1908436 [1] NCCL INFO resp.opId=0x7fb5d0006ff0 matches expected opId=0x7fb5d0006ff0
c0b58536a5f1:1906493:1908436 [1] NCCL INFO Connected to proxy localRank 0 -> connection 0x7fe2c0007b60
c0b58536a5f1:1906493:1906965 [1] NCCL INFO New proxy send connection 94 from local rank 0, transport 0
c0b58536a5f1:1906493:1906965 [1] NCCL INFO proxyProgressAsync opId=0x7fe034000bd0 op.type=1 op.reqBuff=0x7fb92c0518f0 op.respSize=16 done
c0b58536a5f1:1906493:1906965 [1] NCCL INFO Received and initiated operation=Init res=0
c0b58536a5f1:1906493:1906965 [1] NCCL INFO UDS proxyGetFd received handle 0x7fb92c04d4d0 peer 0 opId 6cffba2e46bc7f43
c0b58536a5f1:1906493:1908436 [1] NCCL INFO ncclPollProxyResponse Received new opId=0x3ad655e418a737dc
c0b58536a5f1:1906493:1908436 [1] NCCL INFO resp.opId=0x3ad655e418a737dc matches expected opId=0x3ad655e418a737dc
c0b58536a5f1:1906493:1908436 [1] NCCL INFO UDS converted handle 0x7fe2c004da70 to fd 216 on remote peer 0
c0b58536a5f1:1906493:1906965 [1] NCCL INFO proxyProgressAsync opId=0x6cffba2e46bc7f43 op.type=9 op.reqBuff=0x7fb92c050210 op.respSize=0 done
c0b58536a5f1:1906493:1906965 [1] NCCL INFO Received and initiated operation=GetFd res=0
c0b58536a5f1:1906493:1908436 [1] NCCL INFO Imported shareable buffer device 1 size 6291456 ptr 0x45ac00000
c0b58536a5f1:1906493:1908436 [1] NCCL INFO ncclPollProxyResponse Received new opId=0x7fb5d0006ff0
c0b58536a5f1:1906493:1908436 [1] NCCL INFO resp.opId=0x7fb5d0006ff0 matches expected opId=0x7fb5d0006ff0
c0b58536a5f1:1906493:1908436 [1] NCCL INFO Connected to proxy localRank 0 -> connection 0x7fe2c0007bd8
c0b58536a5f1:1906493:1906965 [1] NCCL INFO New proxy send connection 95 from local rank 0, transport 0
c0b58536a5f1:1906493:1906965 [1] NCCL INFO proxyProgressAsync opId=0x7fe034000bd0 op.type=1 op.reqBuff=0x7fb92c050210 op.respSize=16 done
c0b58536a5f1:1906493:1906965 [1] NCCL INFO Received and initiated operation=Init res=0
c0b58536a5f1:1906493:1906965 [1] NCCL INFO UDS proxyGetFd received handle 0x7fb92c04ebb0 peer 0 opId 2dd8269643fa2feb
c0b58536a5f1:1906493:1908436 [1] NCCL INFO ncclPollProxyResponse Received new opId=0x1bf9b74118deaec7
c0b58536a5f1:1906493:1908436 [1] NCCL INFO resp.opId=0x1bf9b74118deaec7 matches expected opId=0x1bf9b74118deaec7
c0b58536a5f1:1906493:1908436 [1] NCCL INFO UDS converted handle 0x7fe2c004f150 to fd 216 on remote peer 0
c0b58536a5f1:1906493:1906965 [1] NCCL INFO proxyProgressAsync opId=0x2dd8269643fa2feb op.type=9 op.reqBuff=0x7fb92c0518f0 op.respSize=0 done
c0b58536a5f1:1906493:1906965 [1] NCCL INFO Received and initiated operation=GetFd res=0
c0b58536a5f1:1906493:1908436 [1] NCCL INFO Imported shareable buffer device 1 size 6291456 ptr 0x45b200000
c0b58536a5f1:1906493:1908436 [1] NCCL INFO ncclPollProxyResponse Received new opId=0x7fb5d0006ff0
c0b58536a5f1:1906493:1908436 [1] NCCL INFO resp.opId=0x7fb5d0006ff0 matches expected opId=0x7fb5d0006ff0
c0b58536a5f1:1906493:1908436 [1] NCCL INFO Connected to proxy localRank 0 -> connection 0x7fe2c0007c50
c0b58536a5f1:1906493:1906965 [1] NCCL INFO New proxy send connection 96 from local rank 0, transport 0
c0b58536a5f1:1906493:1906965 [1] NCCL INFO proxyProgressAsync opId=0x7fe034000bd0 op.type=1 op.reqBuff=0x7fb92c0518f0 op.respSize=16 done
c0b58536a5f1:1906493:1906965 [1] NCCL INFO Received and initiated operation=Init res=0
c0b58536a5f1:1906493:1906965 [1] NCCL INFO UDS proxyGetFd received handle 0x7fb92c050290 peer 0 opId 3d0a473a6e49c927
c0b58536a5f1:1906493:1908436 [1] NCCL INFO ncclPollProxyResponse Received new opId=0x3b760d75551ada60
c0b58536a5f1:1906493:1908436 [1] NCCL INFO resp.opId=0x3b760d75551ada60 matches expected opId=0x3b760d75551ada60
c0b58536a5f1:1906493:1908436 [1] NCCL INFO UDS converted handle 0x7fe2c0050830 to fd 216 on remote peer 0
c0b58536a5f1:1906493:1906965 [1] NCCL INFO proxyProgressAsync opId=0x3d0a473a6e49c927 op.type=9 op.reqBuff=0x7fb92c050210 op.respSize=0 done
c0b58536a5f1:1906493:1906965 [1] NCCL INFO Received and initiated operation=GetFd res=0
c0b58536a5f1:1906493:1908436 [1] NCCL INFO Imported shareable buffer device 1 size 6291456 ptr 0x45b800000
c0b58536a5f1:1906493:1906493 [1] NCCL INFO AllGather: opCount 25 sendbuff 0x7fba533f9800 recvbuff 0x7fb84b5ff800 count 8 datatype 0 op 0 root 0 comm 0x55f3ea289900 [nranks=2] stream 0x55f3ea28d6f0
c0b58536a5f1:1906493:1906493 [1] NCCL INFO AllGather: opCount 26 sendbuff 0x415f42400 recvbuff 0x7fb84b480000 count 158869 datatype 0 op 0 root 0 comm 0x55f3ea289900 [nranks=2] stream 0x55f3ea28d6f0

c0b58536a5f1:1906493:1908410 [0] misc/argcheck.cc:30 NCCL WARN Send : comm argument is NULL
c0b58536a5f1:1906493:1908410 [0] NCCL INFO enqueue.cc:1603 -> 4
c0b58536a5f1:1906493:1908410 [0] NCCL INFO group.cc:95 -> 4

c0b58536a5f1:1906493:1908409 [0] misc/argcheck.cc:30 NCCL WARN Recv : comm argument is NULL
c0b58536a5f1:1906493:1908409 [0] NCCL INFO enqueue.cc:1603 -> 4
c0b58536a5f1:1906493:1908409 [0] NCCL INFO group.cc:95 -> 4

c0b58536a5f1:1906493:1908408 [0] misc/argcheck.cc:30 NCCL WARN Send : comm argument is NULL
c0b58536a5f1:1906493:1908408 [0] NCCL INFO enqueue.cc:1603 -> 4
c0b58536a5f1:1906493:1908408 [0] NCCL INFO group.cc:95 -> 4

c0b58536a5f1:1906493:1908411 [0] misc/argcheck.cc:30 NCCL WARN Recv : comm argument is NULL
c0b58536a5f1:1906493:1908411 [0] NCCL INFO enqueue.cc:1603 -> 4
c0b58536a5f1:1906493:1908411 [0] NCCL INFO group.cc:95 -> 4

c0b58536a5f1:1906493:1908408 [0] misc/argcheck.cc:30 NCCL WARN Send : comm argument is NULL
c0b58536a5f1:1906493:1908408 [0] NCCL INFO enqueue.cc:1603 -> 4

c0b58536a5f1:1906493:1908410 [0] misc/argcheck.cc:30 NCCL WARN Send : comm argument is NULL
c0b58536a5f1:1906493:1908410 [0] NCCL INFO enqueue.cc:1603 -> 4
c0b58536a5f1:1906493:1908410 [0] NCCL INFO group.cc:95 -> 4

c0b58536a5f1:1906493:1908409 [0] misc/argcheck.cc:30 NCCL WARN Recv : comm argument is NULL
c0b58536a5f1:1906493:1908409 [0] NCCL INFO enqueue.cc:1603 -> 4
c0b58536a5f1:1906493:1908409 [0] NCCL INFO group.cc:95 -> 4

c0b58536a5f1:1906493:1908411 [0] misc/argcheck.cc:30 NCCL WARN Recv : comm argument is NULL
c0b58536a5f1:1906493:1908411 [0] NCCL INFO enqueue.cc:1603 -> 4
c0b58536a5f1:1906493:1908411 [0] NCCL INFO group.cc:95 -> 4
c0b58536a5f1:1906493:1908408 [0] NCCL INFO group.cc:95 -> 4

c0b58536a5f1:1906493:1908410 [0] misc/argcheck.cc:30 NCCL WARN Send : comm argument is NULL
c0b58536a5f1:1906493:1908410 [0] NCCL INFO enqueue.cc:1603 -> 4
c0b58536a5f1:1906493:1908410 [0] NCCL INFO group.cc:95 -> 4

c0b58536a5f1:1906493:1908411 [0] misc/argcheck.cc:30 NCCL WARN Recv : comm argument is NULL
c0b58536a5f1:1906493:1908411 [0] NCCL INFO enqueue.cc:1603 -> 4
c0b58536a5f1:1906493:1908411 [0] NCCL INFO group.cc:95 -> 4

c0b58536a5f1:1906493:1908409 [0] misc/argcheck.cc:30 NCCL WARN Recv : comm argument is NULL
c0b58536a5f1:1906493:1908409 [0] NCCL INFO enqueue.cc:1603 -> 4
c0b58536a5f1:1906493:1908409 [0] NCCL INFO group.cc:95 -> 4

c0b58536a5f1:1906493:1908408 [0] misc/argcheck.cc:30 NCCL WARN Send : comm argument is NULL
c0b58536a5f1:1906493:1908408 [0] NCCL INFO enqueue.cc:1603 -> 4
c0b58536a5f1:1906493:1908408 [0] NCCL INFO group.cc:95 -> 4

c0b58536a5f1:1906493:1908408 [0] misc/argcheck.cc:30 NCCL WARN Send : comm argument is NULL
c0b58536a5f1:1906493:1908408 [0] NCCL INFO enqueue.cc:1603 -> 4
c0b58536a5f1:1906493:1908408 [0] NCCL INFO group.cc:95 -> 4

c0b58536a5f1:1906493:1908411 [0] misc/argcheck.cc:30 NCCL WARN Recv : comm argument is NULL
c0b58536a5f1:1906493:1908411 [0] NCCL INFO enqueue.cc:1603 -> 4
c0b58536a5f1:1906493:1908411 [0] NCCL INFO group.cc:95 -> 4

c0b58536a5f1:1906493:1908409 [0] misc/argcheck.cc:30 NCCL WARN Recv : comm argument is NULL
c0b58536a5f1:1906493:1908409 [0] NCCL INFO enqueue.cc:1603 -> 4
c0b58536a5f1:1906493:1908409 [0] NCCL INFO group.cc:95 -> 4

c0b58536a5f1:1906493:1908410 [0] misc/argcheck.cc:30 NCCL WARN Send : comm argument is NULL
c0b58536a5f1:1906493:1908410 [0] NCCL INFO enqueue.cc:1603 -> 4
c0b58536a5f1:1906493:1908410 [0] NCCL INFO group.cc:95 -> 4

c0b58536a5f1:1906493:1908408 [0] misc/argcheck.cc:30 NCCL WARN Send : comm argument is NULL
c0b58536a5f1:1906493:1908408 [0] NCCL INFO enqueue.cc:1603 -> 4
c0b58536a5f1:1906493:1908408 [0] NCCL INFO group.cc:95 -> 4

c0b58536a5f1:1906493:1908409 [0] misc/argcheck.cc:30 NCCL WARN Recv : comm argument is NULL
c0b58536a5f1:1906493:1908409 [0] NCCL INFO enqueue.cc:1603 -> 4
c0b58536a5f1:1906493:1908409 [0] NCCL INFO group.cc:95 -> 4

c0b58536a5f1:1906493:1908411 [0] misc/argcheck.cc:30 NCCL WARN Recv : comm argument is NULL
c0b58536a5f1:1906493:1908411 [0] NCCL INFO enqueue.cc:1603 -> 4
c0b58536a5f1:1906493:1908411 [0] NCCL INFO group.cc:95 -> 4

c0b58536a5f1:1906493:1908410 [0] misc/argcheck.cc:30 NCCL WARN Send : comm argument is NULL
c0b58536a5f1:1906493:1908410 [0] NCCL INFO enqueue.cc:1603 -> 4
c0b58536a5f1:1906493:1908410 [0] NCCL INFO group.cc:95 -> 4

c0b58536a5f1:1906493:1908408 [0] misc/argcheck.cc:30 NCCL WARN Send : comm argument is NULL
c0b58536a5f1:1906493:1908408 [0] NCCL INFO enqueue.cc:1603 -> 4
c0b58536a5f1:1906493:1908408 [0] NCCL INFO group.cc:95 -> 4

c0b58536a5f1:1906493:1908409 [0] misc/argcheck.cc:30 NCCL WARN Recv : comm argument is NULL
c0b58536a5f1:1906493:1908409 [0] NCCL INFO enqueue.cc:1603 -> 4
c0b58536a5f1:1906493:1908409 [0] NCCL INFO group.cc:95 -> 4

c0b58536a5f1:1906493:1908410 [0] misc/argcheck.cc:30 NCCL WARN Send : comm argument is NULL
c0b58536a5f1:1906493:1908410 [0] NCCL INFO enqueue.cc:1603 -> 4
c0b58536a5f1:1906493:1908410 [0] NCCL INFO group.cc:95 -> 4

c0b58536a5f1:1906493:1908411 [0] misc/argcheck.cc:30 NCCL WARN Recv : comm argument is NULL
c0b58536a5f1:1906493:1908411 [0] NCCL INFO enqueue.cc:1603 -> 4
c0b58536a5f1:1906493:1908411 [0] NCCL INFO group.cc:95 -> 4

c0b58536a5f1:1906493:1908408 [0] misc/argcheck.cc:30 NCCL WARN Send : comm argument is NULL

c0b58536a5f1:1906493:1908410 [0] misc/argcheck.cc:30 NCCL WARN Send : comm argument is NULL
c0b58536a5f1:1906493:1908410 [0] NCCL INFO enqueue.cc:1603 -> 4
c0b58536a5f1:1906493:1908410 [0] NCCL INFO group.cc:95 -> 4

c0b58536a5f1:1906493:1908409 [0] misc/argcheck.cc:30 NCCL WARN Recv : comm argument is NULL
c0b58536a5f1:1906493:1908409 [0] NCCL INFO enqueue.cc:1603 -> 4
c0b58536a5f1:1906493:1908409 [0] NCCL INFO group.cc:95 -> 4
c0b58536a5f1:1906493:1908408 [0] NCCL INFO enqueue.cc:1603 -> 4
c0b58536a5f1:1906493:1908408 [0] NCCL INFO group.cc:95 -> 4

c0b58536a5f1:1906493:1908411 [0] misc/argcheck.cc:30 NCCL WARN Recv : comm argument is NULL
c0b58536a5f1:1906493:1908411 [0] NCCL INFO enqueue.cc:1603 -> 4
c0b58536a5f1:1906493:1908411 [0] NCCL INFO group.cc:95 -> 4

c0b58536a5f1:1906493:1908408 [0] misc/argcheck.cc:30 NCCL WARN Send : comm argument is NULL
c0b58536a5f1:1906493:1908408 [0] NCCL INFO enqueue.cc:1603 -> 4
c0b58536a5f1:1906493:1908408 [0] NCCL INFO group.cc:95 -> 4

c0b58536a5f1:1906493:1908409 [0] misc/argcheck.cc:30 NCCL WARN Recv : comm argument is NULL
c0b58536a5f1:1906493:1908409 [0] NCCL INFO enqueue.cc:1603 -> 4
c0b58536a5f1:1906493:1908409 [0] NCCL INFO group.cc:95 -> 4

c0b58536a5f1:1906493:1908410 [0] misc/argcheck.cc:30 NCCL WARN Send : comm argument is NULL
c0b58536a5f1:1906493:1908410 [0] NCCL INFO enqueue.cc:1603 -> 4
c0b58536a5f1:1906493:1908410 [0] NCCL INFO group.cc:95 -> 4

c0b58536a5f1:1906493:1908411 [0] misc/argcheck.cc:30 NCCL WARN Recv : comm argument is NULL
c0b58536a5f1:1906493:1908411 [0] NCCL INFO enqueue.cc:1603 -> 4
c0b58536a5f1:1906493:1908411 [0] NCCL INFO group.cc:95 -> 4

c0b58536a5f1:1906493:1908408 [0] misc/argcheck.cc:30 NCCL WARN Send : comm argument is NULL
c0b58536a5f1:1906493:1908408 [0] NCCL INFO enqueue.cc:1603 -> 4
c0b58536a5f1:1906493:1908408 [0] NCCL INFO group.cc:95 -> 4

c0b58536a5f1:1906493:1908410 [0] misc/argcheck.cc:30 NCCL WARN Send : comm argument is NULL
c0b58536a5f1:1906493:1908410 [0] NCCL INFO enqueue.cc:1603 -> 4
c0b58536a5f1:1906493:1908410 [0] NCCL INFO group.cc:95 -> 4

c0b58536a5f1:1906493:1908409 [0] misc/argcheck.cc:30 NCCL WARN Recv : comm argument is NULL
c0b58536a5f1:1906493:1908409 [0] NCCL INFO enqueue.cc:1603 -> 4
c0b58536a5f1:1906493:1908409 [0] NCCL INFO group.cc:95 -> 4

c0b58536a5f1:1906493:1908411 [0] misc/argcheck.cc:30 NCCL WARN Recv : comm argument is NULL
c0b58536a5f1:1906493:1908411 [0] NCCL INFO enqueue.cc:1603 -> 4
c0b58536a5f1:1906493:1908411 [0] NCCL INFO group.cc:95 -> 4

c0b58536a5f1:1906493:1908408 [0] misc/argcheck.cc:30 NCCL WARN Send : comm argument is NULL
c0b58536a5f1:1906493:1908408 [0] NCCL INFO enqueue.cc:1603 -> 4
c0b58536a5f1:1906493:1908408 [0] NCCL INFO group.cc:95 -> 4

c0b58536a5f1:1906493:1908411 [0] misc/argcheck.cc:30 NCCL WARN Recv : comm argument is NULL
c0b58536a5f1:1906493:1908411 [0] NCCL INFO enqueue.cc:1603 -> 4
c0b58536a5f1:1906493:1908411 [0] NCCL INFO group.cc:95 -> 4

c0b58536a5f1:1906493:1908409 [0] misc/argcheck.cc:30 NCCL WARN Recv : comm argument is NULL
c0b58536a5f1:1906493:1908409 [0] NCCL INFO enqueue.cc:1603 -> 4
c0b58536a5f1:1906493:1908409 [0] NCCL INFO group.cc:95 -> 4

c0b58536a5f1:1906493:1908410 [0] misc/argcheck.cc:30 NCCL WARN Send : comm argument is NULL
c0b58536a5f1:1906493:1908410 [0] NCCL INFO enqueue.cc:1603 -> 4
c0b58536a5f1:1906493:1908410 [0] NCCL INFO group.cc:95 -> 4

c0b58536a5f1:1906493:1908408 [0] misc/argcheck.cc:30 NCCL WARN Send : comm argument is NULL

c0b58536a5f1:1906493:1908410 [0] misc/argcheck.cc:30 NCCL WARN Send : comm argument is NULL
c0b58536a5f1:1906493:1908410 [0] NCCL INFO enqueue.cc:1603 -> 4
c0b58536a5f1:1906493:1908410 [0] NCCL INFO group.cc:95 -> 4

c0b58536a5f1:1906493:1908409 [0] misc/argcheck.cc:30 NCCL WARN Recv : comm argument is NULL
c0b58536a5f1:1906493:1908409 [0] NCCL INFO enqueue.cc:1603 -> 4
c0b58536a5f1:1906493:1908409 [0] NCCL INFO group.cc:95 -> 4

c0b58536a5f1:1906493:1908411 [0] misc/argcheck.cc:30 NCCL WARN Recv : comm argument is NULL
c0b58536a5f1:1906493:1908411 [0] NCCL INFO enqueue.cc:1603 -> 4
c0b58536a5f1:1906493:1908411 [0] NCCL INFO group.cc:95 -> 4
c0b58536a5f1:1906493:1908408 [0] NCCL INFO enqueue.cc:1603 -> 4
c0b58536a5f1:1906493:1908408 [0] NCCL INFO group.cc:95 -> 4

c0b58536a5f1:1906493:1908410 [0] misc/argcheck.cc:30 NCCL WARN Send : comm argument is NULL
c0b58536a5f1:1906493:1908410 [0] NCCL INFO enqueue.cc:1603 -> 4
c0b58536a5f1:1906493:1908410 [0] NCCL INFO group.cc:95 -> 4

c0b58536a5f1:1906493:1908411 [0] misc/argcheck.cc:30 NCCL WARN Recv : comm argument is NULL
c0b58536a5f1:1906493:1908411 [0] NCCL INFO enqueue.cc:1603 -> 4
c0b58536a5f1:1906493:1908411 [0] NCCL INFO group.cc:95 -> 4

c0b58536a5f1:1906493:1908409 [0] misc/argcheck.cc:30 NCCL WARN Recv : comm argument is NULL
c0b58536a5f1:1906493:1908409 [0] NCCL INFO enqueue.cc:1603 -> 4
c0b58536a5f1:1906493:1908409 [0] NCCL INFO group.cc:95 -> 4

c0b58536a5f1:1906493:1908408 [0] misc/argcheck.cc:30 NCCL WARN Send : comm argument is NULL
c0b58536a5f1:1906493:1908408 [0] NCCL INFO enqueue.cc:1603 -> 4
c0b58536a5f1:1906493:1908408 [0] NCCL INFO group.cc:95 -> 4

c0b58536a5f1:1906493:1908408 [0] misc/argcheck.cc:30 NCCL WARN Send : comm argument is NULL

c0b58536a5f1:1906493:1908410 [0] misc/argcheck.cc:30 NCCL WARN Send : comm argument is NULL
c0b58536a5f1:1906493:1908410 [0] NCCL INFO enqueue.cc:1603 -> 4
c0b58536a5f1:1906493:1908410 [0] NCCL INFO group.cc:95 -> 4

c0b58536a5f1:1906493:1908409 [0] misc/argcheck.cc:30 NCCL WARN Recv : comm argument is NULL
c0b58536a5f1:1906493:1908409 [0] NCCL INFO enqueue.cc:1603 -> 4
c0b58536a5f1:1906493:1908409 [0] NCCL INFO group.cc:95 -> 4

c0b58536a5f1:1906493:1908411 [0] misc/argcheck.cc:30 NCCL WARN Recv : comm argument is NULL
c0b58536a5f1:1906493:1908411 [0] NCCL INFO enqueue.cc:1603 -> 4
c0b58536a5f1:1906493:1908411 [0] NCCL INFO group.cc:95 -> 4
c0b58536a5f1:1906493:1908408 [0] NCCL INFO enqueue.cc:1603 -> 4
c0b58536a5f1:1906493:1908408 [0] NCCL INFO group.cc:95 -> 4

c0b58536a5f1:1906493:1908410 [0] misc/argcheck.cc:30 NCCL WARN Send : comm argument is NULL
c0b58536a5f1:1906493:1908410 [0] NCCL INFO enqueue.cc:1603 -> 4
c0b58536a5f1:1906493:1908410 [0] NCCL INFO group.cc:95 -> 4

c0b58536a5f1:1906493:1908409 [0] misc/argcheck.cc:30 NCCL WARN Recv : comm argument is NULL
c0b58536a5f1:1906493:1908409 [0] NCCL INFO enqueue.cc:1603 -> 4
c0b58536a5f1:1906493:1908409 [0] NCCL INFO group.cc:95 -> 4

c0b58536a5f1:1906493:1908411 [0] misc/argcheck.cc:30 NCCL WARN Recv : comm argument is NULL
c0b58536a5f1:1906493:1908411 [0] NCCL INFO enqueue.cc:1603 -> 4
c0b58536a5f1:1906493:1908411 [0] NCCL INFO group.cc:95 -> 4

c0b58536a5f1:1906493:1908408 [0] misc/argcheck.cc:30 NCCL WARN Send : comm argument is NULL
c0b58536a5f1:1906493:1908408 [0] NCCL INFO enqueue.cc:1603 -> 4
c0b58536a5f1:1906493:1908408 [0] NCCL INFO group.cc:95 -> 4

c0b58536a5f1:1906493:1908408 [0] misc/argcheck.cc:30 NCCL WARN Send : comm argument is NULL

c0b58536a5f1:1906493:1908410 [0] misc/argcheck.cc:30 NCCL WARN Send : comm argument is NULL
c0b58536a5f1:1906493:1908410 [0] NCCL INFO enqueue.cc:1603 -> 4
c0b58536a5f1:1906493:1908410 [0] NCCL INFO group.cc:95 -> 4

c0b58536a5f1:1906493:1908411 [0] misc/argcheck.cc:30 NCCL WARN Recv : comm argument is NULL
c0b58536a5f1:1906493:1908411 [0] NCCL INFO enqueue.cc:1603 -> 4
c0b58536a5f1:1906493:1908411 [0] NCCL INFO group.cc:95 -> 4

c0b58536a5f1:1906493:1908409 [0] misc/argcheck.cc:30 NCCL WARN Recv : comm argument is NULL
c0b58536a5f1:1906493:1908409 [0] NCCL INFO enqueue.cc:1603 -> 4
c0b58536a5f1:1906493:1908409 [0] NCCL INFO group.cc:95 -> 4
c0b58536a5f1:1906493:1908408 [0] NCCL INFO enqueue.cc:1603 -> 4
c0b58536a5f1:1906493:1908408 [0] NCCL INFO group.cc:95 -> 4

c0b58536a5f1:1906493:1908408 [0] misc/argcheck.cc:30 NCCL WARN Send : comm argument is NULL
c0b58536a5f1:1906493:1908408 [0] NCCL INFO enqueue.cc:1603 -> 4
c0b58536a5f1:1906493:1908408 [0] NCCL INFO group.cc:95 -> 4

c0b58536a5f1:1906493:1908411 [0] misc/argcheck.cc:30 NCCL WARN Recv : comm argument is NULL
c0b58536a5f1:1906493:1908411 [0] NCCL INFO enqueue.cc:1603 -> 4
c0b58536a5f1:1906493:1908411 [0] NCCL INFO group.cc:95 -> 4

c0b58536a5f1:1906493:1908409 [0] misc/argcheck.cc:30 NCCL WARN Recv : comm argument is NULL
c0b58536a5f1:1906493:1908409 [0] NCCL INFO enqueue.cc:1603 -> 4
c0b58536a5f1:1906493:1908409 [0] NCCL INFO group.cc:95 -> 4

c0b58536a5f1:1906493:1908410 [0] misc/argcheck.cc:30 NCCL WARN Send : comm argument is NULL
c0b58536a5f1:1906493:1908410 [0] NCCL INFO enqueue.cc:1603 -> 4
c0b58536a5f1:1906493:1908410 [0] NCCL INFO group.cc:95 -> 4

c0b58536a5f1:1906493:1908411 [0] misc/argcheck.cc:30 NCCL WARN Recv : comm argument is NULL
c0b58536a5f1:1906493:1908411 [0] NCCL INFO enqueue.cc:1603 -> 4
c0b58536a5f1:1906493:1908411 [0] NCCL INFO group.cc:95 -> 4

c0b58536a5f1:1906493:1908408 [0] misc/argcheck.cc:30 NCCL WARN Send : comm argument is NULL
c0b58536a5f1:1906493:1908408 [0] NCCL INFO enqueue.cc:1603 -> 4
c0b58536a5f1:1906493:1908408 [0] NCCL INFO group.cc:95 -> 4

c0b58536a5f1:1906493:1908409 [0] misc/argcheck.cc:30 NCCL WARN Recv : comm argument is NULL
c0b58536a5f1:1906493:1908409 [0] NCCL INFO enqueue.cc:1603 -> 4
c0b58536a5f1:1906493:1908409 [0] NCCL INFO group.cc:95 -> 4

c0b58536a5f1:1906493:1908410 [0] misc/argcheck.cc:30 NCCL WARN Send : comm argument is NULL
c0b58536a5f1:1906493:1908410 [0] NCCL INFO enqueue.cc:1603 -> 4
c0b58536a5f1:1906493:1908410 [0] NCCL INFO group.cc:95 -> 4

c0b58536a5f1:1906493:1908408 [0] misc/argcheck.cc:30 NCCL WARN Send : comm argument is NULL
c0b58536a5f1:1906493:1908408 [0] NCCL INFO enqueue.cc:1603 -> 4
c0b58536a5f1:1906493:1908408 [0] NCCL INFO group.cc:95 -> 4

c0b58536a5f1:1906493:1908410 [0] misc/argcheck.cc:30 NCCL WARN Send : comm argument is NULL
c0b58536a5f1:1906493:1908410 [0] NCCL INFO enqueue.cc:1603 -> 4
c0b58536a5f1:1906493:1908410 [0] NCCL INFO group.cc:95 -> 4

c0b58536a5f1:1906493:1908409 [0] misc/argcheck.cc:30 NCCL WARN Recv : comm argument is NULL
c0b58536a5f1:1906493:1908409 [0] NCCL INFO enqueue.cc:1603 -> 4
c0b58536a5f1:1906493:1908409 [0] NCCL INFO group.cc:95 -> 4

c0b58536a5f1:1906493:1908411 [0] misc/argcheck.cc:30 NCCL WARN Recv : comm argument is NULL
c0b58536a5f1:1906493:1908411 [0] NCCL INFO enqueue.cc:1603 -> 4
c0b58536a5f1:1906493:1908411 [0] NCCL INFO group.cc:95 -> 4

c0b58536a5f1:1906493:1908408 [0] misc/argcheck.cc:30 NCCL WARN Send : comm argument is NULL
c0b58536a5f1:1906493:1908408 [0] NCCL INFO enqueue.cc:1603 -> 4
c0b58536a5f1:1906493:1908408 [0] NCCL INFO group.cc:95 -> 4

c0b58536a5f1:1906493:1908409 [0] misc/argcheck.cc:30 NCCL WARN Recv : comm argument is NULL
c0b58536a5f1:1906493:1908409 [0] NCCL INFO enqueue.cc:1603 -> 4
c0b58536a5f1:1906493:1908409 [0] NCCL INFO group.cc:95 -> 4

c0b58536a5f1:1906493:1908410 [0] misc/argcheck.cc:30 NCCL WARN Send : comm argument is NULL
c0b58536a5f1:1906493:1908410 [0] NCCL INFO enqueue.cc:1603 -> 4
c0b58536a5f1:1906493:1908410 [0] NCCL INFO group.cc:95 -> 4

c0b58536a5f1:1906493:1908411 [0] misc/argcheck.cc:30 NCCL WARN Recv : comm argument is NULL
c0b58536a5f1:1906493:1908411 [0] NCCL INFO enqueue.cc:1603 -> 4
c0b58536a5f1:1906493:1908411 [0] NCCL INFO group.cc:95 -> 4

c0b58536a5f1:1906493:1908408 [0] misc/argcheck.cc:30 NCCL WARN Send : comm argument is NULL
c0b58536a5f1:1906493:1908408 [0] NCCL INFO enqueue.cc:1603 -> 4
c0b58536a5f1:1906493:1908408 [0] NCCL INFO group.cc:95 -> 4

c0b58536a5f1:1906493:1908409 [0] misc/argcheck.cc:30 NCCL WARN Recv : comm argument is NULL
c0b58536a5f1:1906493:1908409 [0] NCCL INFO enqueue.cc:1603 -> 4
c0b58536a5f1:1906493:1908409 [0] NCCL INFO group.cc:95 -> 4

c0b58536a5f1:1906493:1908410 [0] misc/argcheck.cc:30 NCCL WARN Send : comm argument is NULL
c0b58536a5f1:1906493:1908410 [0] NCCL INFO enqueue.cc:1603 -> 4
c0b58536a5f1:1906493:1908410 [0] NCCL INFO group.cc:95 -> 4

c0b58536a5f1:1906493:1908411 [0] misc/argcheck.cc:30 NCCL WARN Recv : comm argument is NULL
c0b58536a5f1:1906493:1908411 [0] NCCL INFO enqueue.cc:1603 -> 4
c0b58536a5f1:1906493:1908411 [0] NCCL INFO group.cc:95 -> 4

c0b58536a5f1:1906493:1908408 [0] misc/argcheck.cc:30 NCCL WARN Send : comm argument is NULL
c0b58536a5f1:1906493:1908408 [0] NCCL INFO enqueue.cc:1603 -> 4
c0b58536a5f1:1906493:1908408 [0] NCCL INFO group.cc:95 -> 4

c0b58536a5f1:1906493:1908409 [0] misc/argcheck.cc:30 NCCL WARN Recv : comm argument is NULL
c0b58536a5f1:1906493:1908409 [0] NCCL INFO enqueue.cc:1603 -> 4
c0b58536a5f1:1906493:1908409 [0] NCCL INFO group.cc:95 -> 4

c0b58536a5f1:1906493:1908411 [0] misc/argcheck.cc:30 NCCL WARN Recv : comm argument is NULL
c0b58536a5f1:1906493:1908411 [0] NCCL INFO enqueue.cc:1603 -> 4
c0b58536a5f1:1906493:1908411 [0] NCCL INFO group.cc:95 -> 4

c0b58536a5f1:1906493:1908410 [0] misc/argcheck.cc:30 NCCL WARN Send : comm argument is NULL
c0b58536a5f1:1906493:1908410 [0] NCCL INFO enqueue.cc:1603 -> 4
c0b58536a5f1:1906493:1908410 [0] NCCL INFO group.cc:95 -> 4

c0b58536a5f1:1906493:1908410 [0] misc/argcheck.cc:30 NCCL WARN Send : comm argument is NULL
c0b58536a5f1:1906493:1908410 [0] NCCL INFO enqueue.cc:1603 -> 4
c0b58536a5f1:1906493:1908410 [0] NCCL INFO group.cc:95 -> 4

c0b58536a5f1:1906493:1908408 [0] misc/argcheck.cc:30 NCCL WARN Send : comm argument is NULL
c0b58536a5f1:1906493:1908408 [0] NCCL INFO enqueue.cc:1603 -> 4
c0b58536a5f1:1906493:1908408 [0] NCCL INFO group.cc:95 -> 4

c0b58536a5f1:1906493:1908411 [0] misc/argcheck.cc:30 NCCL WARN Recv : comm argument is NULL
c0b58536a5f1:1906493:1908411 [0] NCCL INFO enqueue.cc:1603 -> 4
c0b58536a5f1:1906493:1908411 [0] NCCL INFO group.cc:95 -> 4

c0b58536a5f1:1906493:1908409 [0] misc/argcheck.cc:30 NCCL WARN Recv : comm argument is NULL
c0b58536a5f1:1906493:1908409 [0] NCCL INFO enqueue.cc:1603 -> 4
c0b58536a5f1:1906493:1908409 [0] NCCL INFO group.cc:95 -> 4
c0b58536a5f1:1906493:1906493 [1] NCCL INFO AllReduce: opCount 27 sendbuff 0x7fba533f9800 recvbuff 0x7fba533f9800 count 1 datatype 2 op 0 root 0 comm 0x55f3ea289900 [nranks=2] stream 0x55f3ea28d6f0
c0b58536a5f1:1906493:1908331 [1] NCCL INFO [Service thread] Connection closed by localRank 0
c0b58536a5f1:1906493:1906493 [1] NCCL INFO comm 0x55f407953290 rank 0 nranks 1 cudaDev 1 busId 2d000 - Abort COMPLETE
c0b58536a5f1:1906493:1908340 [1] NCCL INFO [Service thread] Connection closed by localRank 1
c0b58536a5f1:1906493:1906493 [1] NCCL INFO comm 0x55f4089b1bc0 rank 1 nranks 2 cudaDev 1 busId 2d000 - Abort COMPLETE
c0b58536a5f1:1906493:1907715 [1] NCCL INFO [Service thread] Connection closed by localRank 1
c0b58536a5f1:1906493:1906493 [1] NCCL INFO comm 0x55f3f1b8c250 rank 1 nranks 2 cudaDev 1 busId 2d000 - Abort COMPLETE
c0b58536a5f1:1906493:1906965 [1] NCCL INFO [Service thread] Connection closed by localRank 1
c0b58536a5f1:1906493:1906493 [1] NCCL INFO comm 0x55f3ea289900 rank 1 nranks 2 cudaDev 1 busId 2d000 - Abort COMPLETE
:1908417 [0] misc/argcheck.cc:30 NCCL WARN Recv : comm argument is NULL
c0b58536a5f1:1906492:1908417 [0] NCCL INFO enqueue.cc:1603 -> 4
c0b58536a5f1:1906492:1908417 [0] NCCL INFO group.cc:95 -> 4

c0b58536a5f1:1906492:1908415 [0] misc/argcheck.cc:30 NCCL WARN Recv : comm argument is NULL
c0b58536a5f1:1906492:1908415 [0] NCCL INFO enqueue.cc:1603 -> 4
c0b58536a5f1:1906492:1908415 [0] NCCL INFO group.cc:95 -> 4

c0b58536a5f1:1906492:1908416 [0] misc/argcheck.cc:30 NCCL WARN Send : comm argument is NULL
c0b58536a5f1:1906492:1908416 [0] NCCL INFO enqueue.cc:1603 -> 4
c0b58536a5f1:1906492:1908416 [0] NCCL INFO group.cc:95 -> 4

c0b58536a5f1:1906492:1908414 [0] misc/argcheck.cc:30 NCCL WARN Send : comm argument is NULL
c0b58536a5f1:1906492:1908414 [0] NCCL INFO enqueue.cc:1603 -> 4
c0b58536a5f1:1906492:1908414 [0] NCCL INFO group.cc:95 -> 4

c0b58536a5f1:1906492:1908416 [0] misc/argcheck.cc:30 NCCL WARN Send : comm argument is NULL
c0b58536a5f1:1906492:1908416 [0] NCCL INFO enqueue.cc:1603 -> 4
c0b58536a5f1:1906492:1908416 [0] NCCL INFO group.cc:95 -> 4

c0b58536a5f1:1906492:1908415 [0] misc/argcheck.cc:30 NCCL WARN Recv : comm argument is NULL
c0b58536a5f1:1906492:1908415 [0] NCCL INFO enqueue.cc:1603 -> 4
c0b58536a5f1:1906492:1908415 [0] NCCL INFO group.cc:95 -> 4

c0b58536a5f1:1906492:1908417 [0] misc/argcheck.cc:30 NCCL WARN Recv : comm argument is NULL
c0b58536a5f1:1906492:1908417 [0] NCCL INFO enqueue.cc:1603 -> 4
c0b58536a5f1:1906492:1908417 [0] NCCL INFO group.cc:95 -> 4

c0b58536a5f1:1906492:1908416 [0] misc/argcheck.cc:30 NCCL WARN Send : comm argument is NULL
c0b58536a5f1:1906492:1908416 [0] NCCL INFO enqueue.cc:1603 -> 4
c0b58536a5f1:1906492:1908416 [0] NCCL INFO group.cc:95 -> 4

c0b58536a5f1:1906492:1908415 [0] misc/argcheck.cc:30 NCCL WARN Recv : comm argument is NULL
c0b58536a5f1:1906492:1908415 [0] NCCL INFO enqueue.cc:1603 -> 4
c0b58536a5f1:1906492:1908415 [0] NCCL INFO group.cc:95 -> 4

c0b58536a5f1:1906492:1908414 [0] misc/argcheck.cc:30 NCCL WARN Send : comm argument is NULL
c0b58536a5f1:1906492:1908414 [0] NCCL INFO enqueue.cc:1603 -> 4
c0b58536a5f1:1906492:1908414 [0] NCCL INFO group.cc:95 -> 4

c0b58536a5f1:1906492:1908417 [0] misc/argcheck.cc:30 NCCL WARN Recv : comm argument is NULL
c0b58536a5f1:1906492:1908417 [0] NCCL INFO enqueue.cc:1603 -> 4
c0b58536a5f1:1906492:1908417 [0] NCCL INFO group.cc:95 -> 4

c0b58536a5f1:1906492:1908414 [0] misc/argcheck.cc:30 NCCL WARN Send : comm argument is NULL
c0b58536a5f1:1906492:1908414 [0] NCCL INFO enqueue.cc:1603 -> 4
c0b58536a5f1:1906492:1908414 [0] NCCL INFO group.cc:95 -> 4

c0b58536a5f1:1906492:1908415 [0] misc/argcheck.cc:30 NCCL WARN Recv : comm argument is NULL
c0b58536a5f1:1906492:1908415 [0] NCCL INFO enqueue.cc:1603 -> 4
c0b58536a5f1:1906492:1908415 [0] NCCL INFO group.cc:95 -> 4

c0b58536a5f1:1906492:1908417 [0] misc/argcheck.cc:30 NCCL WARN Recv : comm argument is NULL
c0b58536a5f1:1906492:1908417 [0] NCCL INFO enqueue.cc:1603 -> 4
c0b58536a5f1:1906492:1908417 [0] NCCL INFO group.cc:95 -> 4

c0b58536a5f1:1906492:1908416 [0] misc/argcheck.cc:30 NCCL WARN Send : comm argument is NULL
c0b58536a5f1:1906492:1908416 [0] NCCL INFO enqueue.cc:1603 -> 4
c0b58536a5f1:1906492:1908416 [0] NCCL INFO group.cc:95 -> 4

c0b58536a5f1:1906492:1908414 [0] misc/argcheck.cc:30 NCCL WARN Send : comm argument is NULL
c0b58536a5f1:1906492:1908414 [0] NCCL INFO enqueue.cc:1603 -> 4
c0b58536a5f1:1906492:1908414 [0] NCCL INFO group.cc:95 -> 4

c0b58536a5f1:1906492:1908415 [0] misc/argcheck.cc:30 NCCL WARN Recv : comm argument is NULL
c0b58536a5f1:1906492:1908415 [0] NCCL INFO enqueue.cc:1603 -> 4
c0b58536a5f1:1906492:1908415 [0] NCCL INFO group.cc:95 -> 4

c0b58536a5f1:1906492:1908417 [0] misc/argcheck.cc:30 NCCL WARN Recv : comm argument is NULL
c0b58536a5f1:1906492:1908417 [0] NCCL INFO enqueue.cc:1603 -> 4
c0b58536a5f1:1906492:1908417 [0] NCCL INFO group.cc:95 -> 4

c0b58536a5f1:1906492:1908416 [0] misc/argcheck.cc:30 NCCL WARN Send : comm argument is NULL
c0b58536a5f1:1906492:1908416 [0] NCCL INFO enqueue.cc:1603 -> 4
c0b58536a5f1:1906492:1908416 [0] NCCL INFO group.cc:95 -> 4

c0b58536a5f1:1906492:1908416 [0] misc/argcheck.cc:30 NCCL WARN Send : comm argument is NULL
c0b58536a5f1:1906492:1908416 [0] NCCL INFO enqueue.cc:1603 -> 4
c0b58536a5f1:1906492:1908416 [0] NCCL INFO group.cc:95 -> 4

c0b58536a5f1:1906492:1908417 [0] misc/argcheck.cc:30 NCCL WARN Recv : comm argument is NULL
c0b58536a5f1:1906492:1908417 [0] NCCL INFO enqueue.cc:1603 -> 4
c0b58536a5f1:1906492:1908417 [0] NCCL INFO group.cc:95 -> 4

c0b58536a5f1:1906492:1908415 [0] misc/argcheck.cc:30 NCCL WARN Recv : comm argument is NULL
c0b58536a5f1:1906492:1908415 [0] NCCL INFO enqueue.cc:1603 -> 4
c0b58536a5f1:1906492:1908415 [0] NCCL INFO group.cc:95 -> 4

c0b58536a5f1:1906492:1908414 [0] misc/argcheck.cc:30 NCCL WARN Send : comm argument is NULL
c0b58536a5f1:1906492:1908414 [0] NCCL INFO enqueue.cc:1603 -> 4
c0b58536a5f1:1906492:1908414 [0] NCCL INFO group.cc:95 -> 4

c0b58536a5f1:1906492:1908416 [0] misc/argcheck.cc:30 NCCL WARN Send : comm argument is NULL
c0b58536a5f1:1906492:1908416 [0] NCCL INFO enqueue.cc:1603 -> 4
c0b58536a5f1:1906492:1908416 [0] NCCL INFO group.cc:95 -> 4

c0b58536a5f1:1906492:1908417 [0] misc/argcheck.cc:30 NCCL WARN Recv : comm argument is NULL
c0b58536a5f1:1906492:1908417 [0] NCCL INFO enqueue.cc:1603 -> 4
c0b58536a5f1:1906492:1908417 [0] NCCL INFO group.cc:95 -> 4

c0b58536a5f1:1906492:1908415 [0] misc/argcheck.cc:30 NCCL WARN Recv : comm argument is NULL
c0b58536a5f1:1906492:1908415 [0] NCCL INFO enqueue.cc:1603 -> 4
c0b58536a5f1:1906492:1908415 [0] NCCL INFO group.cc:95 -> 4

c0b58536a5f1:1906492:1908414 [0] misc/argcheck.cc:30 NCCL WARN Send : comm argument is NULL
c0b58536a5f1:1906492:1908414 [0] NCCL INFO enqueue.cc:1603 -> 4
c0b58536a5f1:1906492:1908414 [0] NCCL INFO group.cc:95 -> 4

c0b58536a5f1:1906492:1908414 [0] misc/argcheck.cc:30 NCCL WARN Send : comm argument is NULL
c0b58536a5f1:1906492:1908414 [0] NCCL INFO enqueue.cc:1603 -> 4
c0b58536a5f1:1906492:1908414 [0] NCCL INFO group.cc:95 -> 4

c0b58536a5f1:1906492:1908415 [0] misc/argcheck.cc:30 NCCL WARN Recv : comm argument is NULL
c0b58536a5f1:1906492:1908415 [0] NCCL INFO enqueue.cc:1603 -> 4
c0b58536a5f1:1906492:1908415 [0] NCCL INFO group.cc:95 -> 4

c0b58536a5f1:1906492:1908416 [0] misc/argcheck.cc:30 NCCL WARN Send : comm argument is NULL
c0b58536a5f1:1906492:1908416 [0] NCCL INFO enqueue.cc:1603 -> 4
c0b58536a5f1:1906492:1908416 [0] NCCL INFO group.cc:95 -> 4

c0b58536a5f1:1906492:1908417 [0] misc/argcheck.cc:30 NCCL WARN Recv : comm argument is NULL
c0b58536a5f1:1906492:1908417 [0] NCCL INFO enqueue.cc:1603 -> 4
c0b58536a5f1:1906492:1908417 [0] NCCL INFO group.cc:95 -> 4

c0b58536a5f1:1906492:1908417 [0] misc/argcheck.cc:30 NCCL WARN Recv : comm argument is NULL
c0b58536a5f1:1906492:1908417 [0] NCCL INFO enqueue.cc:1603 -> 4
c0b58536a5f1:1906492:1908417 [0] NCCL INFO group.cc:95 -> 4

c0b58536a5f1:1906492:1908416 [0] misc/argcheck.cc:30 NCCL WARN Send : comm argument is NULL
c0b58536a5f1:1906492:1908416 [0] NCCL INFO enqueue.cc:1603 -> 4
c0b58536a5f1:1906492:1908416 [0] NCCL INFO group.cc:95 -> 4

c0b58536a5f1:1906492:1908415 [0] misc/argcheck.cc:30 NCCL WARN Recv : comm argument is NULL
c0b58536a5f1:1906492:1908415 [0] NCCL INFO enqueue.cc:1603 -> 4
c0b58536a5f1:1906492:1908415 [0] NCCL INFO group.cc:95 -> 4

c0b58536a5f1:1906492:1908414 [0] misc/argcheck.cc:30 NCCL WARN Send : comm argument is NULL
c0b58536a5f1:1906492:1908414 [0] NCCL INFO enqueue.cc:1603 -> 4
c0b58536a5f1:1906492:1908414 [0] NCCL INFO group.cc:95 -> 4

c0b58536a5f1:1906492:1908414 [0] misc/argcheck.cc:30 NCCL WARN Send : comm argument is NULL
c0b58536a5f1:1906492:1908414 [0] NCCL INFO enqueue.cc:1603 -> 4
c0b58536a5f1:1906492:1908414 [0] NCCL INFO group.cc:95 -> 4

c0b58536a5f1:1906492:1908417 [0] misc/argcheck.cc:30 NCCL WARN Recv : comm argument is NULL
c0b58536a5f1:1906492:1908417 [0] NCCL INFO enqueue.cc:1603 -> 4
c0b58536a5f1:1906492:1908417 [0] NCCL INFO group.cc:95 -> 4

c0b58536a5f1:1906492:1908416 [0] misc/argcheck.cc:30 NCCL WARN Send : comm argument is NULL
c0b58536a5f1:1906492:1908416 [0] NCCL INFO enqueue.cc:1603 -> 4
c0b58536a5f1:1906492:1908416 [0] NCCL INFO group.cc:95 -> 4

c0b58536a5f1:1906492:1908415 [0] misc/argcheck.cc:30 NCCL WARN Recv : comm argument is NULL
c0b58536a5f1:1906492:1908415 [0] NCCL INFO enqueue.cc:1603 -> 4
c0b58536a5f1:1906492:1908415 [0] NCCL INFO group.cc:95 -> 4

c0b58536a5f1:1906492:1908417 [0] misc/argcheck.cc:30 NCCL WARN Recv : comm argument is NULL
c0b58536a5f1:1906492:1908417 [0] NCCL INFO enqueue.cc:1603 -> 4
c0b58536a5f1:1906492:1908417 [0] NCCL INFO group.cc:95 -> 4

c0b58536a5f1:1906492:1908416 [0] misc/argcheck.cc:30 NCCL WARN Send : comm argument is NULL
c0b58536a5f1:1906492:1908416 [0] NCCL INFO enqueue.cc:1603 -> 4
c0b58536a5f1:1906492:1908416 [0] NCCL INFO group.cc:95 -> 4

c0b58536a5f1:1906492:1908414 [0] misc/argcheck.cc:30 NCCL WARN Send : comm argument is NULL
c0b58536a5f1:1906492:1908414 [0] NCCL INFO enqueue.cc:1603 -> 4
c0b58536a5f1:1906492:1908414 [0] NCCL INFO group.cc:95 -> 4

c0b58536a5f1:1906492:1908415 [0] misc/argcheck.cc:30 NCCL WARN Recv : comm argument is NULL
c0b58536a5f1:1906492:1908415 [0] NCCL INFO enqueue.cc:1603 -> 4
c0b58536a5f1:1906492:1908415 [0] NCCL INFO group.cc:95 -> 4

c0b58536a5f1:1906492:1908415 [0] misc/argcheck.cc:30 NCCL WARN Recv : comm argument is NULL
c0b58536a5f1:1906492:1908415 [0] NCCL INFO enqueue.cc:1603 -> 4
c0b58536a5f1:1906492:1908415 [0] NCCL INFO group.cc:95 -> 4

c0b58536a5f1:1906492:1908414 [0] misc/argcheck.cc:30 NCCL WARN Send : comm argument is NULL
c0b58536a5f1:1906492:1908414 [0] NCCL INFO enqueue.cc:1603 -> 4
c0b58536a5f1:1906492:1908414 [0] NCCL INFO group.cc:95 -> 4

c0b58536a5f1:1906492:1908416 [0] misc/argcheck.cc:30 NCCL WARN Send : comm argument is NULL
c0b58536a5f1:1906492:1908416 [0] NCCL INFO enqueue.cc:1603 -> 4
c0b58536a5f1:1906492:1908416 [0] NCCL INFO group.cc:95 -> 4

c0b58536a5f1:1906492:1908417 [0] misc/argcheck.cc:30 NCCL WARN Recv : comm argument is NULL
c0b58536a5f1:1906492:1908417 [0] NCCL INFO enqueue.cc:1603 -> 4
c0b58536a5f1:1906492:1908417 [0] NCCL INFO group.cc:95 -> 4

c0b58536a5f1:1906492:1908415 [0] misc/argcheck.cc:30 NCCL WARN Recv : comm argument is NULL
c0b58536a5f1:1906492:1908415 [0] NCCL INFO enqueue.cc:1603 -> 4
c0b58536a5f1:1906492:1908415 [0] NCCL INFO group.cc:95 -> 4

c0b58536a5f1:1906492:1908417 [0] misc/argcheck.cc:30 NCCL WARN Recv : comm argument is NULL
c0b58536a5f1:1906492:1908417 [0] NCCL INFO enqueue.cc:1603 -> 4
c0b58536a5f1:1906492:1908417 [0] NCCL INFO group.cc:95 -> 4

c0b58536a5f1:1906492:1908414 [0] misc/argcheck.cc:30 NCCL WARN Send : comm argument is NULL
c0b58536a5f1:1906492:1908414 [0] NCCL INFO enqueue.cc:1603 -> 4
c0b58536a5f1:1906492:1908414 [0] NCCL INFO group.cc:95 -> 4

c0b58536a5f1:1906492:1908416 [0] misc/argcheck.cc:30 NCCL WARN Send : comm argument is NULL
c0b58536a5f1:1906492:1908416 [0] NCCL INFO enqueue.cc:1603 -> 4
c0b58536a5f1:1906492:1908416 [0] NCCL INFO group.cc:95 -> 4
c0b58536a5f1:1906492:1906492 [0] NCCL INFO AllReduce: opCount 27 sendbuff 0x7fe111ffc000 recvbuff 0x7fe111ffc000 count 1 datatype 2 op 0 root 0 comm 0x56328a97bc90 [nranks=2] stream 0x56328a97fa40
c0b58536a5f1:1906492:1908341 [0] NCCL INFO [Service thread] Connection closed by localRank 1
c0b58536a5f1:1906492:1907716 [0] NCCL INFO [Service thread] Connection closed by localRank 1
c0b58536a5f1:1906492:1906966 [0] NCCL INFO [Service thread] Connection closed by localRank 1
